id,fixture_id,external_event_id,commence_time,home_team,away_team,bookmaker_key,bookmaker_title,market_type,outcome_name,odds_format,american_odds,decimal_odds,implied_probability,point,source,snapshot_ts,notes,created_at
1,1.0,80d82d1113934bfbea4ce8daf37a2433,2026-06-11T19:00:00Z,Mexico,South Africa,fanduel,FanDuel,h2h,Mexico,american,-190,1.526315789473684,0.6551724137931035,,FanDuel,2026-05-16T03:34:39Z,Informational match odds snapshot from The Odds API,2026-05-16 03:35:38
2,1.0,80d82d1113934bfbea4ce8daf37a2433,2026-06-11T19:00:00Z,Mexico,South Africa,fanduel,FanDuel,h2h,South Africa,american,600,7.0,0.14285714285714285,,FanDuel,2026-05-16T03:34:39Z,Informational match odds snapshot from The Odds API,2026-05-16 03:35:38
3,1.0,80d82d1113934bfbea4ce8daf37a2433,2026-06-11T19:00:00Z,Mexico,South Africa,fanduel,FanDuel,h2h,Draw,american,310,4.1,0.24390243902439027,,FanDuel,2026-05-16T03:34:39Z,Informational match odds snapshot from The Odds API,2026-05-16 03:35:38
4,1.0,80d82d1113934bfbea4ce8daf37a2433,2026-06-11T19:00:00Z,Mexico,South Africa,draftkings,DraftKings,h2h,Mexico,american,-195,1.5128205128205128,0.6610169491525424,,DraftKings,2026-05-16T03:35:22Z,Informational match odds snapshot from The Odds API,2026-05-16 03:35:38
5,1.0,80d82d1113934bfbea4ce8daf37a2433,2026-06-11T19:00:00Z,Mexico,South Africa,draftkings,DraftKings,h2h,South Africa,american,550,6.5,0.15384615384615385,,DraftKings,2026-05-16T03:35:22Z,Informational match odds snapshot from The Odds API,2026-05-16 03:35:38
6,1.0,80d82d1113934bfbea4ce8daf37a2433,2026-06-11T19:00:00Z,Mexico,South Africa,draftkings,DraftKings,h2h,Draw,american,330,4.3,0.23255813953488372,,DraftKings,2026-05-16T03:35:22Z,Informational match odds snapshot from The Odds API,2026-05-16 03:35:38
7,1.0,80d82d1113934bfbea4ce8daf37a2433,2026-06-11T19:00:00Z,Mexico,South Africa,betrivers,BetRivers,h2h,Mexico,american,-210,1.4761904761904763,0.6774193548387096,,BetRivers,2026-05-16T03:35:23Z,Informational match odds snapshot from The Odds API,2026-05-16 03:35:38
8,1.0,80d82d1113934bfbea4ce8daf37a2433,2026-06-11T19:00:00Z,Mexico,South Africa,betrivers,BetRivers,h2h,South Africa,american,600,7.0,0.14285714285714285,,BetRivers,2026-05-16T03:35:23Z,Informational match odds snapshot from The Odds API,2026-05-16 03:35:38
9,1.0,80d82d1113934bfbea4ce8daf37a2433,2026-06-11T19:00:00Z,Mexico,South Africa,betrivers,BetRivers,h2h,Draw,american,300,4.0,0.25,,BetRivers,2026-05-16T03:35:23Z,Informational match odds snapshot from The Odds API,2026-05-16 03:35:38
10,1.0,80d82d1113934bfbea4ce8daf37a2433,2026-06-11T19:00:00Z,Mexico,South Africa,betrivers,BetRivers,totals,Over,american,100,2.0,0.5,2.5,BetRivers,2026-05-16T03:35:23Z,Informational match odds snapshot from The Odds API,2026-05-16 03:35:38
11,1.0,80d82d1113934bfbea4ce8daf37a2433,2026-06-11T19:00:00Z,Mexico,South Africa,betrivers,BetRivers,totals,Under,american,-139,1.7194244604316546,0.5815899581589958,2.5,BetRivers,2026-05-16T03:35:23Z,Informational match odds snapshot from The Odds API,2026-05-16 03:35:38
12,,384cbb5d76b535896a24fe65f93cfac8,2026-06-12T02:00:00Z,South Korea,Czechia,fanduel,FanDuel,h2h,Czech Republic,american,165,2.65,0.37735849056603776,,FanDuel,2026-05-16T03:34:39Z,Informational match odds snapshot from The Odds API,2026-05-16 03:35:38
13,,384cbb5d76b535896a24fe65f93cfac8,2026-06-12T02:00:00Z,South Korea,Czechia,fanduel,FanDuel,h2h,South Korea,american,170,2.7,0.37037037037037035,,FanDuel,2026-05-16T03:34:39Z,Informational match odds snapshot from The Odds API,2026-05-16 03:35:38
14,,384cbb5d76b535896a24fe65f93cfac8,2026-06-12T02:00:00Z,South Korea,Czechia,fanduel,FanDuel,h2h,Draw,american,220,3.2,0.3125,,FanDuel,2026-05-16T03:34:39Z,Informational match odds snapshot from The Odds API,2026-05-16 03:35:38
15,,384cbb5d76b535896a24fe65f93cfac8,2026-06-12T02:00:00Z,South Korea,Czechia,draftkings,DraftKings,h2h,Czech Republic,american,170,2.7,0.37037037037037035,,DraftKings,2026-05-16T03:35:22Z,Informational match odds snapshot from The Odds API,2026-05-16 03:35:38
16,,384cbb5d76b535896a24fe65f93cfac8,2026-06-12T02:00:00Z,South Korea,Czechia,draftkings,DraftKings,h2h,South Korea,american,175,2.75,0.36363636363636365,,DraftKings,2026-05-16T03:35:22Z,Informational match odds snapshot from The Odds API,2026-05-16 03:35:38
17,,384cbb5d76b535896a24fe65f93cfac8,2026-06-12T02:00:00Z,South Korea,Czechia,draftkings,DraftKings,h2h,Draw,american,220,3.2,0.3125,,DraftKings,2026-05-16T03:35:22Z,Informational match odds snapshot from The Odds API,2026-05-16 03:35:38
18,,384cbb5d76b535896a24fe65f93cfac8,2026-06-12T02:00:00Z,South Korea,Czechia,betrivers,BetRivers,h2h,Czech Republic,american,170,2.7,0.37037037037037035,,BetRivers,2026-05-16T03:35:23Z,Informational match odds snapshot from The Odds API,2026-05-16 03:35:38
19,,384cbb5d76b535896a24fe65f93cfac8,2026-06-12T02:00:00Z,South Korea,Czechia,betrivers,BetRivers,h2h,South Korea,american,160,2.6,0.3846153846153846,,BetRivers,2026-05-16T03:35:23Z,Informational match odds snapshot from The Odds API,2026-05-16 03:35:38
20,,384cbb5d76b535896a24fe65f93cfac8,2026-06-12T02:00:00Z,South Korea,Czechia,betrivers,BetRivers,h2h,Draw,american,215,3.15,0.31746031746031744,,BetRivers,2026-05-16T03:35:23Z,Informational match odds snapshot from The Odds API,2026-05-16 03:35:38
21,,384cbb5d76b535896a24fe65f93cfac8,2026-06-12T02:00:00Z,South Korea,Czechia,betrivers,BetRivers,totals,Over,american,118,2.1799999999999997,0.4587155963302753,2.5,BetRivers,2026-05-16T03:35:23Z,Informational match odds snapshot from The Odds API,2026-05-16 03:35:38
22,,384cbb5d76b535896a24fe65f93cfac8,2026-06-12T02:00:00Z,South Korea,Czechia,betrivers,BetRivers,totals,Under,american,-165,1.606060606060606,0.6226415094339623,2.5,BetRivers,2026-05-16T03:35:23Z,Informational match odds snapshot from The Odds API,2026-05-16 03:35:38
23,4.0,d1f4f946c70a0b4e81f5d43e9d32361c,2026-06-12T19:00:00Z,Canada,Bosnia and Herzegovina,fanduel,FanDuel,h2h,Bosnia & Herzegovina,american,380,4.8,0.20833333333333334,,FanDuel,2026-05-16T03:34:39Z,Informational match odds snapshot from The Odds API,2026-05-16 03:35:38
24,4.0,d1f4f946c70a0b4e81f5d43e9d32361c,2026-06-12T19:00:00Z,Canada,Bosnia and Herzegovina,fanduel,FanDuel,h2h,Canada,american,-145,1.6896551724137931,0.5918367346938775,,FanDuel,2026-05-16T03:34:39Z,Informational match odds snapshot from The Odds API,2026-05-16 03:35:38
25,4.0,d1f4f946c70a0b4e81f5d43e9d32361c,2026-06-12T19:00:00Z,Canada,Bosnia and Herzegovina,fanduel,FanDuel,h2h,Draw,american,260,3.6,0.2777777777777778,,FanDuel,2026-05-16T03:34:39Z,Informational match odds snapshot from The Odds API,2026-05-16 03:35:38
26,4.0,d1f4f946c70a0b4e81f5d43e9d32361c,2026-06-12T19:00:00Z,Canada,Bosnia and Herzegovina,draftkings,DraftKings,h2h,Bosnia & Herzegovina,american,340,4.4,0.22727272727272727,,DraftKings,2026-05-16T03:35:22Z,Informational match odds snapshot from The Odds API,2026-05-16 03:35:38
27,4.0,d1f4f946c70a0b4e81f5d43e9d32361c,2026-06-12T19:00:00Z,Canada,Bosnia and Herzegovina,draftkings,DraftKings,h2h,Canada,american,-125,1.8,0.5555555555555556,,DraftKings,2026-05-16T03:35:22Z,Informational match odds snapshot from The Odds API,2026-05-16 03:35:38
28,4.0,d1f4f946c70a0b4e81f5d43e9d32361c,2026-06-12T19:00:00Z,Canada,Bosnia and Herzegovina,draftkings,DraftKings,h2h,Draw,american,275,3.75,0.26666666666666666,,DraftKings,2026-05-16T03:35:22Z,Informational match odds snapshot from The Odds API,2026-05-16 03:35:38
29,4.0,d1f4f946c70a0b4e81f5d43e9d32361c,2026-06-12T19:00:00Z,Canada,Bosnia and Herzegovina,betrivers,BetRivers,h2h,Bosnia & Herzegovina,american,375,4.75,0.21052631578947367,,BetRivers,2026-05-16T03:35:23Z,Informational match odds snapshot from The Odds API,2026-05-16 03:35:38
30,4.0,d1f4f946c70a0b4e81f5d43e9d32361c,2026-06-12T19:00:00Z,Canada,Bosnia and Herzegovina,betrivers,BetRivers,h2h,Canada,american,-136,1.7352941176470589,0.576271186440678,,BetRivers,2026-05-16T03:35:23Z,Informational match odds snapshot from The Odds API,2026-05-16 03:35:38
31,4.0,d1f4f946c70a0b4e81f5d43e9d32361c,2026-06-12T19:00:00Z,Canada,Bosnia and Herzegovina,betrivers,BetRivers,h2h,Draw,american,250,3.5,0.2857142857142857,,BetRivers,2026-05-16T03:35:23Z,Informational match odds snapshot from The Odds API,2026-05-16 03:35:38
32,4.0,d1f4f946c70a0b4e81f5d43e9d32361c,2026-06-12T19:00:00Z,Canada,Bosnia and Herzegovina,betrivers,BetRivers,totals,Over,american,110,2.1,0.47619047619047616,2.5,BetRivers,2026-05-16T03:35:23Z,Informational match odds snapshot from The Odds API,2026-05-16 03:35:38
33,4.0,d1f4f946c70a0b4e81f5d43e9d32361c,2026-06-12T19:00:00Z,Canada,Bosnia and Herzegovina,betrivers,BetRivers,totals,Under,american,-152,1.6578947368421053,0.6031746031746031,2.5,BetRivers,2026-05-16T03:35:23Z,Informational match odds snapshot from The Odds API,2026-05-16 03:35:38
34,5.0,c12986f447a515fbe641addd786dbb24,2026-06-13T01:00:00Z,USA,Paraguay,fanduel,FanDuel,h2h,Paraguay,american,270,3.7,0.27027027027027023,,FanDuel,2026-05-16T03:34:39Z,Informational match odds snapshot from The Odds API,2026-05-16 03:35:38
35,5.0,c12986f447a515fbe641addd786dbb24,2026-06-13T01:00:00Z,USA,Paraguay,fanduel,FanDuel,h2h,USA,american,100,2.0,0.5,,FanDuel,2026-05-16T03:34:39Z,Informational match odds snapshot from The Odds API,2026-05-16 03:35:38
36,5.0,c12986f447a515fbe641addd786dbb24,2026-06-13T01:00:00Z,USA,Paraguay,fanduel,FanDuel,h2h,Draw,american,240,3.4,0.29411764705882354,,FanDuel,2026-05-16T03:34:39Z,Informational match odds snapshot from The Odds API,2026-05-16 03:35:38
37,5.0,c12986f447a515fbe641addd786dbb24,2026-06-13T01:00:00Z,USA,Paraguay,draftkings,DraftKings,h2h,Paraguay,american,265,3.65,0.273972602739726,,DraftKings,2026-05-16T03:35:22Z,Informational match odds snapshot from The Odds API,2026-05-16 03:35:38
38,5.0,c12986f447a515fbe641addd786dbb24,2026-06-13T01:00:00Z,USA,Paraguay,draftkings,DraftKings,h2h,USA,american,105,2.05,0.48780487804878053,,DraftKings,2026-05-16T03:35:22Z,Informational match odds snapshot from The Odds API,2026-05-16 03:35:38
39,5.0,c12986f447a515fbe641addd786dbb24,2026-06-13T01:00:00Z,USA,Paraguay,draftkings,DraftKings,h2h,Draw,american,255,3.55,0.28169014084507044,,DraftKings,2026-05-16T03:35:22Z,Informational match odds snapshot from The Odds API,2026-05-16 03:35:38
40,5.0,c12986f447a515fbe641addd786dbb24,2026-06-13T01:00:00Z,USA,Paraguay,betrivers,BetRivers,h2h,Paraguay,american,285,3.85,0.2597402597402597,,BetRivers,2026-05-16T03:35:23Z,Informational match odds snapshot from The Odds API,2026-05-16 03:35:38
41,5.0,c12986f447a515fbe641addd786dbb24,2026-06-13T01:00:00Z,USA,Paraguay,betrivers,BetRivers,h2h,USA,american,-107,1.9345794392523366,0.5169082125603864,,BetRivers,2026-05-16T03:35:23Z,Informational match odds snapshot from The Odds API,2026-05-16 03:35:38
42,5.0,c12986f447a515fbe641addd786dbb24,2026-06-13T01:00:00Z,USA,Paraguay,betrivers,BetRivers,h2h,Draw,american,240,3.4,0.29411764705882354,,BetRivers,2026-05-16T03:35:23Z,Informational match odds snapshot from The Odds API,2026-05-16 03:35:38
43,5.0,c12986f447a515fbe641addd786dbb24,2026-06-13T01:00:00Z,USA,Paraguay,betrivers,BetRivers,totals,Over,american,-109,1.9174311926605505,0.5215311004784688,2.5,BetRivers,2026-05-16T03:35:23Z,Informational match odds snapshot from The Odds API,2026-05-16 03:35:38
44,5.0,c12986f447a515fbe641addd786dbb24,2026-06-13T01:00:00Z,USA,Paraguay,betrivers,BetRivers,totals,Under,american,-129,1.7751937984496124,0.5633187772925764,2.5,BetRivers,2026-05-16T03:35:23Z,Informational match odds snapshot from The Odds API,2026-05-16 03:35:38
45,6.0,26634922d3f78c146440816023e40de8,2026-06-13T19:00:00Z,Qatar,Switzerland,fanduel,FanDuel,h2h,Qatar,american,950,10.5,0.09523809523809523,,FanDuel,2026-05-16T03:34:39Z,Informational match odds snapshot from The Odds API,2026-05-16 03:35:38
46,6.0,26634922d3f78c146440816023e40de8,2026-06-13T19:00:00Z,Qatar,Switzerland,fanduel,FanDuel,h2h,Switzerland,american,-425,1.2352941176470589,0.8095238095238095,,FanDuel,2026-05-16T03:34:39Z,Informational match odds snapshot from The Odds API,2026-05-16 03:35:38
47,6.0,26634922d3f78c146440816023e40de8,2026-06-13T19:00:00Z,Qatar,Switzerland,fanduel,FanDuel,h2h,Draw,american,470,5.7,0.17543859649122806,,FanDuel,2026-05-16T03:34:39Z,Informational match odds snapshot from The Odds API,2026-05-16 03:35:38
48,6.0,26634922d3f78c146440816023e40de8,2026-06-13T19:00:00Z,Qatar,Switzerland,draftkings,DraftKings,h2h,Qatar,american,850,9.5,0.10526315789473684,,DraftKings,2026-05-16T03:35:22Z,Informational match odds snapshot from The Odds API,2026-05-16 03:35:38
49,6.0,26634922d3f78c146440816023e40de8,2026-06-13T19:00:00Z,Qatar,Switzerland,draftkings,DraftKings,h2h,Switzerland,american,-340,1.2941176470588236,0.7727272727272727,,DraftKings,2026-05-16T03:35:22Z,Informational match odds snapshot from The Odds API,2026-05-16 03:35:38
50,6.0,26634922d3f78c146440816023e40de8,2026-06-13T19:00:00Z,Qatar,Switzerland,draftkings,DraftKings,h2h,Draw,american,500,6.0,0.16666666666666666,,DraftKings,2026-05-16T03:35:22Z,Informational match odds snapshot from The Odds API,2026-05-16 03:35:38
51,6.0,26634922d3f78c146440816023e40de8,2026-06-13T19:00:00Z,Qatar,Switzerland,betrivers,BetRivers,h2h,Qatar,american,950,10.5,0.09523809523809523,,BetRivers,2026-05-16T03:35:23Z,Informational match odds snapshot from The Odds API,2026-05-16 03:35:38
52,6.0,26634922d3f78c146440816023e40de8,2026-06-13T19:00:00Z,Qatar,Switzerland,betrivers,BetRivers,h2h,Switzerland,american,-360,1.2777777777777777,0.782608695652174,,BetRivers,2026-05-16T03:35:23Z,Informational match odds snapshot from The Odds API,2026-05-16 03:35:38
53,6.0,26634922d3f78c146440816023e40de8,2026-06-13T19:00:00Z,Qatar,Switzerland,betrivers,BetRivers,h2h,Draw,american,420,5.2,0.1923076923076923,,BetRivers,2026-05-16T03:35:23Z,Informational match odds snapshot from The Odds API,2026-05-16 03:35:38
54,6.0,26634922d3f78c146440816023e40de8,2026-06-13T19:00:00Z,Qatar,Switzerland,betrivers,BetRivers,totals,Over,american,-152,1.6578947368421053,0.6031746031746031,2.5,BetRivers,2026-05-16T03:35:23Z,Informational match odds snapshot from The Odds API,2026-05-16 03:35:38
55,6.0,26634922d3f78c146440816023e40de8,2026-06-13T19:00:00Z,Qatar,Switzerland,betrivers,BetRivers,totals,Under,american,108,2.08,0.4807692307692307,2.5,BetRivers,2026-05-16T03:35:23Z,Informational match odds snapshot from The Odds API,2026-05-16 03:35:38
56,7.0,f6c8748a16516e0998f95de14235432a,2026-06-13T22:00:00Z,Brazil,Morocco,fanduel,FanDuel,h2h,Brazil,american,-190,1.526315789473684,0.6551724137931035,,FanDuel,2026-05-16T03:34:39Z,Informational match odds snapshot from The Odds API,2026-05-16 03:35:38
57,7.0,f6c8748a16516e0998f95de14235432a,2026-06-13T22:00:00Z,Brazil,Morocco,fanduel,FanDuel,h2h,Morocco,american,470,5.7,0.17543859649122806,,FanDuel,2026-05-16T03:34:39Z,Informational match odds snapshot from The Odds API,2026-05-16 03:35:38
58,7.0,f6c8748a16516e0998f95de14235432a,2026-06-13T22:00:00Z,Brazil,Morocco,fanduel,FanDuel,h2h,Draw,american,300,4.0,0.25,,FanDuel,2026-05-16T03:34:39Z,Informational match odds snapshot from The Odds API,2026-05-16 03:35:38
59,7.0,f6c8748a16516e0998f95de14235432a,2026-06-13T22:00:00Z,Brazil,Morocco,draftkings,DraftKings,h2h,Brazil,american,-155,1.6451612903225805,0.607843137254902,,DraftKings,2026-05-16T03:35:22Z,Informational match odds snapshot from The Odds API,2026-05-16 03:35:38
60,7.0,f6c8748a16516e0998f95de14235432a,2026-06-13T22:00:00Z,Brazil,Morocco,draftkings,DraftKings,h2h,Morocco,american,450,5.5,0.18181818181818182,,DraftKings,2026-05-16T03:35:22Z,Informational match odds snapshot from The Odds API,2026-05-16 03:35:38
61,7.0,f6c8748a16516e0998f95de14235432a,2026-06-13T22:00:00Z,Brazil,Morocco,draftkings,DraftKings,h2h,Draw,american,290,3.9,0.25641025641025644,,DraftKings,2026-05-16T03:35:22Z,Informational match odds snapshot from The Odds API,2026-05-16 03:35:38
62,7.0,f6c8748a16516e0998f95de14235432a,2026-06-13T22:00:00Z,Brazil,Morocco,betrivers,BetRivers,h2h,Brazil,american,-167,1.5988023952095807,0.6254681647940076,,BetRivers,2026-05-16T03:35:23Z,Informational match odds snapshot from The Odds API,2026-05-16 03:35:38
63,7.0,f6c8748a16516e0998f95de14235432a,2026-06-13T22:00:00Z,Brazil,Morocco,betrivers,BetRivers,h2h,Morocco,american,450,5.5,0.18181818181818182,,BetRivers,2026-05-16T03:35:23Z,Informational match odds snapshot from The Odds API,2026-05-16 03:35:38
64,7.0,f6c8748a16516e0998f95de14235432a,2026-06-13T22:00:00Z,Brazil,Morocco,betrivers,BetRivers,h2h,Draw,american,280,3.8,0.2631578947368421,,BetRivers,2026-05-16T03:35:23Z,Informational match odds snapshot from The Odds API,2026-05-16 03:35:38
65,7.0,f6c8748a16516e0998f95de14235432a,2026-06-13T22:00:00Z,Brazil,Morocco,betrivers,BetRivers,totals,Over,american,-108,1.925925925925926,0.5192307692307692,2.5,BetRivers,2026-05-16T03:35:23Z,Informational match odds snapshot from The Odds API,2026-05-16 03:35:38
66,7.0,f6c8748a16516e0998f95de14235432a,2026-06-13T22:00:00Z,Brazil,Morocco,betrivers,BetRivers,totals,Under,american,-129,1.7751937984496124,0.5633187772925764,2.5,BetRivers,2026-05-16T03:35:23Z,Informational match odds snapshot from The Odds API,2026-05-16 03:35:38
67,8.0,5ae41a06735c926eeb7f74006933adce,2026-06-14T01:00:00Z,Haiti,Scotland,fanduel,FanDuel,h2h,Haiti,american,700,8.0,0.125,,FanDuel,2026-05-16T03:34:39Z,Informational match odds snapshot from The Odds API,2026-05-16 03:35:38
68,8.0,5ae41a06735c926eeb7f74006933adce,2026-06-14T01:00:00Z,Haiti,Scotland,fanduel,FanDuel,h2h,Scotland,american,-310,1.3225806451612903,0.7560975609756098,,FanDuel,2026-05-16T03:34:39Z,Informational match odds snapshot from The Odds API,2026-05-16 03:35:38
69,8.0,5ae41a06735c926eeb7f74006933adce,2026-06-14T01:00:00Z,Haiti,Scotland,fanduel,FanDuel,h2h,Draw,american,390,4.9,0.2040816326530612,,FanDuel,2026-05-16T03:34:39Z,Informational match odds snapshot from The Odds API,2026-05-16 03:35:38
70,8.0,5ae41a06735c926eeb7f74006933adce,2026-06-14T01:00:00Z,Haiti,Scotland,draftkings,DraftKings,h2h,Haiti,american,600,7.0,0.14285714285714285,,DraftKings,2026-05-16T03:35:22Z,Informational match odds snapshot from The Odds API,2026-05-16 03:35:38
71,8.0,5ae41a06735c926eeb7f74006933adce,2026-06-14T01:00:00Z,Haiti,Scotland,draftkings,DraftKings,h2h,Scotland,american,-235,1.425531914893617,0.7014925373134329,,DraftKings,2026-05-16T03:35:22Z,Informational match odds snapshot from The Odds API,2026-05-16 03:35:38
72,8.0,5ae41a06735c926eeb7f74006933adce,2026-06-14T01:00:00Z,Haiti,Scotland,draftkings,DraftKings,h2h,Draw,american,400,5.0,0.2,,DraftKings,2026-05-16T03:35:22Z,Informational match odds snapshot from The Odds API,2026-05-16 03:35:38
73,8.0,5ae41a06735c926eeb7f74006933adce,2026-06-14T01:00:00Z,Haiti,Scotland,betrivers,BetRivers,h2h,Haiti,american,650,7.5,0.13333333333333333,,BetRivers,2026-05-16T03:35:23Z,Informational match odds snapshot from The Odds API,2026-05-16 03:35:38
74,8.0,5ae41a06735c926eeb7f74006933adce,2026-06-14T01:00:00Z,Haiti,Scotland,betrivers,BetRivers,h2h,Scotland,american,-240,1.4166666666666667,0.7058823529411764,,BetRivers,2026-05-16T03:35:23Z,Informational match odds snapshot from The Odds API,2026-05-16 03:35:38
75,8.0,5ae41a06735c926eeb7f74006933adce,2026-06-14T01:00:00Z,Haiti,Scotland,betrivers,BetRivers,h2h,Draw,american,325,4.25,0.23529411764705882,,BetRivers,2026-05-16T03:35:23Z,Informational match odds snapshot from The Odds API,2026-05-16 03:35:38
76,8.0,5ae41a06735c926eeb7f74006933adce,2026-06-14T01:00:00Z,Haiti,Scotland,betrivers,BetRivers,totals,Over,american,-129,1.7751937984496124,0.5633187772925764,2.5,BetRivers,2026-05-16T03:35:23Z,Informational match odds snapshot from The Odds API,2026-05-16 03:35:38
77,8.0,5ae41a06735c926eeb7f74006933adce,2026-06-14T01:00:00Z,Haiti,Scotland,betrivers,BetRivers,totals,Under,american,-108,1.925925925925926,0.5192307692307692,2.5,BetRivers,2026-05-16T03:35:23Z,Informational match odds snapshot from The Odds API,2026-05-16 03:35:38
78,,564084f52cc9f1abcc18187c168a7cdc,2026-06-14T04:00:00Z,Australia,Türkiye,fanduel,FanDuel,h2h,Australia,american,340,4.4,0.22727272727272727,,FanDuel,2026-05-16T03:34:39Z,Informational match odds snapshot from The Odds API,2026-05-16 03:35:38
79,,564084f52cc9f1abcc18187c168a7cdc,2026-06-14T04:00:00Z,Australia,Türkiye,fanduel,FanDuel,h2h,Turkey,american,-130,1.7692307692307692,0.5652173913043479,,FanDuel,2026-05-16T03:34:39Z,Informational match odds snapshot from The Odds API,2026-05-16 03:35:38
80,,564084f52cc9f1abcc18187c168a7cdc,2026-06-14T04:00:00Z,Australia,Türkiye,fanduel,FanDuel,h2h,Draw,american,250,3.5,0.2857142857142857,,FanDuel,2026-05-16T03:34:39Z,Informational match odds snapshot from The Odds API,2026-05-16 03:35:38
81,,564084f52cc9f1abcc18187c168a7cdc,2026-06-14T04:00:00Z,Australia,Türkiye,draftkings,DraftKings,h2h,Australia,american,340,4.4,0.22727272727272727,,DraftKings,2026-05-16T03:35:22Z,Informational match odds snapshot from The Odds API,2026-05-16 03:35:38
82,,564084f52cc9f1abcc18187c168a7cdc,2026-06-14T04:00:00Z,Australia,Türkiye,draftkings,DraftKings,h2h,Turkey,american,-125,1.8,0.5555555555555556,,DraftKings,2026-05-16T03:35:22Z,Informational match odds snapshot from The Odds API,2026-05-16 03:35:38
83,,564084f52cc9f1abcc18187c168a7cdc,2026-06-14T04:00:00Z,Australia,Türkiye,draftkings,DraftKings,h2h,Draw,american,275,3.75,0.26666666666666666,,DraftKings,2026-05-16T03:35:22Z,Informational match odds snapshot from The Odds API,2026-05-16 03:35:38
84,,564084f52cc9f1abcc18187c168a7cdc,2026-06-14T04:00:00Z,Australia,Türkiye,betrivers,BetRivers,h2h,Australia,american,350,4.5,0.2222222222222222,,BetRivers,2026-05-16T03:35:23Z,Informational match odds snapshot from The Odds API,2026-05-16 03:35:38
85,,564084f52cc9f1abcc18187c168a7cdc,2026-06-14T04:00:00Z,Australia,Türkiye,betrivers,BetRivers,h2h,Turkey,american,-127,1.7874015748031495,0.5594713656387665,,BetRivers,2026-05-16T03:35:23Z,Informational match odds snapshot from The Odds API,2026-05-16 03:35:38
86,,564084f52cc9f1abcc18187c168a7cdc,2026-06-14T04:00:00Z,Australia,Türkiye,betrivers,BetRivers,h2h,Draw,american,245,3.45,0.2898550724637681,,BetRivers,2026-05-16T03:35:23Z,Informational match odds snapshot from The Odds API,2026-05-16 03:35:38
87,,564084f52cc9f1abcc18187c168a7cdc,2026-06-14T04:00:00Z,Australia,Türkiye,betrivers,BetRivers,totals,Over,american,102,2.02,0.49504950495049505,2.5,BetRivers,2026-05-16T03:35:23Z,Informational match odds snapshot from The Odds API,2026-05-16 03:35:38
88,,564084f52cc9f1abcc18187c168a7cdc,2026-06-14T04:00:00Z,Australia,Türkiye,betrivers,BetRivers,totals,Under,american,-141,1.7092198581560285,0.5850622406639003,2.5,BetRivers,2026-05-16T03:35:23Z,Informational match odds snapshot from The Odds API,2026-05-16 03:35:38
89,10.0,d79edbd6aaeb578d33e313446b18d333,2026-06-14T17:00:00Z,Germany,Curaçao,fanduel,FanDuel,h2h,Curaçao,american,4000,41.0,0.024390243902439025,,FanDuel,2026-05-16T03:34:39Z,Informational match odds snapshot from The Odds API,2026-05-16 03:35:38
90,10.0,d79edbd6aaeb578d33e313446b18d333,2026-06-14T17:00:00Z,Germany,Curaçao,fanduel,FanDuel,h2h,Germany,american,-2000,1.05,0.9523809523809523,,FanDuel,2026-05-16T03:34:39Z,Informational match odds snapshot from The Odds API,2026-05-16 03:35:38
91,10.0,d79edbd6aaeb578d33e313446b18d333,2026-06-14T17:00:00Z,Germany,Curaçao,fanduel,FanDuel,h2h,Draw,american,1400,15.0,0.06666666666666667,,FanDuel,2026-05-16T03:34:39Z,Informational match odds snapshot from The Odds API,2026-05-16 03:35:38
92,10.0,d79edbd6aaeb578d33e313446b18d333,2026-06-14T17:00:00Z,Germany,Curaçao,draftkings,DraftKings,h2h,Curaçao,american,3000,31.0,0.03225806451612903,,DraftKings,2026-05-16T03:35:22Z,Informational match odds snapshot from The Odds API,2026-05-16 03:35:38
93,10.0,d79edbd6aaeb578d33e313446b18d333,2026-06-14T17:00:00Z,Germany,Curaçao,draftkings,DraftKings,h2h,Germany,american,-5000,1.02,0.9803921568627451,,DraftKings,2026-05-16T03:35:22Z,Informational match odds snapshot from The Odds API,2026-05-16 03:35:38
94,10.0,d79edbd6aaeb578d33e313446b18d333,2026-06-14T17:00:00Z,Germany,Curaçao,draftkings,DraftKings,h2h,Draw,american,1800,19.0,0.05263157894736842,,DraftKings,2026-05-16T03:35:22Z,Informational match odds snapshot from The Odds API,2026-05-16 03:35:38
95,10.0,d79edbd6aaeb578d33e313446b18d333,2026-06-14T17:00:00Z,Germany,Curaçao,betrivers,BetRivers,h2h,Curaçao,american,4500,46.0,0.021739130434782608,,BetRivers,2026-05-16T03:35:23Z,Informational match odds snapshot from The Odds API,2026-05-16 03:35:38
96,10.0,d79edbd6aaeb578d33e313446b18d333,2026-06-14T17:00:00Z,Germany,Curaçao,betrivers,BetRivers,h2h,Germany,american,-10000,1.01,0.9900990099009901,,BetRivers,2026-05-16T03:35:23Z,Informational match odds snapshot from The Odds API,2026-05-16 03:35:38
97,10.0,d79edbd6aaeb578d33e313446b18d333,2026-06-14T17:00:00Z,Germany,Curaçao,betrivers,BetRivers,h2h,Draw,american,1600,17.0,0.058823529411764705,,BetRivers,2026-05-16T03:35:23Z,Informational match odds snapshot from The Odds API,2026-05-16 03:35:38
98,10.0,d79edbd6aaeb578d33e313446b18d333,2026-06-14T17:00:00Z,Germany,Curaçao,betrivers,BetRivers,totals,Over,american,120,2.2,0.45454545454545453,4.5,BetRivers,2026-05-16T03:35:23Z,Informational match odds snapshot from The Odds API,2026-05-16 03:35:38
99,10.0,d79edbd6aaeb578d33e313446b18d333,2026-06-14T17:00:00Z,Germany,Curaçao,betrivers,BetRivers,totals,Under,american,-175,1.5714285714285714,0.6363636363636364,4.5,BetRivers,2026-05-16T03:35:23Z,Informational match odds snapshot from The Odds API,2026-05-16 03:35:38
100,11.0,32ec06abda2398ac41501c86eb9aa376,2026-06-14T20:00:00Z,Netherlands,Japan,fanduel,FanDuel,h2h,Japan,american,260,3.6,0.2777777777777778,,FanDuel,2026-05-16T03:34:39Z,Informational match odds snapshot from The Odds API,2026-05-16 03:35:38
101,11.0,32ec06abda2398ac41501c86eb9aa376,2026-06-14T20:00:00Z,Netherlands,Japan,fanduel,FanDuel,h2h,Netherlands,american,100,2.0,0.5,,FanDuel,2026-05-16T03:34:39Z,Informational match odds snapshot from The Odds API,2026-05-16 03:35:38
102,11.0,32ec06abda2398ac41501c86eb9aa376,2026-06-14T20:00:00Z,Netherlands,Japan,fanduel,FanDuel,h2h,Draw,american,250,3.5,0.2857142857142857,,FanDuel,2026-05-16T03:34:39Z,Informational match odds snapshot from The Odds API,2026-05-16 03:35:38
103,11.0,32ec06abda2398ac41501c86eb9aa376,2026-06-14T20:00:00Z,Netherlands,Japan,draftkings,DraftKings,h2h,Japan,american,240,3.4,0.29411764705882354,,DraftKings,2026-05-16T03:35:22Z,Informational match odds snapshot from The Odds API,2026-05-16 03:35:38
104,11.0,32ec06abda2398ac41501c86eb9aa376,2026-06-14T20:00:00Z,Netherlands,Japan,draftkings,DraftKings,h2h,Netherlands,american,100,2.0,0.5,,DraftKings,2026-05-16T03:35:22Z,Informational match odds snapshot from The Odds API,2026-05-16 03:35:38
105,11.0,32ec06abda2398ac41501c86eb9aa376,2026-06-14T20:00:00Z,Netherlands,Japan,draftkings,DraftKings,h2h,Draw,american,260,3.6,0.2777777777777778,,DraftKings,2026-05-16T03:35:22Z,Informational match odds snapshot from The Odds API,2026-05-16 03:35:38
106,11.0,32ec06abda2398ac41501c86eb9aa376,2026-06-14T20:00:00Z,Netherlands,Japan,betrivers,BetRivers,h2h,Japan,american,260,3.6,0.2777777777777778,,BetRivers,2026-05-16T03:35:23Z,Informational match odds snapshot from The Odds API,2026-05-16 03:35:38
107,11.0,32ec06abda2398ac41501c86eb9aa376,2026-06-14T20:00:00Z,Netherlands,Japan,betrivers,BetRivers,h2h,Netherlands,american,100,2.0,0.5,,BetRivers,2026-05-16T03:35:23Z,Informational match odds snapshot from The Odds API,2026-05-16 03:35:38
108,11.0,32ec06abda2398ac41501c86eb9aa376,2026-06-14T20:00:00Z,Netherlands,Japan,betrivers,BetRivers,h2h,Draw,american,245,3.45,0.2898550724637681,,BetRivers,2026-05-16T03:35:23Z,Informational match odds snapshot from The Odds API,2026-05-16 03:35:38
109,11.0,32ec06abda2398ac41501c86eb9aa376,2026-06-14T20:00:00Z,Netherlands,Japan,betrivers,BetRivers,totals,Over,american,-129,1.7751937984496124,0.5633187772925764,2.5,BetRivers,2026-05-16T03:35:23Z,Informational match odds snapshot from The Odds API,2026-05-16 03:35:38
110,11.0,32ec06abda2398ac41501c86eb9aa376,2026-06-14T20:00:00Z,Netherlands,Japan,betrivers,BetRivers,totals,Under,american,-108,1.925925925925926,0.5192307692307692,2.5,BetRivers,2026-05-16T03:35:23Z,Informational match odds snapshot from The Odds API,2026-05-16 03:35:38
111,,05752bb341e197001387b64f3a06b9b2,2026-06-14T23:00:00Z,Côte d'Ivoire,Ecuador,fanduel,FanDuel,h2h,Ecuador,american,135,2.35,0.425531914893617,,FanDuel,2026-05-16T03:34:39Z,Informational match odds snapshot from The Odds API,2026-05-16 03:35:38
112,,05752bb341e197001387b64f3a06b9b2,2026-06-14T23:00:00Z,Côte d'Ivoire,Ecuador,fanduel,FanDuel,h2h,Ivory Coast,american,220,3.2,0.3125,,FanDuel,2026-05-16T03:34:39Z,Informational match odds snapshot from The Odds API,2026-05-16 03:35:38
113,,05752bb341e197001387b64f3a06b9b2,2026-06-14T23:00:00Z,Côte d'Ivoire,Ecuador,fanduel,FanDuel,h2h,Draw,american,210,3.1,0.3225806451612903,,FanDuel,2026-05-16T03:34:39Z,Informational match odds snapshot from The Odds API,2026-05-16 03:35:38
114,,05752bb341e197001387b64f3a06b9b2,2026-06-14T23:00:00Z,Côte d'Ivoire,Ecuador,draftkings,DraftKings,h2h,Ecuador,american,140,2.4,0.4166666666666667,,DraftKings,2026-05-16T03:35:22Z,Informational match odds snapshot from The Odds API,2026-05-16 03:35:38
115,,05752bb341e197001387b64f3a06b9b2,2026-06-14T23:00:00Z,Côte d'Ivoire,Ecuador,draftkings,DraftKings,h2h,Ivory Coast,american,245,3.45,0.2898550724637681,,DraftKings,2026-05-16T03:35:22Z,Informational match odds snapshot from The Odds API,2026-05-16 03:35:38
116,,05752bb341e197001387b64f3a06b9b2,2026-06-14T23:00:00Z,Côte d'Ivoire,Ecuador,draftkings,DraftKings,h2h,Draw,american,190,2.9,0.3448275862068966,,DraftKings,2026-05-16T03:35:22Z,Informational match odds snapshot from The Odds API,2026-05-16 03:35:38
117,,05752bb341e197001387b64f3a06b9b2,2026-06-14T23:00:00Z,Côte d'Ivoire,Ecuador,betrivers,BetRivers,h2h,Ecuador,american,132,2.3200000000000003,0.43103448275862066,,BetRivers,2026-05-16T03:35:23Z,Informational match odds snapshot from The Odds API,2026-05-16 03:35:38
118,,05752bb341e197001387b64f3a06b9b2,2026-06-14T23:00:00Z,Côte d'Ivoire,Ecuador,betrivers,BetRivers,h2h,Ivory Coast,american,215,3.15,0.31746031746031744,,BetRivers,2026-05-16T03:35:23Z,Informational match odds snapshot from The Odds API,2026-05-16 03:35:38
119,,05752bb341e197001387b64f3a06b9b2,2026-06-14T23:00:00Z,Côte d'Ivoire,Ecuador,betrivers,BetRivers,h2h,Draw,american,210,3.1,0.3225806451612903,,BetRivers,2026-05-16T03:35:23Z,Informational match odds snapshot from The Odds API,2026-05-16 03:35:38
120,,05752bb341e197001387b64f3a06b9b2,2026-06-14T23:00:00Z,Côte d'Ivoire,Ecuador,betrivers,BetRivers,totals,Over,american,138,2.38,0.42016806722689076,2.5,BetRivers,2026-05-16T03:35:23Z,Informational match odds snapshot from The Odds API,2026-05-16 03:35:38
121,,05752bb341e197001387b64f3a06b9b2,2026-06-14T23:00:00Z,Côte d'Ivoire,Ecuador,betrivers,BetRivers,totals,Under,american,-195,1.5128205128205128,0.6610169491525424,2.5,BetRivers,2026-05-16T03:35:23Z,Informational match odds snapshot from The Odds API,2026-05-16 03:35:38
122,13.0,b55f9569de3f4d731bc5537ff5ff43e4,2026-06-15T02:00:00Z,Sweden,Tunisia,fanduel,FanDuel,h2h,Sweden,american,-110,1.9090909090909092,0.5238095238095238,,FanDuel,2026-05-16T03:34:39Z,Informational match odds snapshot from The Odds API,2026-05-16 03:35:38
123,13.0,b55f9569de3f4d731bc5537ff5ff43e4,2026-06-15T02:00:00Z,Sweden,Tunisia,fanduel,FanDuel,h2h,Tunisia,american,310,4.1,0.24390243902439027,,FanDuel,2026-05-16T03:34:39Z,Informational match odds snapshot from The Odds API,2026-05-16 03:35:38
124,13.0,b55f9569de3f4d731bc5537ff5ff43e4,2026-06-15T02:00:00Z,Sweden,Tunisia,fanduel,FanDuel,h2h,Draw,american,240,3.4,0.29411764705882354,,FanDuel,2026-05-16T03:34:39Z,Informational match odds snapshot from The Odds API,2026-05-16 03:35:38
125,13.0,b55f9569de3f4d731bc5537ff5ff43e4,2026-06-15T02:00:00Z,Sweden,Tunisia,draftkings,DraftKings,h2h,Sweden,american,-105,1.9523809523809523,0.5121951219512195,,DraftKings,2026-05-16T03:35:22Z,Informational match odds snapshot from The Odds API,2026-05-16 03:35:38
126,13.0,b55f9569de3f4d731bc5537ff5ff43e4,2026-06-15T02:00:00Z,Sweden,Tunisia,draftkings,DraftKings,h2h,Tunisia,american,310,4.1,0.24390243902439027,,DraftKings,2026-05-16T03:35:22Z,Informational match odds snapshot from The Odds API,2026-05-16 03:35:38
127,13.0,b55f9569de3f4d731bc5537ff5ff43e4,2026-06-15T02:00:00Z,Sweden,Tunisia,draftkings,DraftKings,h2h,Draw,american,245,3.45,0.2898550724637681,,DraftKings,2026-05-16T03:35:22Z,Informational match odds snapshot from The Odds API,2026-05-16 03:35:38
128,13.0,b55f9569de3f4d731bc5537ff5ff43e4,2026-06-15T02:00:00Z,Sweden,Tunisia,betrivers,BetRivers,h2h,Sweden,american,-110,1.9090909090909092,0.5238095238095238,,BetRivers,2026-05-16T03:35:23Z,Informational match odds snapshot from The Odds API,2026-05-16 03:35:38
129,13.0,b55f9569de3f4d731bc5537ff5ff43e4,2026-06-15T02:00:00Z,Sweden,Tunisia,betrivers,BetRivers,h2h,Tunisia,american,325,4.25,0.23529411764705882,,BetRivers,2026-05-16T03:35:23Z,Informational match odds snapshot from The Odds API,2026-05-16 03:35:38
130,13.0,b55f9569de3f4d731bc5537ff5ff43e4,2026-06-15T02:00:00Z,Sweden,Tunisia,betrivers,BetRivers,h2h,Draw,american,225,3.25,0.3076923076923077,,BetRivers,2026-05-16T03:35:23Z,Informational match odds snapshot from The Odds API,2026-05-16 03:35:38
131,13.0,b55f9569de3f4d731bc5537ff5ff43e4,2026-06-15T02:00:00Z,Sweden,Tunisia,betrivers,BetRivers,totals,Over,american,120,2.2,0.45454545454545453,2.5,BetRivers,2026-05-16T03:35:23Z,Informational match odds snapshot from The Odds API,2026-05-16 03:35:38
132,13.0,b55f9569de3f4d731bc5537ff5ff43e4,2026-06-15T02:00:00Z,Sweden,Tunisia,betrivers,BetRivers,totals,Under,american,-167,1.5988023952095807,0.6254681647940076,2.5,BetRivers,2026-05-16T03:35:23Z,Informational match odds snapshot from The Odds API,2026-05-16 03:35:38
133,,c54f00b11925751d2b62988775c6c239,2026-06-15T16:00:00Z,Spain,Cabo Verde,fanduel,FanDuel,h2h,Cape Verde,american,2700,28.0,0.03571428571428571,,FanDuel,2026-05-16T03:34:39Z,Informational match odds snapshot from The Odds API,2026-05-16 03:35:38
134,,c54f00b11925751d2b62988775c6c239,2026-06-15T16:00:00Z,Spain,Cabo Verde,fanduel,FanDuel,h2h,Spain,american,-1250,1.08,0.9259259259259258,,FanDuel,2026-05-16T03:34:39Z,Informational match odds snapshot from The Odds API,2026-05-16 03:35:38
135,,c54f00b11925751d2b62988775c6c239,2026-06-15T16:00:00Z,Spain,Cabo Verde,fanduel,FanDuel,h2h,Draw,american,850,9.5,0.10526315789473684,,FanDuel,2026-05-16T03:34:39Z,Informational match odds snapshot from The Odds API,2026-05-16 03:35:38
136,,c54f00b11925751d2b62988775c6c239,2026-06-15T16:00:00Z,Spain,Cabo Verde,draftkings,DraftKings,h2h,Cape Verde,american,2500,26.0,0.038461538461538464,,DraftKings,2026-05-16T03:35:22Z,Informational match odds snapshot from The Odds API,2026-05-16 03:35:38
137,,c54f00b11925751d2b62988775c6c239,2026-06-15T16:00:00Z,Spain,Cabo Verde,draftkings,DraftKings,h2h,Spain,american,-1100,1.0909090909090908,0.9166666666666667,,DraftKings,2026-05-16T03:35:22Z,Informational match odds snapshot from The Odds API,2026-05-16 03:35:38
138,,c54f00b11925751d2b62988775c6c239,2026-06-15T16:00:00Z,Spain,Cabo Verde,draftkings,DraftKings,h2h,Draw,american,1000,11.0,0.09090909090909091,,DraftKings,2026-05-16T03:35:22Z,Informational match odds snapshot from The Odds API,2026-05-16 03:35:38
139,,c54f00b11925751d2b62988775c6c239,2026-06-15T16:00:00Z,Spain,Cabo Verde,betrivers,BetRivers,h2h,Cape Verde,american,2500,26.0,0.038461538461538464,,BetRivers,2026-05-16T03:35:23Z,Informational match odds snapshot from The Odds API,2026-05-16 03:35:38
140,,c54f00b11925751d2b62988775c6c239,2026-06-15T16:00:00Z,Spain,Cabo Verde,betrivers,BetRivers,h2h,Spain,american,-1667,1.05998800239952,0.9434069043576684,,BetRivers,2026-05-16T03:35:23Z,Informational match odds snapshot from The Odds API,2026-05-16 03:35:38
141,,c54f00b11925751d2b62988775c6c239,2026-06-15T16:00:00Z,Spain,Cabo Verde,betrivers,BetRivers,h2h,Draw,american,1000,11.0,0.09090909090909091,,BetRivers,2026-05-16T03:35:23Z,Informational match odds snapshot from The Odds API,2026-05-16 03:35:38
142,,c54f00b11925751d2b62988775c6c239,2026-06-15T16:00:00Z,Spain,Cabo Verde,betrivers,BetRivers,totals,Over,american,-120,1.8333333333333335,0.5454545454545454,3.5,BetRivers,2026-05-16T03:35:23Z,Informational match odds snapshot from The Odds API,2026-05-16 03:35:38
143,,c54f00b11925751d2b62988775c6c239,2026-06-15T16:00:00Z,Spain,Cabo Verde,betrivers,BetRivers,totals,Under,american,-117,1.8547008547008548,0.5391705069124424,3.5,BetRivers,2026-05-16T03:35:23Z,Informational match odds snapshot from The Odds API,2026-05-16 03:35:38
144,15.0,fbfb95c62003fd6d828b309f96ee1f9b,2026-06-15T19:00:00Z,Belgium,Egypt,fanduel,FanDuel,h2h,Belgium,american,-165,1.606060606060606,0.6226415094339623,,FanDuel,2026-05-16T03:34:39Z,Informational match odds snapshot from The Odds API,2026-05-16 03:35:38
145,15.0,fbfb95c62003fd6d828b309f96ee1f9b,2026-06-15T19:00:00Z,Belgium,Egypt,fanduel,FanDuel,h2h,Egypt,american,410,5.1,0.19607843137254904,,FanDuel,2026-05-16T03:34:39Z,Informational match odds snapshot from The Odds API,2026-05-16 03:35:38
146,15.0,fbfb95c62003fd6d828b309f96ee1f9b,2026-06-15T19:00:00Z,Belgium,Egypt,fanduel,FanDuel,h2h,Draw,american,290,3.9,0.25641025641025644,,FanDuel,2026-05-16T03:34:39Z,Informational match odds snapshot from The Odds API,2026-05-16 03:35:38
147,15.0,fbfb95c62003fd6d828b309f96ee1f9b,2026-06-15T19:00:00Z,Belgium,Egypt,draftkings,DraftKings,h2h,Belgium,american,-150,1.6666666666666665,0.6000000000000001,,DraftKings,2026-05-16T03:35:22Z,Informational match odds snapshot from The Odds API,2026-05-16 03:35:38
148,15.0,fbfb95c62003fd6d828b309f96ee1f9b,2026-06-15T19:00:00Z,Belgium,Egypt,draftkings,DraftKings,h2h,Egypt,american,390,4.9,0.2040816326530612,,DraftKings,2026-05-16T03:35:22Z,Informational match odds snapshot from The Odds API,2026-05-16 03:35:38
149,15.0,fbfb95c62003fd6d828b309f96ee1f9b,2026-06-15T19:00:00Z,Belgium,Egypt,draftkings,DraftKings,h2h,Draw,american,300,4.0,0.25,,DraftKings,2026-05-16T03:35:22Z,Informational match odds snapshot from The Odds API,2026-05-16 03:35:38
150,15.0,fbfb95c62003fd6d828b309f96ee1f9b,2026-06-15T19:00:00Z,Belgium,Egypt,betrivers,BetRivers,h2h,Belgium,american,-155,1.6451612903225805,0.607843137254902,,BetRivers,2026-05-16T03:35:23Z,Informational match odds snapshot from The Odds API,2026-05-16 03:35:38
151,15.0,fbfb95c62003fd6d828b309f96ee1f9b,2026-06-15T19:00:00Z,Belgium,Egypt,betrivers,BetRivers,h2h,Egypt,american,380,4.8,0.20833333333333334,,BetRivers,2026-05-16T03:35:23Z,Informational match odds snapshot from The Odds API,2026-05-16 03:35:38
152,15.0,fbfb95c62003fd6d828b309f96ee1f9b,2026-06-15T19:00:00Z,Belgium,Egypt,betrivers,BetRivers,h2h,Draw,american,290,3.9,0.25641025641025644,,BetRivers,2026-05-16T03:35:23Z,Informational match odds snapshot from The Odds API,2026-05-16 03:35:38
153,15.0,fbfb95c62003fd6d828b309f96ee1f9b,2026-06-15T19:00:00Z,Belgium,Egypt,betrivers,BetRivers,totals,Over,american,-132,1.7575757575757576,0.5689655172413793,2.5,BetRivers,2026-05-16T03:35:23Z,Informational match odds snapshot from The Odds API,2026-05-16 03:35:38
154,15.0,fbfb95c62003fd6d828b309f96ee1f9b,2026-06-15T19:00:00Z,Belgium,Egypt,betrivers,BetRivers,totals,Under,american,-107,1.9345794392523366,0.5169082125603864,2.5,BetRivers,2026-05-16T03:35:23Z,Informational match odds snapshot from The Odds API,2026-05-16 03:35:38
155,16.0,64b91c5f2db61c7358a4f05459e83c52,2026-06-15T22:00:00Z,Saudi Arabia,Uruguay,fanduel,FanDuel,h2h,Saudi Arabia,american,500,6.0,0.16666666666666666,,FanDuel,2026-05-16T03:34:39Z,Informational match odds snapshot from The Odds API,2026-05-16 03:35:38
156,16.0,64b91c5f2db61c7358a4f05459e83c52,2026-06-15T22:00:00Z,Saudi Arabia,Uruguay,fanduel,FanDuel,h2h,Uruguay,american,-210,1.4761904761904763,0.6774193548387096,,FanDuel,2026-05-16T03:34:39Z,Informational match odds snapshot from The Odds API,2026-05-16 03:35:38
157,16.0,64b91c5f2db61c7358a4f05459e83c52,2026-06-15T22:00:00Z,Saudi Arabia,Uruguay,fanduel,FanDuel,h2h,Draw,american,320,4.2,0.23809523809523808,,FanDuel,2026-05-16T03:34:39Z,Informational match odds snapshot from The Odds API,2026-05-16 03:35:38
158,16.0,64b91c5f2db61c7358a4f05459e83c52,2026-06-15T22:00:00Z,Saudi Arabia,Uruguay,draftkings,DraftKings,h2h,Saudi Arabia,american,500,6.0,0.16666666666666666,,DraftKings,2026-05-16T03:35:22Z,Informational match odds snapshot from The Odds API,2026-05-16 03:35:38
159,16.0,64b91c5f2db61c7358a4f05459e83c52,2026-06-15T22:00:00Z,Saudi Arabia,Uruguay,draftkings,DraftKings,h2h,Uruguay,american,-195,1.5128205128205128,0.6610169491525424,,DraftKings,2026-05-16T03:35:22Z,Informational match odds snapshot from The Odds API,2026-05-16 03:35:38
160,16.0,64b91c5f2db61c7358a4f05459e83c52,2026-06-15T22:00:00Z,Saudi Arabia,Uruguay,draftkings,DraftKings,h2h,Draw,american,340,4.4,0.22727272727272727,,DraftKings,2026-05-16T03:35:22Z,Informational match odds snapshot from The Odds API,2026-05-16 03:35:38
161,16.0,64b91c5f2db61c7358a4f05459e83c52,2026-06-15T22:00:00Z,Saudi Arabia,Uruguay,betrivers,BetRivers,h2h,Saudi Arabia,american,540,6.4,0.15625,,BetRivers,2026-05-16T03:35:23Z,Informational match odds snapshot from The Odds API,2026-05-16 03:35:38
162,16.0,64b91c5f2db61c7358a4f05459e83c52,2026-06-15T22:00:00Z,Saudi Arabia,Uruguay,betrivers,BetRivers,h2h,Uruguay,american,-210,1.4761904761904763,0.6774193548387096,,BetRivers,2026-05-16T03:35:23Z,Informational match odds snapshot from The Odds API,2026-05-16 03:35:38
163,16.0,64b91c5f2db61c7358a4f05459e83c52,2026-06-15T22:00:00Z,Saudi Arabia,Uruguay,betrivers,BetRivers,h2h,Draw,american,320,4.2,0.23809523809523808,,BetRivers,2026-05-16T03:35:23Z,Informational match odds snapshot from The Odds API,2026-05-16 03:35:38
164,16.0,64b91c5f2db61c7358a4f05459e83c52,2026-06-15T22:00:00Z,Saudi Arabia,Uruguay,betrivers,BetRivers,totals,Over,american,-122,1.819672131147541,0.5495495495495495,2.5,BetRivers,2026-05-16T03:35:23Z,Informational match odds snapshot from The Odds API,2026-05-16 03:35:38
165,16.0,64b91c5f2db61c7358a4f05459e83c52,2026-06-15T22:00:00Z,Saudi Arabia,Uruguay,betrivers,BetRivers,totals,Under,american,-114,1.8771929824561404,0.5327102803738317,2.5,BetRivers,2026-05-16T03:35:23Z,Informational match odds snapshot from The Odds API,2026-05-16 03:35:38
166,,ec51b9c44ad5e34552f3ab53f7262813,2026-06-16T01:00:00Z,IR Iran,New Zealand,fanduel,FanDuel,h2h,Iran,american,-165,1.606060606060606,0.6226415094339623,,FanDuel,2026-05-16T03:34:39Z,Informational match odds snapshot from The Odds API,2026-05-16 03:35:38
167,,ec51b9c44ad5e34552f3ab53f7262813,2026-06-16T01:00:00Z,IR Iran,New Zealand,fanduel,FanDuel,h2h,New Zealand,american,480,5.8,0.1724137931034483,,FanDuel,2026-05-16T03:34:39Z,Informational match odds snapshot from The Odds API,2026-05-16 03:35:38
168,,ec51b9c44ad5e34552f3ab53f7262813,2026-06-16T01:00:00Z,IR Iran,New Zealand,fanduel,FanDuel,h2h,Draw,american,280,3.8,0.2631578947368421,,FanDuel,2026-05-16T03:34:39Z,Informational match odds snapshot from The Odds API,2026-05-16 03:35:38
169,,ec51b9c44ad5e34552f3ab53f7262813,2026-06-16T01:00:00Z,IR Iran,New Zealand,draftkings,DraftKings,h2h,Iran,american,-135,1.7407407407407407,0.574468085106383,,DraftKings,2026-05-16T03:35:22Z,Informational match odds snapshot from The Odds API,2026-05-16 03:35:38
170,,ec51b9c44ad5e34552f3ab53f7262813,2026-06-16T01:00:00Z,IR Iran,New Zealand,draftkings,DraftKings,h2h,New Zealand,american,390,4.9,0.2040816326530612,,DraftKings,2026-05-16T03:35:22Z,Informational match odds snapshot from The Odds API,2026-05-16 03:35:38
171,,ec51b9c44ad5e34552f3ab53f7262813,2026-06-16T01:00:00Z,IR Iran,New Zealand,draftkings,DraftKings,h2h,Draw,american,270,3.7,0.27027027027027023,,DraftKings,2026-05-16T03:35:22Z,Informational match odds snapshot from The Odds API,2026-05-16 03:35:38
172,,ec51b9c44ad5e34552f3ab53f7262813,2026-06-16T01:00:00Z,IR Iran,New Zealand,betrivers,BetRivers,h2h,Iran,american,-143,1.6993006993006992,0.5884773662551441,,BetRivers,2026-05-16T03:35:23Z,Informational match odds snapshot from The Odds API,2026-05-16 03:35:38
173,,ec51b9c44ad5e34552f3ab53f7262813,2026-06-16T01:00:00Z,IR Iran,New Zealand,betrivers,BetRivers,h2h,New Zealand,american,380,4.8,0.20833333333333334,,BetRivers,2026-05-16T03:35:23Z,Informational match odds snapshot from The Odds API,2026-05-16 03:35:38
174,,ec51b9c44ad5e34552f3ab53f7262813,2026-06-16T01:00:00Z,IR Iran,New Zealand,betrivers,BetRivers,h2h,Draw,american,265,3.65,0.273972602739726,,BetRivers,2026-05-16T03:35:23Z,Informational match odds snapshot from The Odds API,2026-05-16 03:35:38
175,,ec51b9c44ad5e34552f3ab53f7262813,2026-06-16T01:00:00Z,IR Iran,New Zealand,betrivers,BetRivers,totals,Over,american,108,2.08,0.4807692307692307,2.5,BetRivers,2026-05-16T03:35:23Z,Informational match odds snapshot from The Odds API,2026-05-16 03:35:38
176,,ec51b9c44ad5e34552f3ab53f7262813,2026-06-16T01:00:00Z,IR Iran,New Zealand,betrivers,BetRivers,totals,Under,american,-150,1.6666666666666665,0.6000000000000001,2.5,BetRivers,2026-05-16T03:35:23Z,Informational match odds snapshot from The Odds API,2026-05-16 03:35:38
177,18.0,73a4fcd14cc9766b9b9bfd50b8ca153a,2026-06-16T19:00:00Z,France,Senegal,fanduel,FanDuel,h2h,France,american,-240,1.4166666666666667,0.7058823529411764,,FanDuel,2026-05-16T03:34:39Z,Informational match odds snapshot from The Odds API,2026-05-16 03:35:38
178,18.0,73a4fcd14cc9766b9b9bfd50b8ca153a,2026-06-16T19:00:00Z,France,Senegal,fanduel,FanDuel,h2h,Senegal,american,600,7.0,0.14285714285714285,,FanDuel,2026-05-16T03:34:39Z,Informational match odds snapshot from The Odds API,2026-05-16 03:35:38
179,18.0,73a4fcd14cc9766b9b9bfd50b8ca153a,2026-06-16T19:00:00Z,France,Senegal,fanduel,FanDuel,h2h,Draw,american,340,4.4,0.22727272727272727,,FanDuel,2026-05-16T03:34:39Z,Informational match odds snapshot from The Odds API,2026-05-16 03:35:38
180,18.0,73a4fcd14cc9766b9b9bfd50b8ca153a,2026-06-16T19:00:00Z,France,Senegal,draftkings,DraftKings,h2h,France,american,-220,1.4545454545454546,0.6875,,DraftKings,2026-05-16T03:35:22Z,Informational match odds snapshot from The Odds API,2026-05-16 03:35:38
181,18.0,73a4fcd14cc9766b9b9bfd50b8ca153a,2026-06-16T19:00:00Z,France,Senegal,draftkings,DraftKings,h2h,Senegal,american,600,7.0,0.14285714285714285,,DraftKings,2026-05-16T03:35:22Z,Informational match odds snapshot from The Odds API,2026-05-16 03:35:38
182,18.0,73a4fcd14cc9766b9b9bfd50b8ca153a,2026-06-16T19:00:00Z,France,Senegal,draftkings,DraftKings,h2h,Draw,american,350,4.5,0.2222222222222222,,DraftKings,2026-05-16T03:35:22Z,Informational match odds snapshot from The Odds API,2026-05-16 03:35:38
183,18.0,73a4fcd14cc9766b9b9bfd50b8ca153a,2026-06-16T19:00:00Z,France,Senegal,betrivers,BetRivers,h2h,France,american,-250,1.4,0.7142857142857143,,BetRivers,2026-05-16T03:35:23Z,Informational match odds snapshot from The Odds API,2026-05-16 03:35:38
184,18.0,73a4fcd14cc9766b9b9bfd50b8ca153a,2026-06-16T19:00:00Z,France,Senegal,betrivers,BetRivers,h2h,Senegal,american,600,7.0,0.14285714285714285,,BetRivers,2026-05-16T03:35:23Z,Informational match odds snapshot from The Odds API,2026-05-16 03:35:38
185,18.0,73a4fcd14cc9766b9b9bfd50b8ca153a,2026-06-16T19:00:00Z,France,Senegal,betrivers,BetRivers,h2h,Draw,american,360,4.6,0.2173913043478261,,BetRivers,2026-05-16T03:35:23Z,Informational match odds snapshot from The Odds API,2026-05-16 03:35:38
186,18.0,73a4fcd14cc9766b9b9bfd50b8ca153a,2026-06-16T19:00:00Z,France,Senegal,betrivers,BetRivers,totals,Over,american,-141,1.7092198581560285,0.5850622406639003,2.5,BetRivers,2026-05-16T03:35:23Z,Informational match odds snapshot from The Odds API,2026-05-16 03:35:38
187,18.0,73a4fcd14cc9766b9b9bfd50b8ca153a,2026-06-16T19:00:00Z,France,Senegal,betrivers,BetRivers,totals,Under,american,102,2.02,0.49504950495049505,2.5,BetRivers,2026-05-16T03:35:23Z,Informational match odds snapshot from The Odds API,2026-05-16 03:35:38
188,19.0,4d4f2b9b78182b557d4fbf8dcf4f4af2,2026-06-16T22:00:00Z,Iraq,Norway,fanduel,FanDuel,h2h,Iraq,american,800,9.0,0.1111111111111111,,FanDuel,2026-05-16T03:34:39Z,Informational match odds snapshot from The Odds API,2026-05-16 03:35:38
189,19.0,4d4f2b9b78182b557d4fbf8dcf4f4af2,2026-06-16T22:00:00Z,Iraq,Norway,fanduel,FanDuel,h2h,Norway,american,-360,1.2777777777777777,0.782608695652174,,FanDuel,2026-05-16T03:34:39Z,Informational match odds snapshot from The Odds API,2026-05-16 03:35:38
190,19.0,4d4f2b9b78182b557d4fbf8dcf4f4af2,2026-06-16T22:00:00Z,Iraq,Norway,fanduel,FanDuel,h2h,Draw,american,470,5.7,0.17543859649122806,,FanDuel,2026-05-16T03:34:39Z,Informational match odds snapshot from The Odds API,2026-05-16 03:35:38
191,19.0,4d4f2b9b78182b557d4fbf8dcf4f4af2,2026-06-16T22:00:00Z,Iraq,Norway,draftkings,DraftKings,h2h,Iraq,american,850,9.5,0.10526315789473684,,DraftKings,2026-05-16T03:35:22Z,Informational match odds snapshot from The Odds API,2026-05-16 03:35:38
192,19.0,4d4f2b9b78182b557d4fbf8dcf4f4af2,2026-06-16T22:00:00Z,Iraq,Norway,draftkings,DraftKings,h2h,Norway,american,-360,1.2777777777777777,0.782608695652174,,DraftKings,2026-05-16T03:35:22Z,Informational match odds snapshot from The Odds API,2026-05-16 03:35:38
193,19.0,4d4f2b9b78182b557d4fbf8dcf4f4af2,2026-06-16T22:00:00Z,Iraq,Norway,draftkings,DraftKings,h2h,Draw,american,500,6.0,0.16666666666666666,,DraftKings,2026-05-16T03:35:22Z,Informational match odds snapshot from The Odds API,2026-05-16 03:35:38
194,19.0,4d4f2b9b78182b557d4fbf8dcf4f4af2,2026-06-16T22:00:00Z,Iraq,Norway,betrivers,BetRivers,h2h,Iraq,american,1300,14.0,0.07142857142857142,,BetRivers,2026-05-16T03:35:23Z,Informational match odds snapshot from The Odds API,2026-05-16 03:35:38
195,19.0,4d4f2b9b78182b557d4fbf8dcf4f4af2,2026-06-16T22:00:00Z,Iraq,Norway,betrivers,BetRivers,h2h,Norway,american,-500,1.2,0.8333333333333334,,BetRivers,2026-05-16T03:35:23Z,Informational match odds snapshot from The Odds API,2026-05-16 03:35:38
196,19.0,4d4f2b9b78182b557d4fbf8dcf4f4af2,2026-06-16T22:00:00Z,Iraq,Norway,betrivers,BetRivers,h2h,Draw,american,510,6.1,0.1639344262295082,,BetRivers,2026-05-16T03:35:23Z,Informational match odds snapshot from The Odds API,2026-05-16 03:35:38
197,19.0,4d4f2b9b78182b557d4fbf8dcf4f4af2,2026-06-16T22:00:00Z,Iraq,Norway,betrivers,BetRivers,totals,Over,american,-175,1.5714285714285714,0.6363636363636364,2.5,BetRivers,2026-05-16T03:35:23Z,Informational match odds snapshot from The Odds API,2026-05-16 03:35:38
198,19.0,4d4f2b9b78182b557d4fbf8dcf4f4af2,2026-06-16T22:00:00Z,Iraq,Norway,betrivers,BetRivers,totals,Under,american,123,2.23,0.4484304932735426,2.5,BetRivers,2026-05-16T03:35:23Z,Informational match odds snapshot from The Odds API,2026-05-16 03:35:38
199,20.0,f31b2ee9e1cc6f7e641467f8237eaa21,2026-06-17T01:00:00Z,Argentina,Algeria,fanduel,FanDuel,h2h,Algeria,american,700,8.0,0.125,,FanDuel,2026-05-16T03:34:39Z,Informational match odds snapshot from The Odds API,2026-05-16 03:35:38
200,20.0,f31b2ee9e1cc6f7e641467f8237eaa21,2026-06-17T01:00:00Z,Argentina,Algeria,fanduel,FanDuel,h2h,Argentina,american,-310,1.3225806451612903,0.7560975609756098,,FanDuel,2026-05-16T03:34:39Z,Informational match odds snapshot from The Odds API,2026-05-16 03:35:38
201,20.0,f31b2ee9e1cc6f7e641467f8237eaa21,2026-06-17T01:00:00Z,Argentina,Algeria,fanduel,FanDuel,h2h,Draw,american,360,4.6,0.2173913043478261,,FanDuel,2026-05-16T03:34:39Z,Informational match odds snapshot from The Odds API,2026-05-16 03:35:38
202,20.0,f31b2ee9e1cc6f7e641467f8237eaa21,2026-06-17T01:00:00Z,Argentina,Algeria,draftkings,DraftKings,h2h,Algeria,american,700,8.0,0.125,,DraftKings,2026-05-16T03:35:22Z,Informational match odds snapshot from The Odds API,2026-05-16 03:35:38
203,20.0,f31b2ee9e1cc6f7e641467f8237eaa21,2026-06-17T01:00:00Z,Argentina,Algeria,draftkings,DraftKings,h2h,Argentina,american,-235,1.425531914893617,0.7014925373134329,,DraftKings,2026-05-16T03:35:22Z,Informational match odds snapshot from The Odds API,2026-05-16 03:35:38
204,20.0,f31b2ee9e1cc6f7e641467f8237eaa21,2026-06-17T01:00:00Z,Argentina,Algeria,draftkings,DraftKings,h2h,Draw,american,350,4.5,0.2222222222222222,,DraftKings,2026-05-16T03:35:22Z,Informational match odds snapshot from The Odds API,2026-05-16 03:35:38
205,20.0,f31b2ee9e1cc6f7e641467f8237eaa21,2026-06-17T01:00:00Z,Argentina,Algeria,betrivers,BetRivers,h2h,Algeria,american,750,8.5,0.11764705882352941,,BetRivers,2026-05-16T03:35:23Z,Informational match odds snapshot from The Odds API,2026-05-16 03:35:38
206,20.0,f31b2ee9e1cc6f7e641467f8237eaa21,2026-06-17T01:00:00Z,Argentina,Algeria,betrivers,BetRivers,h2h,Argentina,american,-275,1.3636363636363638,0.7333333333333333,,BetRivers,2026-05-16T03:35:23Z,Informational match odds snapshot from The Odds API,2026-05-16 03:35:38
207,20.0,f31b2ee9e1cc6f7e641467f8237eaa21,2026-06-17T01:00:00Z,Argentina,Algeria,betrivers,BetRivers,h2h,Draw,american,350,4.5,0.2222222222222222,,BetRivers,2026-05-16T03:35:23Z,Informational match odds snapshot from The Odds API,2026-05-16 03:35:38
208,20.0,f31b2ee9e1cc6f7e641467f8237eaa21,2026-06-17T01:00:00Z,Argentina,Algeria,betrivers,BetRivers,totals,Over,american,-118,1.847457627118644,0.5412844036697247,2.5,BetRivers,2026-05-16T03:35:23Z,Informational match odds snapshot from The Odds API,2026-05-16 03:35:38
209,20.0,f31b2ee9e1cc6f7e641467f8237eaa21,2026-06-17T01:00:00Z,Argentina,Algeria,betrivers,BetRivers,totals,Under,american,-118,1.847457627118644,0.5412844036697247,2.5,BetRivers,2026-05-16T03:35:23Z,Informational match odds snapshot from The Odds API,2026-05-16 03:35:38
210,21.0,25161cf6cf0cd9be17ae2e7e224a1f45,2026-06-17T04:00:00Z,Austria,Jordan,fanduel,FanDuel,h2h,Austria,american,-310,1.3225806451612903,0.7560975609756098,,FanDuel,2026-05-16T03:34:39Z,Informational match odds snapshot from The Odds API,2026-05-16 03:35:38
211,21.0,25161cf6cf0cd9be17ae2e7e224a1f45,2026-06-17T04:00:00Z,Austria,Jordan,fanduel,FanDuel,h2h,Jordan,american,700,8.0,0.125,,FanDuel,2026-05-16T03:34:39Z,Informational match odds snapshot from The Odds API,2026-05-16 03:35:38
212,21.0,25161cf6cf0cd9be17ae2e7e224a1f45,2026-06-17T04:00:00Z,Austria,Jordan,fanduel,FanDuel,h2h,Draw,american,410,5.1,0.19607843137254904,,FanDuel,2026-05-16T03:34:39Z,Informational match odds snapshot from The Odds API,2026-05-16 03:35:38
213,21.0,25161cf6cf0cd9be17ae2e7e224a1f45,2026-06-17T04:00:00Z,Austria,Jordan,draftkings,DraftKings,h2h,Austria,american,-285,1.3508771929824561,0.7402597402597403,,DraftKings,2026-05-16T03:35:22Z,Informational match odds snapshot from The Odds API,2026-05-16 03:35:38
214,21.0,25161cf6cf0cd9be17ae2e7e224a1f45,2026-06-17T04:00:00Z,Austria,Jordan,draftkings,DraftKings,h2h,Jordan,american,700,8.0,0.125,,DraftKings,2026-05-16T03:35:22Z,Informational match odds snapshot from The Odds API,2026-05-16 03:35:38
215,21.0,25161cf6cf0cd9be17ae2e7e224a1f45,2026-06-17T04:00:00Z,Austria,Jordan,draftkings,DraftKings,h2h,Draw,american,425,5.25,0.19047619047619047,,DraftKings,2026-05-16T03:35:22Z,Informational match odds snapshot from The Odds API,2026-05-16 03:35:38
216,21.0,25161cf6cf0cd9be17ae2e7e224a1f45,2026-06-17T04:00:00Z,Austria,Jordan,betrivers,BetRivers,h2h,Austria,american,-345,1.289855072463768,0.7752808988764045,,BetRivers,2026-05-16T03:35:23Z,Informational match odds snapshot from The Odds API,2026-05-16 03:35:38
217,21.0,25161cf6cf0cd9be17ae2e7e224a1f45,2026-06-17T04:00:00Z,Austria,Jordan,betrivers,BetRivers,h2h,Jordan,american,850,9.5,0.10526315789473684,,BetRivers,2026-05-16T03:35:23Z,Informational match odds snapshot from The Odds API,2026-05-16 03:35:38
218,21.0,25161cf6cf0cd9be17ae2e7e224a1f45,2026-06-17T04:00:00Z,Austria,Jordan,betrivers,BetRivers,h2h,Draw,american,430,5.3,0.18867924528301888,,BetRivers,2026-05-16T03:35:23Z,Informational match odds snapshot from The Odds API,2026-05-16 03:35:38
219,21.0,25161cf6cf0cd9be17ae2e7e224a1f45,2026-06-17T04:00:00Z,Austria,Jordan,betrivers,BetRivers,totals,Over,american,-182,1.5494505494505495,0.6453900709219857,2.5,BetRivers,2026-05-16T03:35:23Z,Informational match odds snapshot from The Odds API,2026-05-16 03:35:38
220,21.0,25161cf6cf0cd9be17ae2e7e224a1f45,2026-06-17T04:00:00Z,Austria,Jordan,betrivers,BetRivers,totals,Under,american,128,2.2800000000000002,0.43859649122807015,2.5,BetRivers,2026-05-16T03:35:23Z,Informational match odds snapshot from The Odds API,2026-05-16 03:35:38
221,,6cc871c121a1869b4612d3fb22fa9d55,2026-06-17T17:00:00Z,Portugal,Congo DR,fanduel,FanDuel,h2h,DR Congo,american,850,9.5,0.10526315789473684,,FanDuel,2026-05-16T03:34:39Z,Informational match odds snapshot from The Odds API,2026-05-16 03:35:38
222,,6cc871c121a1869b4612d3fb22fa9d55,2026-06-17T17:00:00Z,Portugal,Congo DR,fanduel,FanDuel,h2h,Portugal,american,-425,1.2352941176470589,0.8095238095238095,,FanDuel,2026-05-16T03:34:39Z,Informational match odds snapshot from The Odds API,2026-05-16 03:35:38
223,,6cc871c121a1869b4612d3fb22fa9d55,2026-06-17T17:00:00Z,Portugal,Congo DR,fanduel,FanDuel,h2h,Draw,american,470,5.7,0.17543859649122806,,FanDuel,2026-05-16T03:34:39Z,Informational match odds snapshot from The Odds API,2026-05-16 03:35:38
224,,6cc871c121a1869b4612d3fb22fa9d55,2026-06-17T17:00:00Z,Portugal,Congo DR,draftkings,DraftKings,h2h,DR Congo,american,850,9.5,0.10526315789473684,,DraftKings,2026-05-16T03:35:22Z,Informational match odds snapshot from The Odds API,2026-05-16 03:35:38
225,,6cc871c121a1869b4612d3fb22fa9d55,2026-06-17T17:00:00Z,Portugal,Congo DR,draftkings,DraftKings,h2h,Portugal,american,-340,1.2941176470588236,0.7727272727272727,,DraftKings,2026-05-16T03:35:22Z,Informational match odds snapshot from The Odds API,2026-05-16 03:35:38
226,,6cc871c121a1869b4612d3fb22fa9d55,2026-06-17T17:00:00Z,Portugal,Congo DR,draftkings,DraftKings,h2h,Draw,american,475,5.75,0.17391304347826086,,DraftKings,2026-05-16T03:35:22Z,Informational match odds snapshot from The Odds API,2026-05-16 03:35:38
227,,6cc871c121a1869b4612d3fb22fa9d55,2026-06-17T17:00:00Z,Portugal,Congo DR,betrivers,BetRivers,h2h,DR Congo,american,1000,11.0,0.09090909090909091,,BetRivers,2026-05-16T03:35:23Z,Informational match odds snapshot from The Odds API,2026-05-16 03:35:38
228,,6cc871c121a1869b4612d3fb22fa9d55,2026-06-17T17:00:00Z,Portugal,Congo DR,betrivers,BetRivers,h2h,Portugal,american,-420,1.2380952380952381,0.8076923076923077,,BetRivers,2026-05-16T03:35:23Z,Informational match odds snapshot from The Odds API,2026-05-16 03:35:38
229,,6cc871c121a1869b4612d3fb22fa9d55,2026-06-17T17:00:00Z,Portugal,Congo DR,betrivers,BetRivers,h2h,Draw,american,475,5.75,0.17391304347826086,,BetRivers,2026-05-16T03:35:23Z,Informational match odds snapshot from The Odds API,2026-05-16 03:35:38
230,,6cc871c121a1869b4612d3fb22fa9d55,2026-06-17T17:00:00Z,Portugal,Congo DR,betrivers,BetRivers,totals,Over,american,128,2.2800000000000002,0.43859649122807015,3.5,BetRivers,2026-05-16T03:35:23Z,Informational match odds snapshot from The Odds API,2026-05-16 03:35:38
231,,6cc871c121a1869b4612d3fb22fa9d55,2026-06-17T17:00:00Z,Portugal,Congo DR,betrivers,BetRivers,totals,Under,american,-180,1.5555555555555556,0.6428571428571428,3.5,BetRivers,2026-05-16T03:35:23Z,Informational match odds snapshot from The Odds API,2026-05-16 03:35:38
232,23.0,689096c8cd7e2753b9fec95321943c5d,2026-06-17T20:00:00Z,England,Croatia,fanduel,FanDuel,h2h,Croatia,american,410,5.1,0.19607843137254904,,FanDuel,2026-05-16T03:34:39Z,Informational match odds snapshot from The Odds API,2026-05-16 03:35:38
233,23.0,689096c8cd7e2753b9fec95321943c5d,2026-06-17T20:00:00Z,England,Croatia,fanduel,FanDuel,h2h,England,american,-165,1.606060606060606,0.6226415094339623,,FanDuel,2026-05-16T03:34:39Z,Informational match odds snapshot from The Odds API,2026-05-16 03:35:38
234,23.0,689096c8cd7e2753b9fec95321943c5d,2026-06-17T20:00:00Z,England,Croatia,fanduel,FanDuel,h2h,Draw,american,280,3.8,0.2631578947368421,,FanDuel,2026-05-16T03:34:39Z,Informational match odds snapshot from The Odds API,2026-05-16 03:35:38
235,23.0,689096c8cd7e2753b9fec95321943c5d,2026-06-17T20:00:00Z,England,Croatia,draftkings,DraftKings,h2h,Croatia,american,400,5.0,0.2,,DraftKings,2026-05-16T03:35:22Z,Informational match odds snapshot from The Odds API,2026-05-16 03:35:38
236,23.0,689096c8cd7e2753b9fec95321943c5d,2026-06-17T20:00:00Z,England,Croatia,draftkings,DraftKings,h2h,England,american,-145,1.6896551724137931,0.5918367346938775,,DraftKings,2026-05-16T03:35:22Z,Informational match odds snapshot from The Odds API,2026-05-16 03:35:38
237,23.0,689096c8cd7e2753b9fec95321943c5d,2026-06-17T20:00:00Z,England,Croatia,draftkings,DraftKings,h2h,Draw,american,295,3.95,0.2531645569620253,,DraftKings,2026-05-16T03:35:22Z,Informational match odds snapshot from The Odds API,2026-05-16 03:35:38
238,23.0,689096c8cd7e2753b9fec95321943c5d,2026-06-17T20:00:00Z,England,Croatia,betrivers,BetRivers,h2h,Croatia,american,400,5.0,0.2,,BetRivers,2026-05-16T03:35:23Z,Informational match odds snapshot from The Odds API,2026-05-16 03:35:38
239,23.0,689096c8cd7e2753b9fec95321943c5d,2026-06-17T20:00:00Z,England,Croatia,betrivers,BetRivers,h2h,England,american,-152,1.6578947368421053,0.6031746031746031,,BetRivers,2026-05-16T03:35:23Z,Informational match odds snapshot from The Odds API,2026-05-16 03:35:38
240,23.0,689096c8cd7e2753b9fec95321943c5d,2026-06-17T20:00:00Z,England,Croatia,betrivers,BetRivers,h2h,Draw,american,275,3.75,0.26666666666666666,,BetRivers,2026-05-16T03:35:23Z,Informational match odds snapshot from The Odds API,2026-05-16 03:35:38
241,23.0,689096c8cd7e2753b9fec95321943c5d,2026-06-17T20:00:00Z,England,Croatia,betrivers,BetRivers,totals,Over,american,-118,1.847457627118644,0.5412844036697247,2.5,BetRivers,2026-05-16T03:35:23Z,Informational match odds snapshot from The Odds API,2026-05-16 03:35:38
242,23.0,689096c8cd7e2753b9fec95321943c5d,2026-06-17T20:00:00Z,England,Croatia,betrivers,BetRivers,totals,Under,american,-117,1.8547008547008548,0.5391705069124424,2.5,BetRivers,2026-05-16T03:35:23Z,Informational match odds snapshot from The Odds API,2026-05-16 03:35:38
243,24.0,87afdb85c977b451e1c00f5e3e632601,2026-06-17T23:00:00Z,Ghana,Panama,fanduel,FanDuel,h2h,Ghana,american,-120,1.8333333333333335,0.5454545454545454,,FanDuel,2026-05-16T03:34:39Z,Informational match odds snapshot from The Odds API,2026-05-16 03:35:38
244,24.0,87afdb85c977b451e1c00f5e3e632601,2026-06-17T23:00:00Z,Ghana,Panama,fanduel,FanDuel,h2h,Panama,american,290,3.9,0.25641025641025644,,FanDuel,2026-05-16T03:34:39Z,Informational match odds snapshot from The Odds API,2026-05-16 03:35:38
245,24.0,87afdb85c977b451e1c00f5e3e632601,2026-06-17T23:00:00Z,Ghana,Panama,fanduel,FanDuel,h2h,Draw,american,250,3.5,0.2857142857142857,,FanDuel,2026-05-16T03:34:39Z,Informational match odds snapshot from The Odds API,2026-05-16 03:35:38
246,24.0,87afdb85c977b451e1c00f5e3e632601,2026-06-17T23:00:00Z,Ghana,Panama,draftkings,DraftKings,h2h,Ghana,american,-110,1.9090909090909092,0.5238095238095238,,DraftKings,2026-05-16T03:35:22Z,Informational match odds snapshot from The Odds API,2026-05-16 03:35:38
247,24.0,87afdb85c977b451e1c00f5e3e632601,2026-06-17T23:00:00Z,Ghana,Panama,draftkings,DraftKings,h2h,Panama,american,270,3.7,0.27027027027027023,,DraftKings,2026-05-16T03:35:22Z,Informational match odds snapshot from The Odds API,2026-05-16 03:35:38
248,24.0,87afdb85c977b451e1c00f5e3e632601,2026-06-17T23:00:00Z,Ghana,Panama,draftkings,DraftKings,h2h,Draw,american,290,3.9,0.25641025641025644,,DraftKings,2026-05-16T03:35:22Z,Informational match odds snapshot from The Odds API,2026-05-16 03:35:38
249,24.0,87afdb85c977b451e1c00f5e3e632601,2026-06-17T23:00:00Z,Ghana,Panama,betrivers,BetRivers,h2h,Ghana,american,-121,1.8264462809917354,0.5475113122171946,,BetRivers,2026-05-16T03:35:23Z,Informational match odds snapshot from The Odds API,2026-05-16 03:35:38
250,24.0,87afdb85c977b451e1c00f5e3e632601,2026-06-17T23:00:00Z,Ghana,Panama,betrivers,BetRivers,h2h,Panama,american,325,4.25,0.23529411764705882,,BetRivers,2026-05-16T03:35:23Z,Informational match odds snapshot from The Odds API,2026-05-16 03:35:38
251,24.0,87afdb85c977b451e1c00f5e3e632601,2026-06-17T23:00:00Z,Ghana,Panama,betrivers,BetRivers,h2h,Draw,american,245,3.45,0.2898550724637681,,BetRivers,2026-05-16T03:35:23Z,Informational match odds snapshot from The Odds API,2026-05-16 03:35:38
252,24.0,87afdb85c977b451e1c00f5e3e632601,2026-06-17T23:00:00Z,Ghana,Panama,betrivers,BetRivers,totals,Over,american,102,2.02,0.49504950495049505,2.5,BetRivers,2026-05-16T03:35:23Z,Informational match odds snapshot from The Odds API,2026-05-16 03:35:38
253,24.0,87afdb85c977b451e1c00f5e3e632601,2026-06-17T23:00:00Z,Ghana,Panama,betrivers,BetRivers,totals,Under,american,-139,1.7194244604316546,0.5815899581589958,2.5,BetRivers,2026-05-16T03:35:23Z,Informational match odds snapshot from The Odds API,2026-05-16 03:35:38
254,25.0,22083e7a8e5362c711bc05c1e1319a1f,2026-06-18T02:00:00Z,Uzbekistan,Colombia,fanduel,FanDuel,h2h,Colombia,american,-310,1.3225806451612903,0.7560975609756098,,FanDuel,2026-05-16T03:34:39Z,Informational match odds snapshot from The Odds API,2026-05-16 03:35:38
255,25.0,22083e7a8e5362c711bc05c1e1319a1f,2026-06-18T02:00:00Z,Uzbekistan,Colombia,fanduel,FanDuel,h2h,Uzbekistan,american,700,8.0,0.125,,FanDuel,2026-05-16T03:34:39Z,Informational match odds snapshot from The Odds API,2026-05-16 03:35:38
256,25.0,22083e7a8e5362c711bc05c1e1319a1f,2026-06-18T02:00:00Z,Uzbekistan,Colombia,fanduel,FanDuel,h2h,Draw,american,360,4.6,0.2173913043478261,,FanDuel,2026-05-16T03:34:39Z,Informational match odds snapshot from The Odds API,2026-05-16 03:35:38
257,25.0,22083e7a8e5362c711bc05c1e1319a1f,2026-06-18T02:00:00Z,Uzbekistan,Colombia,draftkings,DraftKings,h2h,Colombia,american,-240,1.4166666666666667,0.7058823529411764,,DraftKings,2026-05-16T03:35:22Z,Informational match odds snapshot from The Odds API,2026-05-16 03:35:38
258,25.0,22083e7a8e5362c711bc05c1e1319a1f,2026-06-18T02:00:00Z,Uzbekistan,Colombia,draftkings,DraftKings,h2h,Uzbekistan,american,700,8.0,0.125,,DraftKings,2026-05-16T03:35:22Z,Informational match odds snapshot from The Odds API,2026-05-16 03:35:38
259,25.0,22083e7a8e5362c711bc05c1e1319a1f,2026-06-18T02:00:00Z,Uzbekistan,Colombia,draftkings,DraftKings,h2h,Draw,american,370,4.7,0.2127659574468085,,DraftKings,2026-05-16T03:35:22Z,Informational match odds snapshot from The Odds API,2026-05-16 03:35:38
260,25.0,22083e7a8e5362c711bc05c1e1319a1f,2026-06-18T02:00:00Z,Uzbekistan,Colombia,betrivers,BetRivers,h2h,Colombia,american,-250,1.4,0.7142857142857143,,BetRivers,2026-05-16T03:35:23Z,Informational match odds snapshot from The Odds API,2026-05-16 03:35:38
261,25.0,22083e7a8e5362c711bc05c1e1319a1f,2026-06-18T02:00:00Z,Uzbekistan,Colombia,betrivers,BetRivers,h2h,Uzbekistan,american,700,8.0,0.125,,BetRivers,2026-05-16T03:35:23Z,Informational match odds snapshot from The Odds API,2026-05-16 03:35:38
262,25.0,22083e7a8e5362c711bc05c1e1319a1f,2026-06-18T02:00:00Z,Uzbekistan,Colombia,betrivers,BetRivers,h2h,Draw,american,340,4.4,0.22727272727272727,,BetRivers,2026-05-16T03:35:23Z,Informational match odds snapshot from The Odds API,2026-05-16 03:35:38
263,25.0,22083e7a8e5362c711bc05c1e1319a1f,2026-06-18T02:00:00Z,Uzbekistan,Colombia,betrivers,BetRivers,totals,Over,american,-132,1.7575757575757576,0.5689655172413793,2.5,BetRivers,2026-05-16T03:35:23Z,Informational match odds snapshot from The Odds API,2026-05-16 03:35:38
264,25.0,22083e7a8e5362c711bc05c1e1319a1f,2026-06-18T02:00:00Z,Uzbekistan,Colombia,betrivers,BetRivers,totals,Under,american,-106,1.9433962264150944,0.5145631067961165,2.5,BetRivers,2026-05-16T03:35:23Z,Informational match odds snapshot from The Odds API,2026-05-16 03:35:38
265,,66ebb9e3f949caded535d97ce686ca09,2026-06-18T16:00:00Z,Czechia,South Africa,betrivers,BetRivers,h2h,Czech Republic,american,106,2.06,0.4854368932038835,,BetRivers,2026-05-16T03:35:24Z,Informational match odds snapshot from The Odds API,2026-05-16 03:35:38
266,,66ebb9e3f949caded535d97ce686ca09,2026-06-18T16:00:00Z,Czechia,South Africa,betrivers,BetRivers,h2h,South Africa,american,290,3.9,0.25641025641025644,,BetRivers,2026-05-16T03:35:24Z,Informational match odds snapshot from The Odds API,2026-05-16 03:35:38
267,,66ebb9e3f949caded535d97ce686ca09,2026-06-18T16:00:00Z,Czechia,South Africa,betrivers,BetRivers,h2h,Draw,american,205,3.05,0.3278688524590164,,BetRivers,2026-05-16T03:35:24Z,Informational match odds snapshot from The Odds API,2026-05-16 03:35:38
268,,66ebb9e3f949caded535d97ce686ca09,2026-06-18T16:00:00Z,Czechia,South Africa,betrivers,BetRivers,totals,Over,american,123,2.23,0.4484304932735426,2.5,BetRivers,2026-05-16T03:35:24Z,Informational match odds snapshot from The Odds API,2026-05-16 03:35:38
269,,66ebb9e3f949caded535d97ce686ca09,2026-06-18T16:00:00Z,Czechia,South Africa,betrivers,BetRivers,totals,Under,american,-175,1.5714285714285714,0.6363636363636364,2.5,BetRivers,2026-05-16T03:35:24Z,Informational match odds snapshot from The Odds API,2026-05-16 03:35:38
270,,66ebb9e3f949caded535d97ce686ca09,2026-06-18T16:00:00Z,Czechia,South Africa,fanduel,FanDuel,h2h,Czech Republic,american,100,2.0,0.5,,FanDuel,2026-05-16T03:34:39Z,Informational match odds snapshot from The Odds API,2026-05-16 03:35:38
271,,66ebb9e3f949caded535d97ce686ca09,2026-06-18T16:00:00Z,Czechia,South Africa,fanduel,FanDuel,h2h,South Africa,american,290,3.9,0.25641025641025644,,FanDuel,2026-05-16T03:34:39Z,Informational match odds snapshot from The Odds API,2026-05-16 03:35:38
272,,66ebb9e3f949caded535d97ce686ca09,2026-06-18T16:00:00Z,Czechia,South Africa,fanduel,FanDuel,h2h,Draw,american,230,3.3,0.30303030303030304,,FanDuel,2026-05-16T03:34:39Z,Informational match odds snapshot from The Odds API,2026-05-16 03:35:38
273,27.0,289bc2e9f5adad8ae4d9a75a7c5461ad,2026-06-18T19:00:00Z,Switzerland,Bosnia and Herzegovina,betrivers,BetRivers,h2h,Bosnia & Herzegovina,american,460,5.6,0.17857142857142858,,BetRivers,2026-05-16T03:35:24Z,Informational match odds snapshot from The Odds API,2026-05-16 03:35:38
274,27.0,289bc2e9f5adad8ae4d9a75a7c5461ad,2026-06-18T19:00:00Z,Switzerland,Bosnia and Herzegovina,betrivers,BetRivers,h2h,Switzerland,american,-180,1.5555555555555556,0.6428571428571428,,BetRivers,2026-05-16T03:35:24Z,Informational match odds snapshot from The Odds API,2026-05-16 03:35:38
275,27.0,289bc2e9f5adad8ae4d9a75a7c5461ad,2026-06-18T19:00:00Z,Switzerland,Bosnia and Herzegovina,betrivers,BetRivers,h2h,Draw,american,295,3.95,0.2531645569620253,,BetRivers,2026-05-16T03:35:24Z,Informational match odds snapshot from The Odds API,2026-05-16 03:35:38
276,27.0,289bc2e9f5adad8ae4d9a75a7c5461ad,2026-06-18T19:00:00Z,Switzerland,Bosnia and Herzegovina,betrivers,BetRivers,totals,Over,american,-118,1.847457627118644,0.5412844036697247,2.5,BetRivers,2026-05-16T03:35:24Z,Informational match odds snapshot from The Odds API,2026-05-16 03:35:38
277,27.0,289bc2e9f5adad8ae4d9a75a7c5461ad,2026-06-18T19:00:00Z,Switzerland,Bosnia and Herzegovina,betrivers,BetRivers,totals,Under,american,-118,1.847457627118644,0.5412844036697247,2.5,BetRivers,2026-05-16T03:35:24Z,Informational match odds snapshot from The Odds API,2026-05-16 03:35:38
278,27.0,289bc2e9f5adad8ae4d9a75a7c5461ad,2026-06-18T19:00:00Z,Switzerland,Bosnia and Herzegovina,fanduel,FanDuel,h2h,Bosnia & Herzegovina,american,550,6.5,0.15384615384615385,,FanDuel,2026-05-16T03:34:39Z,Informational match odds snapshot from The Odds API,2026-05-16 03:35:38
279,27.0,289bc2e9f5adad8ae4d9a75a7c5461ad,2026-06-18T19:00:00Z,Switzerland,Bosnia and Herzegovina,fanduel,FanDuel,h2h,Switzerland,american,-210,1.4761904761904763,0.6774193548387096,,FanDuel,2026-05-16T03:34:39Z,Informational match odds snapshot from The Odds API,2026-05-16 03:35:38
280,27.0,289bc2e9f5adad8ae4d9a75a7c5461ad,2026-06-18T19:00:00Z,Switzerland,Bosnia and Herzegovina,fanduel,FanDuel,h2h,Draw,american,300,4.0,0.25,,FanDuel,2026-05-16T03:34:39Z,Informational match odds snapshot from The Odds API,2026-05-16 03:35:38
281,28.0,fa9502285b257b03e62968d50d9229fc,2026-06-18T22:00:00Z,Canada,Qatar,betrivers,BetRivers,h2h,Canada,american,-167,1.5988023952095807,0.6254681647940076,,BetRivers,2026-05-16T03:35:24Z,Informational match odds snapshot from The Odds API,2026-05-16 03:35:38
282,28.0,fa9502285b257b03e62968d50d9229fc,2026-06-18T22:00:00Z,Canada,Qatar,betrivers,BetRivers,h2h,Qatar,american,480,5.8,0.1724137931034483,,BetRivers,2026-05-16T03:35:24Z,Informational match odds snapshot from The Odds API,2026-05-16 03:35:38
283,28.0,fa9502285b257b03e62968d50d9229fc,2026-06-18T22:00:00Z,Canada,Qatar,betrivers,BetRivers,h2h,Draw,american,270,3.7,0.27027027027027023,,BetRivers,2026-05-16T03:35:24Z,Informational match odds snapshot from The Odds API,2026-05-16 03:35:38
284,28.0,fa9502285b257b03e62968d50d9229fc,2026-06-18T22:00:00Z,Canada,Qatar,betrivers,BetRivers,totals,Over,american,100,2.0,0.5,2.5,BetRivers,2026-05-16T03:35:24Z,Informational match odds snapshot from The Odds API,2026-05-16 03:35:38
285,28.0,fa9502285b257b03e62968d50d9229fc,2026-06-18T22:00:00Z,Canada,Qatar,betrivers,BetRivers,totals,Under,american,-139,1.7194244604316546,0.5815899581589958,2.5,BetRivers,2026-05-16T03:35:24Z,Informational match odds snapshot from The Odds API,2026-05-16 03:35:38
286,28.0,fa9502285b257b03e62968d50d9229fc,2026-06-18T22:00:00Z,Canada,Qatar,fanduel,FanDuel,h2h,Canada,american,-210,1.4761904761904763,0.6774193548387096,,FanDuel,2026-05-16T03:34:39Z,Informational match odds snapshot from The Odds API,2026-05-16 03:35:38
287,28.0,fa9502285b257b03e62968d50d9229fc,2026-06-18T22:00:00Z,Canada,Qatar,fanduel,FanDuel,h2h,Qatar,american,550,6.5,0.15384615384615385,,FanDuel,2026-05-16T03:34:39Z,Informational match odds snapshot from The Odds API,2026-05-16 03:35:38
288,28.0,fa9502285b257b03e62968d50d9229fc,2026-06-18T22:00:00Z,Canada,Qatar,fanduel,FanDuel,h2h,Draw,american,300,4.0,0.25,,FanDuel,2026-05-16T03:34:39Z,Informational match odds snapshot from The Odds API,2026-05-16 03:35:38
289,29.0,0f2aeae6ac8e77223848d23a4ca86b0d,2026-06-19T01:00:00Z,Mexico,South Korea,betrivers,BetRivers,h2h,Mexico,american,-107,1.9345794392523366,0.5169082125603864,,BetRivers,2026-05-16T03:35:24Z,Informational match odds snapshot from The Odds API,2026-05-16 03:35:38
290,29.0,0f2aeae6ac8e77223848d23a4ca86b0d,2026-06-19T01:00:00Z,Mexico,South Korea,betrivers,BetRivers,h2h,South Korea,american,320,4.2,0.23809523809523808,,BetRivers,2026-05-16T03:35:24Z,Informational match odds snapshot from The Odds API,2026-05-16 03:35:38
291,29.0,0f2aeae6ac8e77223848d23a4ca86b0d,2026-06-19T01:00:00Z,Mexico,South Korea,betrivers,BetRivers,h2h,Draw,american,220,3.2,0.3125,,BetRivers,2026-05-16T03:35:24Z,Informational match odds snapshot from The Odds API,2026-05-16 03:35:38
292,29.0,0f2aeae6ac8e77223848d23a4ca86b0d,2026-06-19T01:00:00Z,Mexico,South Korea,betrivers,BetRivers,totals,Over,american,100,2.0,0.5,2.5,BetRivers,2026-05-16T03:35:24Z,Informational match odds snapshot from The Odds API,2026-05-16 03:35:38
293,29.0,0f2aeae6ac8e77223848d23a4ca86b0d,2026-06-19T01:00:00Z,Mexico,South Korea,betrivers,BetRivers,totals,Under,american,-141,1.7092198581560285,0.5850622406639003,2.5,BetRivers,2026-05-16T03:35:24Z,Informational match odds snapshot from The Odds API,2026-05-16 03:35:38
294,29.0,0f2aeae6ac8e77223848d23a4ca86b0d,2026-06-19T01:00:00Z,Mexico,South Korea,fanduel,FanDuel,h2h,Mexico,american,-130,1.7692307692307692,0.5652173913043479,,FanDuel,2026-05-16T03:34:39Z,Informational match odds snapshot from The Odds API,2026-05-16 03:35:38
295,29.0,0f2aeae6ac8e77223848d23a4ca86b0d,2026-06-19T01:00:00Z,Mexico,South Korea,fanduel,FanDuel,h2h,South Korea,american,350,4.5,0.2222222222222222,,FanDuel,2026-05-16T03:34:39Z,Informational match odds snapshot from The Odds API,2026-05-16 03:35:38
296,29.0,0f2aeae6ac8e77223848d23a4ca86b0d,2026-06-19T01:00:00Z,Mexico,South Korea,fanduel,FanDuel,h2h,Draw,american,240,3.4,0.29411764705882354,,FanDuel,2026-05-16T03:34:39Z,Informational match odds snapshot from The Odds API,2026-05-16 03:35:38
297,30.0,065b3573e875f8d23803357f73e5b99e,2026-06-19T19:00:00Z,USA,Australia,fanduel,FanDuel,h2h,Australia,american,380,4.8,0.20833333333333334,,FanDuel,2026-05-16T03:34:39Z,Informational match odds snapshot from The Odds API,2026-05-16 03:35:38
298,30.0,065b3573e875f8d23803357f73e5b99e,2026-06-19T19:00:00Z,USA,Australia,fanduel,FanDuel,h2h,USA,american,-150,1.6666666666666665,0.6000000000000001,,FanDuel,2026-05-16T03:34:39Z,Informational match odds snapshot from The Odds API,2026-05-16 03:35:38
299,30.0,065b3573e875f8d23803357f73e5b99e,2026-06-19T19:00:00Z,USA,Australia,fanduel,FanDuel,h2h,Draw,american,270,3.7,0.27027027027027023,,FanDuel,2026-05-16T03:34:39Z,Informational match odds snapshot from The Odds API,2026-05-16 03:35:38
300,30.0,065b3573e875f8d23803357f73e5b99e,2026-06-19T19:00:00Z,USA,Australia,betrivers,BetRivers,h2h,Australia,american,390,4.9,0.2040816326530612,,BetRivers,2026-05-16T03:35:24Z,Informational match odds snapshot from The Odds API,2026-05-16 03:35:38
301,30.0,065b3573e875f8d23803357f73e5b99e,2026-06-19T19:00:00Z,USA,Australia,betrivers,BetRivers,h2h,USA,american,-136,1.7352941176470589,0.576271186440678,,BetRivers,2026-05-16T03:35:24Z,Informational match odds snapshot from The Odds API,2026-05-16 03:35:38
302,30.0,065b3573e875f8d23803357f73e5b99e,2026-06-19T19:00:00Z,USA,Australia,betrivers,BetRivers,h2h,Draw,american,245,3.45,0.2898550724637681,,BetRivers,2026-05-16T03:35:24Z,Informational match odds snapshot from The Odds API,2026-05-16 03:35:38
303,30.0,065b3573e875f8d23803357f73e5b99e,2026-06-19T19:00:00Z,USA,Australia,betrivers,BetRivers,totals,Over,american,-118,1.847457627118644,0.5412844036697247,2.5,BetRivers,2026-05-16T03:35:24Z,Informational match odds snapshot from The Odds API,2026-05-16 03:35:38
304,30.0,065b3573e875f8d23803357f73e5b99e,2026-06-19T19:00:00Z,USA,Australia,betrivers,BetRivers,totals,Under,american,-118,1.847457627118644,0.5412844036697247,2.5,BetRivers,2026-05-16T03:35:24Z,Informational match odds snapshot from The Odds API,2026-05-16 03:35:38
305,31.0,4cd769aa7bae0ad9762bd69b80ef2903,2026-06-19T22:00:00Z,Scotland,Morocco,betrivers,BetRivers,h2h,Morocco,american,108,2.08,0.4807692307692307,,BetRivers,2026-05-16T03:35:24Z,Informational match odds snapshot from The Odds API,2026-05-16 03:35:38
306,31.0,4cd769aa7bae0ad9762bd69b80ef2903,2026-06-19T22:00:00Z,Scotland,Morocco,betrivers,BetRivers,h2h,Scotland,american,265,3.65,0.273972602739726,,BetRivers,2026-05-16T03:35:24Z,Informational match odds snapshot from The Odds API,2026-05-16 03:35:38
307,31.0,4cd769aa7bae0ad9762bd69b80ef2903,2026-06-19T22:00:00Z,Scotland,Morocco,betrivers,BetRivers,h2h,Draw,american,215,3.15,0.31746031746031744,,BetRivers,2026-05-16T03:35:24Z,Informational match odds snapshot from The Odds API,2026-05-16 03:35:38
308,31.0,4cd769aa7bae0ad9762bd69b80ef2903,2026-06-19T22:00:00Z,Scotland,Morocco,betrivers,BetRivers,totals,Over,american,123,2.23,0.4484304932735426,2.5,BetRivers,2026-05-16T03:35:24Z,Informational match odds snapshot from The Odds API,2026-05-16 03:35:38
309,31.0,4cd769aa7bae0ad9762bd69b80ef2903,2026-06-19T22:00:00Z,Scotland,Morocco,betrivers,BetRivers,totals,Under,american,-175,1.5714285714285714,0.6363636363636364,2.5,BetRivers,2026-05-16T03:35:24Z,Informational match odds snapshot from The Odds API,2026-05-16 03:35:38
310,31.0,4cd769aa7bae0ad9762bd69b80ef2903,2026-06-19T22:00:00Z,Scotland,Morocco,fanduel,FanDuel,h2h,Morocco,american,110,2.1,0.47619047619047616,,FanDuel,2026-05-16T03:34:39Z,Informational match odds snapshot from The Odds API,2026-05-16 03:35:38
311,31.0,4cd769aa7bae0ad9762bd69b80ef2903,2026-06-19T22:00:00Z,Scotland,Morocco,fanduel,FanDuel,h2h,Scotland,american,260,3.6,0.2777777777777778,,FanDuel,2026-05-16T03:34:39Z,Informational match odds snapshot from The Odds API,2026-05-16 03:35:38
312,31.0,4cd769aa7bae0ad9762bd69b80ef2903,2026-06-19T22:00:00Z,Scotland,Morocco,fanduel,FanDuel,h2h,Draw,american,230,3.3,0.30303030303030304,,FanDuel,2026-05-16T03:34:39Z,Informational match odds snapshot from The Odds API,2026-05-16 03:35:38
313,32.0,ef0f74a991d3e35798ae5af77667bce1,2026-06-20T00:30:00Z,Brazil,Haiti,betrivers,BetRivers,h2h,Brazil,american,-3335,1.0299850074962518,0.9708879184861718,,BetRivers,2026-05-16T03:35:24Z,Informational match odds snapshot from The Odds API,2026-05-16 03:35:38
314,32.0,ef0f74a991d3e35798ae5af77667bce1,2026-06-20T00:30:00Z,Brazil,Haiti,betrivers,BetRivers,h2h,Haiti,american,4000,41.0,0.024390243902439025,,BetRivers,2026-05-16T03:35:24Z,Informational match odds snapshot from The Odds API,2026-05-16 03:35:38
315,32.0,ef0f74a991d3e35798ae5af77667bce1,2026-06-20T00:30:00Z,Brazil,Haiti,betrivers,BetRivers,h2h,Draw,american,1200,13.0,0.07692307692307693,,BetRivers,2026-05-16T03:35:24Z,Informational match odds snapshot from The Odds API,2026-05-16 03:35:38
316,32.0,ef0f74a991d3e35798ae5af77667bce1,2026-06-20T00:30:00Z,Brazil,Haiti,betrivers,BetRivers,totals,Over,american,-159,1.6289308176100628,0.613899613899614,3.5,BetRivers,2026-05-16T03:35:24Z,Informational match odds snapshot from The Odds API,2026-05-16 03:35:38
317,32.0,ef0f74a991d3e35798ae5af77667bce1,2026-06-20T00:30:00Z,Brazil,Haiti,betrivers,BetRivers,totals,Under,american,115,2.15,0.46511627906976744,3.5,BetRivers,2026-05-16T03:35:24Z,Informational match odds snapshot from The Odds API,2026-05-16 03:35:38
318,32.0,ef0f74a991d3e35798ae5af77667bce1,2026-06-20T00:30:00Z,Brazil,Haiti,fanduel,FanDuel,h2h,Brazil,american,-2000,1.05,0.9523809523809523,,FanDuel,2026-05-16T03:34:39Z,Informational match odds snapshot from The Odds API,2026-05-16 03:35:38
319,32.0,ef0f74a991d3e35798ae5af77667bce1,2026-06-20T00:30:00Z,Brazil,Haiti,fanduel,FanDuel,h2h,Haiti,american,3500,36.0,0.027777777777777776,,FanDuel,2026-05-16T03:34:39Z,Informational match odds snapshot from The Odds API,2026-05-16 03:35:38
320,32.0,ef0f74a991d3e35798ae5af77667bce1,2026-06-20T00:30:00Z,Brazil,Haiti,fanduel,FanDuel,h2h,Draw,american,1100,12.0,0.08333333333333333,,FanDuel,2026-05-16T03:34:39Z,Informational match odds snapshot from The Odds API,2026-05-16 03:35:38
321,,f955d4b3395ce6e3b5ac1031ca52ca4e,2026-06-20T03:00:00Z,Türkiye,Paraguay,betrivers,BetRivers,h2h,Paraguay,american,235,3.35,0.29850746268656714,,BetRivers,2026-05-16T03:35:24Z,Informational match odds snapshot from The Odds API,2026-05-16 03:35:38
322,,f955d4b3395ce6e3b5ac1031ca52ca4e,2026-06-20T03:00:00Z,Türkiye,Paraguay,betrivers,BetRivers,h2h,Turkey,american,128,2.2800000000000002,0.43859649122807015,,BetRivers,2026-05-16T03:35:24Z,Informational match odds snapshot from The Odds API,2026-05-16 03:35:38
323,,f955d4b3395ce6e3b5ac1031ca52ca4e,2026-06-20T03:00:00Z,Türkiye,Paraguay,betrivers,BetRivers,h2h,Draw,american,205,3.05,0.3278688524590164,,BetRivers,2026-05-16T03:35:24Z,Informational match odds snapshot from The Odds API,2026-05-16 03:35:38
324,,f955d4b3395ce6e3b5ac1031ca52ca4e,2026-06-20T03:00:00Z,Türkiye,Paraguay,betrivers,BetRivers,totals,Over,american,130,2.3,0.4347826086956522,2.5,BetRivers,2026-05-16T03:35:24Z,Informational match odds snapshot from The Odds API,2026-05-16 03:35:38
325,,f955d4b3395ce6e3b5ac1031ca52ca4e,2026-06-20T03:00:00Z,Türkiye,Paraguay,betrivers,BetRivers,totals,Under,american,-182,1.5494505494505495,0.6453900709219857,2.5,BetRivers,2026-05-16T03:35:24Z,Informational match odds snapshot from The Odds API,2026-05-16 03:35:38
326,,f955d4b3395ce6e3b5ac1031ca52ca4e,2026-06-20T03:00:00Z,Türkiye,Paraguay,fanduel,FanDuel,h2h,Paraguay,american,240,3.4,0.29411764705882354,,FanDuel,2026-05-16T03:34:39Z,Informational match odds snapshot from The Odds API,2026-05-16 03:35:38
327,,f955d4b3395ce6e3b5ac1031ca52ca4e,2026-06-20T03:00:00Z,Türkiye,Paraguay,fanduel,FanDuel,h2h,Turkey,american,120,2.2,0.45454545454545453,,FanDuel,2026-05-16T03:34:39Z,Informational match odds snapshot from The Odds API,2026-05-16 03:35:38
328,,f955d4b3395ce6e3b5ac1031ca52ca4e,2026-06-20T03:00:00Z,Türkiye,Paraguay,fanduel,FanDuel,h2h,Draw,american,220,3.2,0.3125,,FanDuel,2026-05-16T03:34:39Z,Informational match odds snapshot from The Odds API,2026-05-16 03:35:38
329,34.0,4f0c518545b0096c68326daf25bffc1e,2026-06-20T17:00:00Z,Netherlands,Sweden,betrivers,BetRivers,h2h,Netherlands,american,-141,1.7092198581560285,0.5850622406639003,,BetRivers,2026-05-16T03:35:24Z,Informational match odds snapshot from The Odds API,2026-05-16 03:35:38
330,34.0,4f0c518545b0096c68326daf25bffc1e,2026-06-20T17:00:00Z,Netherlands,Sweden,betrivers,BetRivers,h2h,Sweden,american,360,4.6,0.2173913043478261,,BetRivers,2026-05-16T03:35:24Z,Informational match odds snapshot from The Odds API,2026-05-16 03:35:38
331,34.0,4f0c518545b0096c68326daf25bffc1e,2026-06-20T17:00:00Z,Netherlands,Sweden,betrivers,BetRivers,h2h,Draw,american,275,3.75,0.26666666666666666,,BetRivers,2026-05-16T03:35:24Z,Informational match odds snapshot from The Odds API,2026-05-16 03:35:38
332,34.0,4f0c518545b0096c68326daf25bffc1e,2026-06-20T17:00:00Z,Netherlands,Sweden,betrivers,BetRivers,totals,Over,american,-132,1.7575757575757576,0.5689655172413793,2.5,BetRivers,2026-05-16T03:35:24Z,Informational match odds snapshot from The Odds API,2026-05-16 03:35:38
333,34.0,4f0c518545b0096c68326daf25bffc1e,2026-06-20T17:00:00Z,Netherlands,Sweden,betrivers,BetRivers,totals,Under,american,-106,1.9433962264150944,0.5145631067961165,2.5,BetRivers,2026-05-16T03:35:24Z,Informational match odds snapshot from The Odds API,2026-05-16 03:35:38
334,34.0,4f0c518545b0096c68326daf25bffc1e,2026-06-20T17:00:00Z,Netherlands,Sweden,fanduel,FanDuel,h2h,Netherlands,american,-165,1.606060606060606,0.6226415094339623,,FanDuel,2026-05-16T03:34:39Z,Informational match odds snapshot from The Odds API,2026-05-16 03:35:38
335,34.0,4f0c518545b0096c68326daf25bffc1e,2026-06-20T17:00:00Z,Netherlands,Sweden,fanduel,FanDuel,h2h,Sweden,american,410,5.1,0.19607843137254904,,FanDuel,2026-05-16T03:34:39Z,Informational match odds snapshot from The Odds API,2026-05-16 03:35:38
336,34.0,4f0c518545b0096c68326daf25bffc1e,2026-06-20T17:00:00Z,Netherlands,Sweden,fanduel,FanDuel,h2h,Draw,american,290,3.9,0.25641025641025644,,FanDuel,2026-05-16T03:34:39Z,Informational match odds snapshot from The Odds API,2026-05-16 03:35:38
337,,f1ab0f69832972a329243522ceaa7804,2026-06-20T20:00:00Z,Germany,Côte d'Ivoire,betrivers,BetRivers,h2h,Germany,american,-195,1.5128205128205128,0.6610169491525424,,BetRivers,2026-05-16T03:35:24Z,Informational match odds snapshot from The Odds API,2026-05-16 03:35:38
338,,f1ab0f69832972a329243522ceaa7804,2026-06-20T20:00:00Z,Germany,Côte d'Ivoire,betrivers,BetRivers,h2h,Ivory Coast,american,480,5.8,0.1724137931034483,,BetRivers,2026-05-16T03:35:24Z,Informational match odds snapshot from The Odds API,2026-05-16 03:35:38
339,,f1ab0f69832972a329243522ceaa7804,2026-06-20T20:00:00Z,Germany,Côte d'Ivoire,betrivers,BetRivers,h2h,Draw,american,320,4.2,0.23809523809523808,,BetRivers,2026-05-16T03:35:24Z,Informational match odds snapshot from The Odds API,2026-05-16 03:35:38
340,,f1ab0f69832972a329243522ceaa7804,2026-06-20T20:00:00Z,Germany,Côte d'Ivoire,betrivers,BetRivers,totals,Over,american,-165,1.606060606060606,0.6226415094339623,2.5,BetRivers,2026-05-16T03:35:24Z,Informational match odds snapshot from The Odds API,2026-05-16 03:35:38
341,,f1ab0f69832972a329243522ceaa7804,2026-06-20T20:00:00Z,Germany,Côte d'Ivoire,betrivers,BetRivers,totals,Under,american,118,2.1799999999999997,0.4587155963302753,2.5,BetRivers,2026-05-16T03:35:24Z,Informational match odds snapshot from The Odds API,2026-05-16 03:35:38
342,,f1ab0f69832972a329243522ceaa7804,2026-06-20T20:00:00Z,Germany,Côte d'Ivoire,fanduel,FanDuel,h2h,Germany,american,-190,1.526315789473684,0.6551724137931035,,FanDuel,2026-05-16T03:34:39Z,Informational match odds snapshot from The Odds API,2026-05-16 03:35:38
343,,f1ab0f69832972a329243522ceaa7804,2026-06-20T20:00:00Z,Germany,Côte d'Ivoire,fanduel,FanDuel,h2h,Ivory Coast,american,470,5.7,0.17543859649122806,,FanDuel,2026-05-16T03:34:39Z,Informational match odds snapshot from The Odds API,2026-05-16 03:35:38
344,,f1ab0f69832972a329243522ceaa7804,2026-06-20T20:00:00Z,Germany,Côte d'Ivoire,fanduel,FanDuel,h2h,Draw,american,320,4.2,0.23809523809523808,,FanDuel,2026-05-16T03:34:39Z,Informational match odds snapshot from The Odds API,2026-05-16 03:35:38
345,36.0,681895f294b670b4c7b14495dfb583bc,2026-06-21T00:00:00Z,Ecuador,Curaçao,betrivers,BetRivers,h2h,Curaçao,american,1100,12.0,0.08333333333333333,,BetRivers,2026-05-16T03:35:24Z,Informational match odds snapshot from The Odds API,2026-05-16 03:35:38
346,36.0,681895f294b670b4c7b14495dfb583bc,2026-06-21T00:00:00Z,Ecuador,Curaçao,betrivers,BetRivers,h2h,Ecuador,american,-455,1.2197802197802199,0.8198198198198198,,BetRivers,2026-05-16T03:35:24Z,Informational match odds snapshot from The Odds API,2026-05-16 03:35:38
347,36.0,681895f294b670b4c7b14495dfb583bc,2026-06-21T00:00:00Z,Ecuador,Curaçao,betrivers,BetRivers,h2h,Draw,american,500,6.0,0.16666666666666666,,BetRivers,2026-05-16T03:35:24Z,Informational match odds snapshot from The Odds API,2026-05-16 03:35:38
348,36.0,681895f294b670b4c7b14495dfb583bc,2026-06-21T00:00:00Z,Ecuador,Curaçao,betrivers,BetRivers,totals,Over,american,-136,1.7352941176470589,0.576271186440678,2.5,BetRivers,2026-05-16T03:35:24Z,Informational match odds snapshot from The Odds API,2026-05-16 03:35:38
349,36.0,681895f294b670b4c7b14495dfb583bc,2026-06-21T00:00:00Z,Ecuador,Curaçao,betrivers,BetRivers,totals,Under,american,-104,1.9615384615384617,0.5098039215686274,2.5,BetRivers,2026-05-16T03:35:24Z,Informational match odds snapshot from The Odds API,2026-05-16 03:35:38
350,36.0,681895f294b670b4c7b14495dfb583bc,2026-06-21T00:00:00Z,Ecuador,Curaçao,fanduel,FanDuel,h2h,Curaçao,american,1100,12.0,0.08333333333333333,,FanDuel,2026-05-16T03:34:39Z,Informational match odds snapshot from The Odds API,2026-05-16 03:35:38
351,36.0,681895f294b670b4c7b14495dfb583bc,2026-06-21T00:00:00Z,Ecuador,Curaçao,fanduel,FanDuel,h2h,Ecuador,american,-475,1.2105263157894737,0.8260869565217391,,FanDuel,2026-05-16T03:34:39Z,Informational match odds snapshot from The Odds API,2026-05-16 03:35:38
352,36.0,681895f294b670b4c7b14495dfb583bc,2026-06-21T00:00:00Z,Ecuador,Curaçao,fanduel,FanDuel,h2h,Draw,american,470,5.7,0.17543859649122806,,FanDuel,2026-05-16T03:34:39Z,Informational match odds snapshot from The Odds API,2026-05-16 03:35:38
353,37.0,dfc5202cf1b8ae002cf952cd04f235b9,2026-06-21T04:00:00Z,Tunisia,Japan,betrivers,BetRivers,h2h,Japan,american,-121,1.8264462809917354,0.5475113122171946,,BetRivers,2026-05-16T03:35:24Z,Informational match odds snapshot from The Odds API,2026-05-16 03:35:38
354,37.0,dfc5202cf1b8ae002cf952cd04f235b9,2026-06-21T04:00:00Z,Tunisia,Japan,betrivers,BetRivers,h2h,Tunisia,american,360,4.6,0.2173913043478261,,BetRivers,2026-05-16T03:35:24Z,Informational match odds snapshot from The Odds API,2026-05-16 03:35:38
355,37.0,dfc5202cf1b8ae002cf952cd04f235b9,2026-06-21T04:00:00Z,Tunisia,Japan,betrivers,BetRivers,h2h,Draw,american,230,3.3,0.30303030303030304,,BetRivers,2026-05-16T03:35:24Z,Informational match odds snapshot from The Odds API,2026-05-16 03:35:38
356,37.0,dfc5202cf1b8ae002cf952cd04f235b9,2026-06-21T04:00:00Z,Tunisia,Japan,betrivers,BetRivers,totals,Over,american,138,2.38,0.42016806722689076,2.5,BetRivers,2026-05-16T03:35:24Z,Informational match odds snapshot from The Odds API,2026-05-16 03:35:38
357,37.0,dfc5202cf1b8ae002cf952cd04f235b9,2026-06-21T04:00:00Z,Tunisia,Japan,betrivers,BetRivers,totals,Under,american,-195,1.5128205128205128,0.6610169491525424,2.5,BetRivers,2026-05-16T03:35:24Z,Informational match odds snapshot from The Odds API,2026-05-16 03:35:38
358,37.0,dfc5202cf1b8ae002cf952cd04f235b9,2026-06-21T04:00:00Z,Tunisia,Japan,fanduel,FanDuel,h2h,Japan,american,-120,1.8333333333333335,0.5454545454545454,,FanDuel,2026-05-16T03:34:39Z,Informational match odds snapshot from The Odds API,2026-05-16 03:35:38
359,37.0,dfc5202cf1b8ae002cf952cd04f235b9,2026-06-21T04:00:00Z,Tunisia,Japan,fanduel,FanDuel,h2h,Tunisia,american,340,4.4,0.22727272727272727,,FanDuel,2026-05-16T03:34:39Z,Informational match odds snapshot from The Odds API,2026-05-16 03:35:38
360,37.0,dfc5202cf1b8ae002cf952cd04f235b9,2026-06-21T04:00:00Z,Tunisia,Japan,fanduel,FanDuel,h2h,Draw,american,240,3.4,0.29411764705882354,,FanDuel,2026-05-16T03:34:39Z,Informational match odds snapshot from The Odds API,2026-05-16 03:35:38
361,38.0,73529a242e319a86bf3d00ddb4accc37,2026-06-21T16:00:00Z,Spain,Saudi Arabia,betrivers,BetRivers,h2h,Saudi Arabia,american,1900,20.0,0.05,,BetRivers,2026-05-16T03:35:24Z,Informational match odds snapshot from The Odds API,2026-05-16 03:35:38
362,38.0,73529a242e319a86bf3d00ddb4accc37,2026-06-21T16:00:00Z,Spain,Saudi Arabia,betrivers,BetRivers,h2h,Spain,american,-835,1.1197604790419162,0.8930481283422459,,BetRivers,2026-05-16T03:35:24Z,Informational match odds snapshot from The Odds API,2026-05-16 03:35:38
363,38.0,73529a242e319a86bf3d00ddb4accc37,2026-06-21T16:00:00Z,Spain,Saudi Arabia,betrivers,BetRivers,h2h,Draw,american,650,7.5,0.13333333333333333,,BetRivers,2026-05-16T03:35:24Z,Informational match odds snapshot from The Odds API,2026-05-16 03:35:38
364,38.0,73529a242e319a86bf3d00ddb4accc37,2026-06-21T16:00:00Z,Spain,Saudi Arabia,betrivers,BetRivers,totals,Over,american,118,2.1799999999999997,0.4587155963302753,3.5,BetRivers,2026-05-16T03:35:24Z,Informational match odds snapshot from The Odds API,2026-05-16 03:35:38
365,38.0,73529a242e319a86bf3d00ddb4accc37,2026-06-21T16:00:00Z,Spain,Saudi Arabia,betrivers,BetRivers,totals,Under,american,-165,1.606060606060606,0.6226415094339623,3.5,BetRivers,2026-05-16T03:35:24Z,Informational match odds snapshot from The Odds API,2026-05-16 03:35:38
366,38.0,73529a242e319a86bf3d00ddb4accc37,2026-06-21T16:00:00Z,Spain,Saudi Arabia,fanduel,FanDuel,h2h,Saudi Arabia,american,1900,20.0,0.05,,FanDuel,2026-05-16T03:34:39Z,Informational match odds snapshot from The Odds API,2026-05-16 03:35:38
367,38.0,73529a242e319a86bf3d00ddb4accc37,2026-06-21T16:00:00Z,Spain,Saudi Arabia,fanduel,FanDuel,h2h,Spain,american,-900,1.1111111111111112,0.8999999999999999,,FanDuel,2026-05-16T03:34:39Z,Informational match odds snapshot from The Odds API,2026-05-16 03:35:38
368,38.0,73529a242e319a86bf3d00ddb4accc37,2026-06-21T16:00:00Z,Spain,Saudi Arabia,fanduel,FanDuel,h2h,Draw,american,700,8.0,0.125,,FanDuel,2026-05-16T03:34:39Z,Informational match odds snapshot from The Odds API,2026-05-16 03:35:38
369,,852a3abe6d46820720febc0fedebff9a,2026-06-21T22:00:00Z,Uruguay,Cabo Verde,betrivers,BetRivers,h2h,Cape Verde,american,575,6.75,0.14814814814814814,,BetRivers,2026-05-16T03:35:24Z,Informational match odds snapshot from The Odds API,2026-05-16 03:35:38
370,,852a3abe6d46820720febc0fedebff9a,2026-06-21T22:00:00Z,Uruguay,Cabo Verde,betrivers,BetRivers,h2h,Uruguay,american,-225,1.4444444444444444,0.6923076923076923,,BetRivers,2026-05-16T03:35:24Z,Informational match odds snapshot from The Odds API,2026-05-16 03:35:38
371,,852a3abe6d46820720febc0fedebff9a,2026-06-21T22:00:00Z,Uruguay,Cabo Verde,betrivers,BetRivers,h2h,Draw,american,340,4.4,0.22727272727272727,,BetRivers,2026-05-16T03:35:24Z,Informational match odds snapshot from The Odds API,2026-05-16 03:35:38
372,,852a3abe6d46820720febc0fedebff9a,2026-06-21T22:00:00Z,Uruguay,Cabo Verde,betrivers,BetRivers,totals,Over,american,-118,1.847457627118644,0.5412844036697247,2.5,BetRivers,2026-05-16T03:35:24Z,Informational match odds snapshot from The Odds API,2026-05-16 03:35:38
373,,852a3abe6d46820720febc0fedebff9a,2026-06-21T22:00:00Z,Uruguay,Cabo Verde,betrivers,BetRivers,totals,Under,american,-118,1.847457627118644,0.5412844036697247,2.5,BetRivers,2026-05-16T03:35:24Z,Informational match odds snapshot from The Odds API,2026-05-16 03:35:38
374,,852a3abe6d46820720febc0fedebff9a,2026-06-21T22:00:00Z,Uruguay,Cabo Verde,fanduel,FanDuel,h2h,Cape Verde,american,650,7.5,0.13333333333333333,,FanDuel,2026-05-16T03:34:39Z,Informational match odds snapshot from The Odds API,2026-05-16 03:35:38
375,,852a3abe6d46820720febc0fedebff9a,2026-06-21T22:00:00Z,Uruguay,Cabo Verde,fanduel,FanDuel,h2h,Uruguay,american,-260,1.3846153846153846,0.7222222222222222,,FanDuel,2026-05-16T03:34:39Z,Informational match odds snapshot from The Odds API,2026-05-16 03:35:38
376,,852a3abe6d46820720febc0fedebff9a,2026-06-21T22:00:00Z,Uruguay,Cabo Verde,fanduel,FanDuel,h2h,Draw,american,340,4.4,0.22727272727272727,,FanDuel,2026-05-16T03:34:39Z,Informational match odds snapshot from The Odds API,2026-05-16 03:35:38
377,41.0,c1ec9a65f4b4cf74477b368a7d6282de,2026-06-22T01:00:00Z,New Zealand,Egypt,betrivers,BetRivers,h2h,Egypt,american,-137,1.72992700729927,0.5780590717299579,,BetRivers,2026-05-16T03:35:24Z,Informational match odds snapshot from The Odds API,2026-05-16 03:35:38
378,41.0,c1ec9a65f4b4cf74477b368a7d6282de,2026-06-22T01:00:00Z,New Zealand,Egypt,betrivers,BetRivers,h2h,New Zealand,american,380,4.8,0.20833333333333334,,BetRivers,2026-05-16T03:35:24Z,Informational match odds snapshot from The Odds API,2026-05-16 03:35:38
379,41.0,c1ec9a65f4b4cf74477b368a7d6282de,2026-06-22T01:00:00Z,New Zealand,Egypt,betrivers,BetRivers,h2h,Draw,american,250,3.5,0.2857142857142857,,BetRivers,2026-05-16T03:35:24Z,Informational match odds snapshot from The Odds API,2026-05-16 03:35:38
380,41.0,c1ec9a65f4b4cf74477b368a7d6282de,2026-06-22T01:00:00Z,New Zealand,Egypt,betrivers,BetRivers,totals,Over,american,112,2.12,0.4716981132075471,2.5,BetRivers,2026-05-16T03:35:24Z,Informational match odds snapshot from The Odds API,2026-05-16 03:35:38
381,41.0,c1ec9a65f4b4cf74477b368a7d6282de,2026-06-22T01:00:00Z,New Zealand,Egypt,betrivers,BetRivers,totals,Under,american,-155,1.6451612903225805,0.607843137254902,2.5,BetRivers,2026-05-16T03:35:24Z,Informational match odds snapshot from The Odds API,2026-05-16 03:35:38
382,41.0,c1ec9a65f4b4cf74477b368a7d6282de,2026-06-22T01:00:00Z,New Zealand,Egypt,fanduel,FanDuel,h2h,Egypt,american,-150,1.6666666666666665,0.6000000000000001,,FanDuel,2026-05-16T03:34:39Z,Informational match odds snapshot from The Odds API,2026-05-16 03:35:38
383,41.0,c1ec9a65f4b4cf74477b368a7d6282de,2026-06-22T01:00:00Z,New Zealand,Egypt,fanduel,FanDuel,h2h,New Zealand,american,430,5.3,0.18867924528301888,,FanDuel,2026-05-16T03:34:39Z,Informational match odds snapshot from The Odds API,2026-05-16 03:35:38
384,41.0,c1ec9a65f4b4cf74477b368a7d6282de,2026-06-22T01:00:00Z,New Zealand,Egypt,fanduel,FanDuel,h2h,Draw,american,250,3.5,0.2857142857142857,,FanDuel,2026-05-16T03:34:39Z,Informational match odds snapshot from The Odds API,2026-05-16 03:35:38
385,42.0,be6c63f416c67bca1300a98f5b89c3af,2026-06-22T17:00:00Z,Argentina,Austria,betrivers,BetRivers,h2h,Argentina,american,-157,1.6369426751592355,0.6108949416342413,,BetRivers,2026-05-16T03:35:24Z,Informational match odds snapshot from The Odds API,2026-05-16 03:35:38
386,42.0,be6c63f416c67bca1300a98f5b89c3af,2026-06-22T17:00:00Z,Argentina,Austria,betrivers,BetRivers,h2h,Austria,american,430,5.3,0.18867924528301888,,BetRivers,2026-05-16T03:35:24Z,Informational match odds snapshot from The Odds API,2026-05-16 03:35:38
387,42.0,be6c63f416c67bca1300a98f5b89c3af,2026-06-22T17:00:00Z,Argentina,Austria,betrivers,BetRivers,h2h,Draw,american,265,3.65,0.273972602739726,,BetRivers,2026-05-16T03:35:24Z,Informational match odds snapshot from The Odds API,2026-05-16 03:35:38
388,42.0,be6c63f416c67bca1300a98f5b89c3af,2026-06-22T17:00:00Z,Argentina,Austria,betrivers,BetRivers,totals,Over,american,-106,1.9433962264150944,0.5145631067961165,2.5,BetRivers,2026-05-16T03:35:24Z,Informational match odds snapshot from The Odds API,2026-05-16 03:35:38
389,42.0,be6c63f416c67bca1300a98f5b89c3af,2026-06-22T17:00:00Z,Argentina,Austria,betrivers,BetRivers,totals,Under,american,-132,1.7575757575757576,0.5689655172413793,2.5,BetRivers,2026-05-16T03:35:24Z,Informational match odds snapshot from The Odds API,2026-05-16 03:35:38
390,42.0,be6c63f416c67bca1300a98f5b89c3af,2026-06-22T17:00:00Z,Argentina,Austria,fanduel,FanDuel,h2h,Argentina,american,-165,1.606060606060606,0.6226415094339623,,FanDuel,2026-05-16T03:34:39Z,Informational match odds snapshot from The Odds API,2026-05-16 03:35:38
391,42.0,be6c63f416c67bca1300a98f5b89c3af,2026-06-22T17:00:00Z,Argentina,Austria,fanduel,FanDuel,h2h,Austria,american,410,5.1,0.19607843137254904,,FanDuel,2026-05-16T03:34:39Z,Informational match odds snapshot from The Odds API,2026-05-16 03:35:38
392,42.0,be6c63f416c67bca1300a98f5b89c3af,2026-06-22T17:00:00Z,Argentina,Austria,fanduel,FanDuel,h2h,Draw,american,280,3.8,0.2631578947368421,,FanDuel,2026-05-16T03:34:39Z,Informational match odds snapshot from The Odds API,2026-05-16 03:35:38
393,43.0,7ad7a0ce2ef2618bb59b066da5642f70,2026-06-22T21:00:00Z,France,Iraq,betrivers,BetRivers,h2h,France,american,-835,1.1197604790419162,0.8930481283422459,,BetRivers,2026-05-16T03:35:24Z,Informational match odds snapshot from The Odds API,2026-05-16 03:35:38
394,43.0,7ad7a0ce2ef2618bb59b066da5642f70,2026-06-22T21:00:00Z,France,Iraq,betrivers,BetRivers,h2h,Iraq,american,2200,23.0,0.043478260869565216,,BetRivers,2026-05-16T03:35:24Z,Informational match odds snapshot from The Odds API,2026-05-16 03:35:38
395,43.0,7ad7a0ce2ef2618bb59b066da5642f70,2026-06-22T21:00:00Z,France,Iraq,betrivers,BetRivers,h2h,Draw,american,650,7.5,0.13333333333333333,,BetRivers,2026-05-16T03:35:24Z,Informational match odds snapshot from The Odds API,2026-05-16 03:35:38
396,43.0,7ad7a0ce2ef2618bb59b066da5642f70,2026-06-22T21:00:00Z,France,Iraq,betrivers,BetRivers,totals,Over,american,-190,1.526315789473684,0.6551724137931035,2.5,BetRivers,2026-05-16T03:35:24Z,Informational match odds snapshot from The Odds API,2026-05-16 03:35:38
397,43.0,7ad7a0ce2ef2618bb59b066da5642f70,2026-06-22T21:00:00Z,France,Iraq,betrivers,BetRivers,totals,Under,american,135,2.35,0.425531914893617,2.5,BetRivers,2026-05-16T03:35:24Z,Informational match odds snapshot from The Odds API,2026-05-16 03:35:38
398,44.0,3f48473742ca0fd2a85930554720c75e,2026-06-23T00:00:00Z,Norway,Senegal,betrivers,BetRivers,h2h,Norway,american,112,2.12,0.4716981132075471,,BetRivers,2026-05-16T03:35:24Z,Informational match odds snapshot from The Odds API,2026-05-16 03:35:38
399,44.0,3f48473742ca0fd2a85930554720c75e,2026-06-23T00:00:00Z,Norway,Senegal,betrivers,BetRivers,h2h,Senegal,american,250,3.5,0.2857142857142857,,BetRivers,2026-05-16T03:35:24Z,Informational match odds snapshot from The Odds API,2026-05-16 03:35:38
400,44.0,3f48473742ca0fd2a85930554720c75e,2026-06-23T00:00:00Z,Norway,Senegal,betrivers,BetRivers,h2h,Draw,american,220,3.2,0.3125,,BetRivers,2026-05-16T03:35:24Z,Informational match odds snapshot from The Odds API,2026-05-16 03:35:38
401,44.0,3f48473742ca0fd2a85930554720c75e,2026-06-23T00:00:00Z,Norway,Senegal,betrivers,BetRivers,totals,Over,american,-132,1.7575757575757576,0.5689655172413793,2.5,BetRivers,2026-05-16T03:35:24Z,Informational match odds snapshot from The Odds API,2026-05-16 03:35:38
402,44.0,3f48473742ca0fd2a85930554720c75e,2026-06-23T00:00:00Z,Norway,Senegal,betrivers,BetRivers,totals,Under,american,-106,1.9433962264150944,0.5145631067961165,2.5,BetRivers,2026-05-16T03:35:24Z,Informational match odds snapshot from The Odds API,2026-05-16 03:35:38
403,44.0,3f48473742ca0fd2a85930554720c75e,2026-06-23T00:00:00Z,Norway,Senegal,fanduel,FanDuel,h2h,Norway,american,105,2.05,0.48780487804878053,,FanDuel,2026-05-16T03:34:39Z,Informational match odds snapshot from The Odds API,2026-05-16 03:35:38
404,44.0,3f48473742ca0fd2a85930554720c75e,2026-06-23T00:00:00Z,Norway,Senegal,fanduel,FanDuel,h2h,Senegal,american,240,3.4,0.29411764705882354,,FanDuel,2026-05-16T03:34:39Z,Informational match odds snapshot from The Odds API,2026-05-16 03:35:38
405,44.0,3f48473742ca0fd2a85930554720c75e,2026-06-23T00:00:00Z,Norway,Senegal,fanduel,FanDuel,h2h,Draw,american,250,3.5,0.2857142857142857,,FanDuel,2026-05-16T03:34:39Z,Informational match odds snapshot from The Odds API,2026-05-16 03:35:38
406,45.0,fd8533b650e655030f6a7946f8795db2,2026-06-23T03:00:00Z,Jordan,Algeria,betrivers,BetRivers,h2h,Algeria,american,-132,1.7575757575757576,0.5689655172413793,,BetRivers,2026-05-16T03:35:24Z,Informational match odds snapshot from The Odds API,2026-05-16 03:35:38
407,45.0,fd8533b650e655030f6a7946f8795db2,2026-06-23T03:00:00Z,Jordan,Algeria,betrivers,BetRivers,h2h,Jordan,american,350,4.5,0.2222222222222222,,BetRivers,2026-05-16T03:35:24Z,Informational match odds snapshot from The Odds API,2026-05-16 03:35:38
408,45.0,fd8533b650e655030f6a7946f8795db2,2026-06-23T03:00:00Z,Jordan,Algeria,betrivers,BetRivers,h2h,Draw,american,255,3.55,0.28169014084507044,,BetRivers,2026-05-16T03:35:24Z,Informational match odds snapshot from The Odds API,2026-05-16 03:35:38
409,45.0,fd8533b650e655030f6a7946f8795db2,2026-06-23T03:00:00Z,Jordan,Algeria,betrivers,BetRivers,totals,Over,american,-118,1.847457627118644,0.5412844036697247,2.5,BetRivers,2026-05-16T03:35:24Z,Informational match odds snapshot from The Odds API,2026-05-16 03:35:38
410,45.0,fd8533b650e655030f6a7946f8795db2,2026-06-23T03:00:00Z,Jordan,Algeria,betrivers,BetRivers,totals,Under,american,-118,1.847457627118644,0.5412844036697247,2.5,BetRivers,2026-05-16T03:35:24Z,Informational match odds snapshot from The Odds API,2026-05-16 03:35:38
411,45.0,fd8533b650e655030f6a7946f8795db2,2026-06-23T03:00:00Z,Jordan,Algeria,fanduel,FanDuel,h2h,Algeria,american,-150,1.6666666666666665,0.6000000000000001,,FanDuel,2026-05-16T03:34:39Z,Informational match odds snapshot from The Odds API,2026-05-16 03:35:38
412,45.0,fd8533b650e655030f6a7946f8795db2,2026-06-23T03:00:00Z,Jordan,Algeria,fanduel,FanDuel,h2h,Jordan,american,380,4.8,0.20833333333333334,,FanDuel,2026-05-16T03:34:39Z,Informational match odds snapshot from The Odds API,2026-05-16 03:35:38
413,45.0,fd8533b650e655030f6a7946f8795db2,2026-06-23T03:00:00Z,Jordan,Algeria,fanduel,FanDuel,h2h,Draw,american,270,3.7,0.27027027027027023,,FanDuel,2026-05-16T03:34:39Z,Informational match odds snapshot from The Odds API,2026-05-16 03:35:38
414,46.0,8ba93d190f1f934e33862a97a6353a6e,2026-06-23T17:00:00Z,Portugal,Uzbekistan,betrivers,BetRivers,h2h,Portugal,american,-590,1.1694915254237288,0.855072463768116,,BetRivers,2026-05-16T03:35:24Z,Informational match odds snapshot from The Odds API,2026-05-16 03:35:38
415,46.0,8ba93d190f1f934e33862a97a6353a6e,2026-06-23T17:00:00Z,Portugal,Uzbekistan,betrivers,BetRivers,h2h,Uzbekistan,american,1400,15.0,0.06666666666666667,,BetRivers,2026-05-16T03:35:24Z,Informational match odds snapshot from The Odds API,2026-05-16 03:35:38
416,46.0,8ba93d190f1f934e33862a97a6353a6e,2026-06-23T17:00:00Z,Portugal,Uzbekistan,betrivers,BetRivers,h2h,Draw,american,575,6.75,0.14814814814814814,,BetRivers,2026-05-16T03:35:24Z,Informational match odds snapshot from The Odds API,2026-05-16 03:35:38
417,46.0,8ba93d190f1f934e33862a97a6353a6e,2026-06-23T17:00:00Z,Portugal,Uzbekistan,betrivers,BetRivers,totals,Over,american,112,2.12,0.4716981132075471,3.5,BetRivers,2026-05-16T03:35:24Z,Informational match odds snapshot from The Odds API,2026-05-16 03:35:38
418,46.0,8ba93d190f1f934e33862a97a6353a6e,2026-06-23T17:00:00Z,Portugal,Uzbekistan,betrivers,BetRivers,totals,Under,american,-155,1.6451612903225805,0.607843137254902,3.5,BetRivers,2026-05-16T03:35:24Z,Informational match odds snapshot from The Odds API,2026-05-16 03:35:38
419,46.0,8ba93d190f1f934e33862a97a6353a6e,2026-06-23T17:00:00Z,Portugal,Uzbekistan,fanduel,FanDuel,h2h,Portugal,american,-550,1.1818181818181819,0.8461538461538461,,FanDuel,2026-05-16T03:34:39Z,Informational match odds snapshot from The Odds API,2026-05-16 03:35:38
420,46.0,8ba93d190f1f934e33862a97a6353a6e,2026-06-23T17:00:00Z,Portugal,Uzbekistan,fanduel,FanDuel,h2h,Uzbekistan,american,1100,12.0,0.08333333333333333,,FanDuel,2026-05-16T03:34:39Z,Informational match odds snapshot from The Odds API,2026-05-16 03:35:38
421,46.0,8ba93d190f1f934e33862a97a6353a6e,2026-06-23T17:00:00Z,Portugal,Uzbekistan,fanduel,FanDuel,h2h,Draw,american,500,6.0,0.16666666666666666,,FanDuel,2026-05-16T03:34:39Z,Informational match odds snapshot from The Odds API,2026-05-16 03:35:38
422,47.0,2f49dd8deae3079dc4eb2d634d18a99c,2026-06-23T20:00:00Z,England,Ghana,betrivers,BetRivers,h2h,England,american,-295,1.3389830508474576,0.7468354430379747,,BetRivers,2026-05-16T03:35:24Z,Informational match odds snapshot from The Odds API,2026-05-16 03:35:38
423,47.0,2f49dd8deae3079dc4eb2d634d18a99c,2026-06-23T20:00:00Z,England,Ghana,betrivers,BetRivers,h2h,Ghana,american,750,8.5,0.11764705882352941,,BetRivers,2026-05-16T03:35:24Z,Informational match odds snapshot from The Odds API,2026-05-16 03:35:38
424,47.0,2f49dd8deae3079dc4eb2d634d18a99c,2026-06-23T20:00:00Z,England,Ghana,betrivers,BetRivers,h2h,Draw,american,380,4.8,0.20833333333333334,,BetRivers,2026-05-16T03:35:24Z,Informational match odds snapshot from The Odds API,2026-05-16 03:35:38
425,47.0,2f49dd8deae3079dc4eb2d634d18a99c,2026-06-23T20:00:00Z,England,Ghana,betrivers,BetRivers,totals,Over,american,-150,1.6666666666666665,0.6000000000000001,2.5,BetRivers,2026-05-16T03:35:24Z,Informational match odds snapshot from The Odds API,2026-05-16 03:35:38
426,47.0,2f49dd8deae3079dc4eb2d634d18a99c,2026-06-23T20:00:00Z,England,Ghana,betrivers,BetRivers,totals,Under,american,107,2.0700000000000003,0.48309178743961345,2.5,BetRivers,2026-05-16T03:35:24Z,Informational match odds snapshot from The Odds API,2026-05-16 03:35:38
427,47.0,2f49dd8deae3079dc4eb2d634d18a99c,2026-06-23T20:00:00Z,England,Ghana,fanduel,FanDuel,h2h,England,american,-320,1.3125,0.7619047619047619,,FanDuel,2026-05-16T03:34:39Z,Informational match odds snapshot from The Odds API,2026-05-16 03:35:38
428,47.0,2f49dd8deae3079dc4eb2d634d18a99c,2026-06-23T20:00:00Z,England,Ghana,fanduel,FanDuel,h2h,Ghana,american,750,8.5,0.11764705882352941,,FanDuel,2026-05-16T03:34:39Z,Informational match odds snapshot from The Odds API,2026-05-16 03:35:38
429,47.0,2f49dd8deae3079dc4eb2d634d18a99c,2026-06-23T20:00:00Z,England,Ghana,fanduel,FanDuel,h2h,Draw,american,410,5.1,0.19607843137254904,,FanDuel,2026-05-16T03:34:39Z,Informational match odds snapshot from The Odds API,2026-05-16 03:35:38
430,48.0,c1bc8c26480cd42b89a0de5329581314,2026-06-23T23:00:00Z,Panama,Croatia,betrivers,BetRivers,h2h,Croatia,american,-240,1.4166666666666667,0.7058823529411764,,BetRivers,2026-05-16T03:35:24Z,Informational match odds snapshot from The Odds API,2026-05-16 03:35:38
431,48.0,c1bc8c26480cd42b89a0de5329581314,2026-06-23T23:00:00Z,Panama,Croatia,betrivers,BetRivers,h2h,Panama,american,700,8.0,0.125,,BetRivers,2026-05-16T03:35:24Z,Informational match odds snapshot from The Odds API,2026-05-16 03:35:38
432,48.0,c1bc8c26480cd42b89a0de5329581314,2026-06-23T23:00:00Z,Panama,Croatia,betrivers,BetRivers,h2h,Draw,american,310,4.1,0.24390243902439027,,BetRivers,2026-05-16T03:35:24Z,Informational match odds snapshot from The Odds API,2026-05-16 03:35:38
433,48.0,c1bc8c26480cd42b89a0de5329581314,2026-06-23T23:00:00Z,Panama,Croatia,betrivers,BetRivers,totals,Over,american,-132,1.7575757575757576,0.5689655172413793,2.5,BetRivers,2026-05-16T03:35:24Z,Informational match odds snapshot from The Odds API,2026-05-16 03:35:38
434,48.0,c1bc8c26480cd42b89a0de5329581314,2026-06-23T23:00:00Z,Panama,Croatia,betrivers,BetRivers,totals,Under,american,-106,1.9433962264150944,0.5145631067961165,2.5,BetRivers,2026-05-16T03:35:24Z,Informational match odds snapshot from The Odds API,2026-05-16 03:35:38
435,48.0,c1bc8c26480cd42b89a0de5329581314,2026-06-23T23:00:00Z,Panama,Croatia,fanduel,FanDuel,h2h,Croatia,american,-240,1.4166666666666667,0.7058823529411764,,FanDuel,2026-05-16T03:34:39Z,Informational match odds snapshot from The Odds API,2026-05-16 03:35:38
436,48.0,c1bc8c26480cd42b89a0de5329581314,2026-06-23T23:00:00Z,Panama,Croatia,fanduel,FanDuel,h2h,Panama,american,600,7.0,0.14285714285714285,,FanDuel,2026-05-16T03:34:39Z,Informational match odds snapshot from The Odds API,2026-05-16 03:35:38
437,48.0,c1bc8c26480cd42b89a0de5329581314,2026-06-23T23:00:00Z,Panama,Croatia,fanduel,FanDuel,h2h,Draw,american,320,4.2,0.23809523809523808,,FanDuel,2026-05-16T03:34:39Z,Informational match odds snapshot from The Odds API,2026-05-16 03:35:38
438,,68bfc965eb267508e04d8e8d75c1a0ae,2026-06-24T02:00:00Z,Colombia,Congo DR,betrivers,BetRivers,h2h,Colombia,american,-190,1.526315789473684,0.6551724137931035,,BetRivers,2026-05-16T03:35:24Z,Informational match odds snapshot from The Odds API,2026-05-16 03:35:38
439,,68bfc965eb267508e04d8e8d75c1a0ae,2026-06-24T02:00:00Z,Colombia,Congo DR,betrivers,BetRivers,h2h,DR Congo,american,525,6.25,0.16,,BetRivers,2026-05-16T03:35:24Z,Informational match odds snapshot from The Odds API,2026-05-16 03:35:38
440,,68bfc965eb267508e04d8e8d75c1a0ae,2026-06-24T02:00:00Z,Colombia,Congo DR,betrivers,BetRivers,h2h,Draw,american,290,3.9,0.25641025641025644,,BetRivers,2026-05-16T03:35:24Z,Informational match odds snapshot from The Odds API,2026-05-16 03:35:38
441,,68bfc965eb267508e04d8e8d75c1a0ae,2026-06-24T02:00:00Z,Colombia,Congo DR,betrivers,BetRivers,totals,Over,american,100,2.0,0.5,2.5,BetRivers,2026-05-16T03:35:24Z,Informational match odds snapshot from The Odds API,2026-05-16 03:35:38
442,,68bfc965eb267508e04d8e8d75c1a0ae,2026-06-24T02:00:00Z,Colombia,Congo DR,betrivers,BetRivers,totals,Under,american,-139,1.7194244604316546,0.5815899581589958,2.5,BetRivers,2026-05-16T03:35:24Z,Informational match odds snapshot from The Odds API,2026-05-16 03:35:38
443,,68bfc965eb267508e04d8e8d75c1a0ae,2026-06-24T02:00:00Z,Colombia,Congo DR,fanduel,FanDuel,h2h,Colombia,american,-240,1.4166666666666667,0.7058823529411764,,FanDuel,2026-05-16T03:34:39Z,Informational match odds snapshot from The Odds API,2026-05-16 03:35:38
444,,68bfc965eb267508e04d8e8d75c1a0ae,2026-06-24T02:00:00Z,Colombia,Congo DR,fanduel,FanDuel,h2h,DR Congo,american,650,7.5,0.13333333333333333,,FanDuel,2026-05-16T03:34:39Z,Informational match odds snapshot from The Odds API,2026-05-16 03:35:38
445,,68bfc965eb267508e04d8e8d75c1a0ae,2026-06-24T02:00:00Z,Colombia,Congo DR,fanduel,FanDuel,h2h,Draw,american,310,4.1,0.24390243902439027,,FanDuel,2026-05-16T03:34:39Z,Informational match odds snapshot from The Odds API,2026-05-16 03:35:38
446,52.0,885ba95805db310a7bcc3fb1a7a6dd28,2026-06-24T22:00:00Z,Scotland,Brazil,betrivers,BetRivers,h2h,Brazil,american,-250,1.4,0.7142857142857143,,BetRivers,2026-05-16T03:35:24Z,Informational match odds snapshot from The Odds API,2026-05-16 03:35:38
447,52.0,885ba95805db310a7bcc3fb1a7a6dd28,2026-06-24T22:00:00Z,Scotland,Brazil,betrivers,BetRivers,h2h,Scotland,american,650,7.5,0.13333333333333333,,BetRivers,2026-05-16T03:35:24Z,Informational match odds snapshot from The Odds API,2026-05-16 03:35:38
448,52.0,885ba95805db310a7bcc3fb1a7a6dd28,2026-06-24T22:00:00Z,Scotland,Brazil,betrivers,BetRivers,h2h,Draw,american,370,4.7,0.2127659574468085,,BetRivers,2026-05-16T03:35:24Z,Informational match odds snapshot from The Odds API,2026-05-16 03:35:38
449,52.0,885ba95805db310a7bcc3fb1a7a6dd28,2026-06-24T22:00:00Z,Scotland,Brazil,betrivers,BetRivers,totals,Over,american,-165,1.606060606060606,0.6226415094339623,2.5,BetRivers,2026-05-16T03:35:24Z,Informational match odds snapshot from The Odds API,2026-05-16 03:35:38
450,52.0,885ba95805db310a7bcc3fb1a7a6dd28,2026-06-24T22:00:00Z,Scotland,Brazil,betrivers,BetRivers,totals,Under,american,118,2.1799999999999997,0.4587155963302753,2.5,BetRivers,2026-05-16T03:35:24Z,Informational match odds snapshot from The Odds API,2026-05-16 03:35:38
451,70.0,67ae5751c401a98409b8566ae4897069,2026-06-27T23:30:00Z,Colombia,Portugal,betrivers,BetRivers,h2h,Colombia,american,225,3.25,0.3076923076923077,,BetRivers,2026-05-16T03:35:24Z,Informational match odds snapshot from The Odds API,2026-05-16 03:35:38
452,70.0,67ae5751c401a98409b8566ae4897069,2026-06-27T23:30:00Z,Colombia,Portugal,betrivers,BetRivers,h2h,Portugal,american,112,2.12,0.4716981132075471,,BetRivers,2026-05-16T03:35:24Z,Informational match odds snapshot from The Odds API,2026-05-16 03:35:38
453,70.0,67ae5751c401a98409b8566ae4897069,2026-06-27T23:30:00Z,Colombia,Portugal,betrivers,BetRivers,h2h,Draw,american,215,3.15,0.31746031746031744,,BetRivers,2026-05-16T03:35:24Z,Informational match odds snapshot from The Odds API,2026-05-16 03:35:38
454,70.0,67ae5751c401a98409b8566ae4897069,2026-06-27T23:30:00Z,Colombia,Portugal,betrivers,BetRivers,totals,Over,american,-150,1.6666666666666665,0.6000000000000001,2.5,BetRivers,2026-05-16T03:35:24Z,Informational match odds snapshot from The Odds API,2026-05-16 03:35:38
455,70.0,67ae5751c401a98409b8566ae4897069,2026-06-27T23:30:00Z,Colombia,Portugal,betrivers,BetRivers,totals,Under,american,107,2.0700000000000003,0.48309178743961345,2.5,BetRivers,2026-05-16T03:35:24Z,Informational match odds snapshot from The Odds API,2026-05-16 03:35:38
