"match_id","round_id","confederation_id","group_id","bracket_id","match_order","date","home_team_id","home_team_name","home_fifa_code","home_flag_code","home_fifa_rank","away_team_id","away_team_name","away_fifa_code","away_flag_code","away_fifa_rank","home_score","away_score","extra_time","penalties","winning_team_id","result_notes","result","notes","source_name","source_url","venue","stage"
"AFC_R4_M01","AFC_R4","AFC","AFC_R4_GA","","","2025-10-08","OMA","Oman","OMA","OM","73","QAT","Qatar","QAT","QA","59","0","0","","","","Oman 0-0 Qatar","draw","Oman 0-0 Qatar","Wikipedia/Reuters","https://en.wikipedia.org/wiki/2026_FIFA_World_Cup_qualification_(AFC)","",""
"AFC_R4_M02","AFC_R4","AFC","AFC_R4_GA","","","2025-10-11","UAE","United Arab Emirates","UAE","AE","72","OMA","Oman","OMA","OM","73","2","1","","","","United Arab Emirates 2-1 Oman","home_win","United Arab Emirates 2-1 Oman","Wikipedia/Reuters","https://en.wikipedia.org/wiki/2026_FIFA_World_Cup_qualification_(AFC)","",""
"AFC_R4_M03","AFC_R4","AFC","AFC_R4_GA","","","2025-10-14","QAT","Qatar","QAT","QA","59","UAE","United Arab Emirates","UAE","AE","72","2","1","","","","Qatar 2-1 United Arab Emirates; Qatar qualified","home_win","Qatar 2-1 United Arab Emirates; Qatar qualified","Wikipedia/Reuters","https://en.wikipedia.org/wiki/2026_FIFA_World_Cup_qualification_(AFC)","",""
"AFC_R4_M04","AFC_R4","AFC","AFC_R4_GB","","","2025-10-08","KSA","Saudi Arabia","KSA","SA","54","IDN","Indonesia","IDN","ID","150","3","2","","","","Saudi Arabia 3-2 Indonesia","home_win","Saudi Arabia 3-2 Indonesia","Wikipedia/Reuters","https://en.wikipedia.org/wiki/2026_FIFA_World_Cup_qualification_(AFC)","",""
"AFC_R4_M05","AFC_R4","AFC","AFC_R4_GB","","","2025-10-11","IRQ","Iraq","IRQ","IQ","70","IDN","Indonesia","IDN","ID","150","1","0","","","","Iraq 1-0 Indonesia","home_win","Iraq 1-0 Indonesia","Wikipedia/Reuters","https://en.wikipedia.org/wiki/2026_FIFA_World_Cup_qualification_(AFC)","",""
"AFC_R4_M06","AFC_R4","AFC","AFC_R4_GB","","","2025-10-14","KSA","Saudi Arabia","KSA","SA","54","IRQ","Iraq","IRQ","IQ","70","0","0","","","","Saudi Arabia 0-0 Iraq; Saudi Arabia qualified","draw","Saudi Arabia 0-0 Iraq; Saudi Arabia qualified","Wikipedia/Reuters","https://en.wikipedia.org/wiki/2026_FIFA_World_Cup_qualification_(AFC)","",""
"AFC_ICPO_M01","AFC_ICPO","AFC","","","","2026-03-31","IRQ","Iraq","IRQ","IQ","70","BOL","Bolivia","BOL","BO","","2","1","","","","Iraq defeated Bolivia 2-1 and qualified for the World Cup","home_win","Iraq defeated Bolivia 2-1 and qualified for the World Cup","Wikipedia/Reuters","https://www.reuters.com/sports/soccer/iraq-qualify-world-cup-with-win-over-bolivia-2026-04-01/","",""
"caf_r1_m001","caf_2026_first_round","CAF","caf_r1_group_a","","1","","caf_egy","Egypt","EGY","EG","34","caf_bfa","Burkina Faso","BFA","BF","55","2","1","FALSE","","caf_egy","Group-stage fixture listed in source score matrix; exact match date not included in this data pack.","home_win","","Wikipedia score matrix","https://en.wikipedia.org/wiki/2026_FIFA_World_Cup_qualification_(CAF)","",""
"caf_r1_m002","caf_2026_first_round","CAF","caf_r1_group_a","","2","","caf_egy","Egypt","EGY","EG","34","caf_sle","Sierra Leone","SLE","SL","120","1","0","FALSE","","caf_egy","Group-stage fixture listed in source score matrix; exact match date not included in this data pack.","home_win","","Wikipedia score matrix","https://en.wikipedia.org/wiki/2026_FIFA_World_Cup_qualification_(CAF)","",""
"caf_r1_m003","caf_2026_first_round","CAF","caf_r1_group_a","","3","","caf_egy","Egypt","EGY","EG","34","caf_gnb","Guinea-Bissau","GNB","GW","111","1","0","FALSE","","caf_egy","Group-stage fixture listed in source score matrix; exact match date not included in this data pack.","home_win","","Wikipedia score matrix","https://en.wikipedia.org/wiki/2026_FIFA_World_Cup_qualification_(CAF)","",""
"caf_r1_m004","caf_2026_first_round","CAF","caf_r1_group_a","","4","","caf_egy","Egypt","EGY","EG","34","caf_eth","Ethiopia","ETH","ET","143","2","0","FALSE","","caf_egy","Group-stage fixture listed in source score matrix; exact match date not included in this data pack.","home_win","","Wikipedia score matrix","https://en.wikipedia.org/wiki/2026_FIFA_World_Cup_qualification_(CAF)","",""
"caf_r1_m005","caf_2026_first_round","CAF","caf_r1_group_a","","5","","caf_egy","Egypt","EGY","EG","34","caf_dji","Djibouti","DJI","DJ","193","6","0","FALSE","","caf_egy","Group-stage fixture listed in source score matrix; exact match date not included in this data pack.","home_win","","Wikipedia score matrix","https://en.wikipedia.org/wiki/2026_FIFA_World_Cup_qualification_(CAF)","",""
"caf_r1_m006","caf_2026_first_round","CAF","caf_r1_group_a","","6","","caf_bfa","Burkina Faso","BFA","BF","55","caf_egy","Egypt","EGY","EG","34","0","0","FALSE","","","Group-stage fixture listed in source score matrix; exact match date not included in this data pack.","draw","","Wikipedia score matrix","https://en.wikipedia.org/wiki/2026_FIFA_World_Cup_qualification_(CAF)","",""
"caf_r1_m007","caf_2026_first_round","CAF","caf_r1_group_a","","7","","caf_bfa","Burkina Faso","BFA","BF","55","caf_sle","Sierra Leone","SLE","SL","120","2","2","FALSE","","","Group-stage fixture listed in source score matrix; exact match date not included in this data pack.","draw","","Wikipedia score matrix","https://en.wikipedia.org/wiki/2026_FIFA_World_Cup_qualification_(CAF)","",""
"caf_r1_m008","caf_2026_first_round","CAF","caf_r1_group_a","","8","","caf_bfa","Burkina Faso","BFA","BF","55","caf_gnb","Guinea-Bissau","GNB","GW","111","1","1","FALSE","","","Group-stage fixture listed in source score matrix; exact match date not included in this data pack.","draw","","Wikipedia score matrix","https://en.wikipedia.org/wiki/2026_FIFA_World_Cup_qualification_(CAF)","",""
"caf_r1_m009","caf_2026_first_round","CAF","caf_r1_group_a","","9","","caf_bfa","Burkina Faso","BFA","BF","55","caf_eth","Ethiopia","ETH","ET","143","3","1","FALSE","","caf_bfa","Group-stage fixture listed in source score matrix; exact match date not included in this data pack.","home_win","","Wikipedia score matrix","https://en.wikipedia.org/wiki/2026_FIFA_World_Cup_qualification_(CAF)","",""
"caf_r1_m010","caf_2026_first_round","CAF","caf_r1_group_a","","10","","caf_bfa","Burkina Faso","BFA","BF","55","caf_dji","Djibouti","DJI","DJ","193","4","1","FALSE","","caf_bfa","Group-stage fixture listed in source score matrix; exact match date not included in this data pack.","home_win","","Wikipedia score matrix","https://en.wikipedia.org/wiki/2026_FIFA_World_Cup_qualification_(CAF)","",""
"caf_r1_m011","caf_2026_first_round","CAF","caf_r1_group_a","","11","","caf_sle","Sierra Leone","SLE","SL","120","caf_egy","Egypt","EGY","EG","34","0","2","FALSE","","caf_egy","Group-stage fixture listed in source score matrix; exact match date not included in this data pack.","away_win","","Wikipedia score matrix","https://en.wikipedia.org/wiki/2026_FIFA_World_Cup_qualification_(CAF)","",""
"caf_r1_m012","caf_2026_first_round","CAF","caf_r1_group_a","","12","","caf_sle","Sierra Leone","SLE","SL","120","caf_bfa","Burkina Faso","BFA","BF","55","0","1","FALSE","","caf_bfa","Group-stage fixture listed in source score matrix; exact match date not included in this data pack.","away_win","","Wikipedia score matrix","https://en.wikipedia.org/wiki/2026_FIFA_World_Cup_qualification_(CAF)","",""
"caf_r1_m013","caf_2026_first_round","CAF","caf_r1_group_a","","13","","caf_sle","Sierra Leone","SLE","SL","120","caf_gnb","Guinea-Bissau","GNB","GW","111","3","1","FALSE","","caf_sle","Group-stage fixture listed in source score matrix; exact match date not included in this data pack.","home_win","","Wikipedia score matrix","https://en.wikipedia.org/wiki/2026_FIFA_World_Cup_qualification_(CAF)","",""
"caf_r1_m014","caf_2026_first_round","CAF","caf_r1_group_a","","14","","caf_sle","Sierra Leone","SLE","SL","120","caf_eth","Ethiopia","ETH","ET","143","2","0","FALSE","","caf_sle","Group-stage fixture listed in source score matrix; exact match date not included in this data pack.","home_win","","Wikipedia score matrix","https://en.wikipedia.org/wiki/2026_FIFA_World_Cup_qualification_(CAF)","",""
"caf_r1_m015","caf_2026_first_round","CAF","caf_r1_group_a","","15","","caf_sle","Sierra Leone","SLE","SL","120","caf_dji","Djibouti","DJI","DJ","193","2","1","FALSE","","caf_sle","Group-stage fixture listed in source score matrix; exact match date not included in this data pack.","home_win","","Wikipedia score matrix","https://en.wikipedia.org/wiki/2026_FIFA_World_Cup_qualification_(CAF)","",""
"caf_r1_m016","caf_2026_first_round","CAF","caf_r1_group_a","","16","","caf_gnb","Guinea-Bissau","GNB","GW","111","caf_egy","Egypt","EGY","EG","34","1","1","FALSE","","","Group-stage fixture listed in source score matrix; exact match date not included in this data pack.","draw","","Wikipedia score matrix","https://en.wikipedia.org/wiki/2026_FIFA_World_Cup_qualification_(CAF)","",""
"caf_r1_m017","caf_2026_first_round","CAF","caf_r1_group_a","","17","","caf_gnb","Guinea-Bissau","GNB","GW","111","caf_bfa","Burkina Faso","BFA","BF","55","1","2","FALSE","","caf_bfa","Group-stage fixture listed in source score matrix; exact match date not included in this data pack.","away_win","","Wikipedia score matrix","https://en.wikipedia.org/wiki/2026_FIFA_World_Cup_qualification_(CAF)","",""
"caf_r1_m018","caf_2026_first_round","CAF","caf_r1_group_a","","18","","caf_gnb","Guinea-Bissau","GNB","GW","111","caf_sle","Sierra Leone","SLE","SL","120","1","1","FALSE","","","Group-stage fixture listed in source score matrix; exact match date not included in this data pack.","draw","","Wikipedia score matrix","https://en.wikipedia.org/wiki/2026_FIFA_World_Cup_qualification_(CAF)","",""
"caf_r1_m019","caf_2026_first_round","CAF","caf_r1_group_a","","19","","caf_gnb","Guinea-Bissau","GNB","GW","111","caf_eth","Ethiopia","ETH","ET","143","0","0","FALSE","","","Group-stage fixture listed in source score matrix; exact match date not included in this data pack.","draw","","Wikipedia score matrix","https://en.wikipedia.org/wiki/2026_FIFA_World_Cup_qualification_(CAF)","",""
"caf_r1_m020","caf_2026_first_round","CAF","caf_r1_group_a","","20","","caf_gnb","Guinea-Bissau","GNB","GW","111","caf_dji","Djibouti","DJI","DJ","193","2","0","FALSE","","caf_gnb","Group-stage fixture listed in source score matrix; exact match date not included in this data pack.","home_win","","Wikipedia score matrix","https://en.wikipedia.org/wiki/2026_FIFA_World_Cup_qualification_(CAF)","",""
"caf_r1_m021","caf_2026_first_round","CAF","caf_r1_group_a","","21","","caf_eth","Ethiopia","ETH","ET","143","caf_egy","Egypt","EGY","EG","34","0","2","FALSE","","caf_egy","Group-stage fixture listed in source score matrix; exact match date not included in this data pack.","away_win","","Wikipedia score matrix","https://en.wikipedia.org/wiki/2026_FIFA_World_Cup_qualification_(CAF)","",""
"caf_r1_m022","caf_2026_first_round","CAF","caf_r1_group_a","","22","","caf_eth","Ethiopia","ETH","ET","143","caf_bfa","Burkina Faso","BFA","BF","55","0","3","FALSE","","caf_bfa","Group-stage fixture listed in source score matrix; exact match date not included in this data pack.","away_win","","Wikipedia score matrix","https://en.wikipedia.org/wiki/2026_FIFA_World_Cup_qualification_(CAF)","",""
"caf_r1_m023","caf_2026_first_round","CAF","caf_r1_group_a","","23","","caf_eth","Ethiopia","ETH","ET","143","caf_sle","Sierra Leone","SLE","SL","120","0","0","FALSE","","","Group-stage fixture listed in source score matrix; exact match date not included in this data pack.","draw","","Wikipedia score matrix","https://en.wikipedia.org/wiki/2026_FIFA_World_Cup_qualification_(CAF)","",""
"caf_r1_m024","caf_2026_first_round","CAF","caf_r1_group_a","","24","","caf_eth","Ethiopia","ETH","ET","143","caf_gnb","Guinea-Bissau","GNB","GW","111","1","0","FALSE","","caf_eth","Group-stage fixture listed in source score matrix; exact match date not included in this data pack.","home_win","","Wikipedia score matrix","https://en.wikipedia.org/wiki/2026_FIFA_World_Cup_qualification_(CAF)","",""
"caf_r1_m025","caf_2026_first_round","CAF","caf_r1_group_a","","25","","caf_eth","Ethiopia","ETH","ET","143","caf_dji","Djibouti","DJI","DJ","193","6","1","FALSE","","caf_eth","Group-stage fixture listed in source score matrix; exact match date not included in this data pack.","home_win","","Wikipedia score matrix","https://en.wikipedia.org/wiki/2026_FIFA_World_Cup_qualification_(CAF)","",""
"caf_r1_m026","caf_2026_first_round","CAF","caf_r1_group_a","","26","","caf_dji","Djibouti","DJI","DJ","193","caf_egy","Egypt","EGY","EG","34","0","3","FALSE","","caf_egy","Group-stage fixture listed in source score matrix; exact match date not included in this data pack.","away_win","","Wikipedia score matrix","https://en.wikipedia.org/wiki/2026_FIFA_World_Cup_qualification_(CAF)","",""
"caf_r1_m027","caf_2026_first_round","CAF","caf_r1_group_a","","27","","caf_dji","Djibouti","DJI","DJ","193","caf_bfa","Burkina Faso","BFA","BF","55","0","6","FALSE","","caf_bfa","Group-stage fixture listed in source score matrix; exact match date not included in this data pack.","away_win","","Wikipedia score matrix","https://en.wikipedia.org/wiki/2026_FIFA_World_Cup_qualification_(CAF)","",""
"caf_r1_m028","caf_2026_first_round","CAF","caf_r1_group_a","","28","","caf_dji","Djibouti","DJI","DJ","193","caf_sle","Sierra Leone","SLE","SL","120","1","2","FALSE","","caf_sle","Group-stage fixture listed in source score matrix; exact match date not included in this data pack.","away_win","","Wikipedia score matrix","https://en.wikipedia.org/wiki/2026_FIFA_World_Cup_qualification_(CAF)","",""
"caf_r1_m029","caf_2026_first_round","CAF","caf_r1_group_a","","29","","caf_dji","Djibouti","DJI","DJ","193","caf_gnb","Guinea-Bissau","GNB","GW","111","0","1","FALSE","","caf_gnb","Group-stage fixture listed in source score matrix; exact match date not included in this data pack.","away_win","","Wikipedia score matrix","https://en.wikipedia.org/wiki/2026_FIFA_World_Cup_qualification_(CAF)","",""
"caf_r1_m030","caf_2026_first_round","CAF","caf_r1_group_a","","30","","caf_dji","Djibouti","DJI","DJ","193","caf_eth","Ethiopia","ETH","ET","143","1","1","FALSE","","","Group-stage fixture listed in source score matrix; exact match date not included in this data pack.","draw","","Wikipedia score matrix","https://en.wikipedia.org/wiki/2026_FIFA_World_Cup_qualification_(CAF)","",""
"caf_r1_m031","caf_2026_first_round","CAF","caf_r1_group_b","","31","","caf_sen","Senegal","SEN","SN","18","caf_cod","DR Congo","COD","CD","69","1","1","FALSE","","","Group-stage fixture listed in source score matrix; exact match date not included in this data pack.","draw","","Wikipedia score matrix","https://en.wikipedia.org/wiki/2026_FIFA_World_Cup_qualification_(CAF)","",""
"caf_r1_m032","caf_2026_first_round","CAF","caf_r1_group_b","","32","","caf_sen","Senegal","SEN","SN","18","caf_sdn","Sudan","SDN","SD","131","2","0","FALSE","","caf_sen","Group-stage fixture listed in source score matrix; exact match date not included in this data pack.","home_win","","Wikipedia score matrix","https://en.wikipedia.org/wiki/2026_FIFA_World_Cup_qualification_(CAF)","",""
"caf_r1_m033","caf_2026_first_round","CAF","caf_r1_group_b","","33","","caf_sen","Senegal","SEN","SN","18","caf_tog","Togo","TOG","TG","122","2","0","FALSE","","caf_sen","Group-stage fixture listed in source score matrix; exact match date not included in this data pack.","home_win","","Wikipedia score matrix","https://en.wikipedia.org/wiki/2026_FIFA_World_Cup_qualification_(CAF)","",""
"caf_r1_m034","caf_2026_first_round","CAF","caf_r1_group_b","","34","","caf_sen","Senegal","SEN","SN","18","caf_mtn","Mauritania","MTN","MR","99","4","0","FALSE","","caf_sen","Group-stage fixture listed in source score matrix; exact match date not included in this data pack.","home_win","","Wikipedia score matrix","https://en.wikipedia.org/wiki/2026_FIFA_World_Cup_qualification_(CAF)","",""
"caf_r1_m035","caf_2026_first_round","CAF","caf_r1_group_b","","35","","caf_sen","Senegal","SEN","SN","18","caf_ssd","South Sudan","SSD","SS","168","4","0","FALSE","","caf_sen","Group-stage fixture listed in source score matrix; exact match date not included in this data pack.","home_win","","Wikipedia score matrix","https://en.wikipedia.org/wiki/2026_FIFA_World_Cup_qualification_(CAF)","",""
"caf_r1_m036","caf_2026_first_round","CAF","caf_r1_group_b","","36","","caf_cod","DR Congo","COD","CD","69","caf_sen","Senegal","SEN","SN","18","2","3","FALSE","","caf_sen","Group-stage fixture listed in source score matrix; exact match date not included in this data pack.","away_win","","Wikipedia score matrix","https://en.wikipedia.org/wiki/2026_FIFA_World_Cup_qualification_(CAF)","",""
"caf_r1_m037","caf_2026_first_round","CAF","caf_r1_group_b","","37","","caf_cod","DR Congo","COD","CD","69","caf_sdn","Sudan","SDN","SD","131","1","0","FALSE","","caf_cod","Group-stage fixture listed in source score matrix; exact match date not included in this data pack.","home_win","","Wikipedia score matrix","https://en.wikipedia.org/wiki/2026_FIFA_World_Cup_qualification_(CAF)","",""
"caf_r1_m038","caf_2026_first_round","CAF","caf_r1_group_b","","38","","caf_cod","DR Congo","COD","CD","69","caf_tog","Togo","TOG","TG","122","1","0","FALSE","","caf_cod","Group-stage fixture listed in source score matrix; exact match date not included in this data pack.","home_win","","Wikipedia score matrix","https://en.wikipedia.org/wiki/2026_FIFA_World_Cup_qualification_(CAF)","",""
"caf_r1_m039","caf_2026_first_round","CAF","caf_r1_group_b","","39","","caf_cod","DR Congo","COD","CD","69","caf_mtn","Mauritania","MTN","MR","99","2","0","FALSE","","caf_cod","Group-stage fixture listed in source score matrix; exact match date not included in this data pack.","home_win","","Wikipedia score matrix","https://en.wikipedia.org/wiki/2026_FIFA_World_Cup_qualification_(CAF)","",""
"caf_r1_m040","caf_2026_first_round","CAF","caf_r1_group_b","","40","","caf_cod","DR Congo","COD","CD","69","caf_ssd","South Sudan","SSD","SS","168","1","0","FALSE","","caf_cod","Group-stage fixture listed in source score matrix; exact match date not included in this data pack.","home_win","","Wikipedia score matrix","https://en.wikipedia.org/wiki/2026_FIFA_World_Cup_qualification_(CAF)","",""
"caf_r1_m041","caf_2026_first_round","CAF","caf_r1_group_b","","41","","caf_sdn","Sudan","SDN","SD","131","caf_sen","Senegal","SEN","SN","18","0","0","FALSE","","","Group-stage fixture listed in source score matrix; exact match date not included in this data pack.","draw","","Wikipedia score matrix","https://en.wikipedia.org/wiki/2026_FIFA_World_Cup_qualification_(CAF)","",""
"caf_r1_m042","caf_2026_first_round","CAF","caf_r1_group_b","","42","","caf_sdn","Sudan","SDN","SD","131","caf_cod","DR Congo","COD","CD","69","1","0","FALSE","","caf_sdn","Group-stage fixture listed in source score matrix; exact match date not included in this data pack.","home_win","","Wikipedia score matrix","https://en.wikipedia.org/wiki/2026_FIFA_World_Cup_qualification_(CAF)","",""
"caf_r1_m043","caf_2026_first_round","CAF","caf_r1_group_b","","43","","caf_sdn","Sudan","SDN","SD","131","caf_tog","Togo","TOG","TG","122","1","1","FALSE","","","Group-stage fixture listed in source score matrix; exact match date not included in this data pack.","draw","","Wikipedia score matrix","https://en.wikipedia.org/wiki/2026_FIFA_World_Cup_qualification_(CAF)","",""
"caf_r1_m044","caf_2026_first_round","CAF","caf_r1_group_b","","44","","caf_sdn","Sudan","SDN","SD","131","caf_mtn","Mauritania","MTN","MR","99","0","0","FALSE","","","Group-stage fixture listed in source score matrix; exact match date not included in this data pack.","draw","","Wikipedia score matrix","https://en.wikipedia.org/wiki/2026_FIFA_World_Cup_qualification_(CAF)","",""
"caf_r1_m045","caf_2026_first_round","CAF","caf_r1_group_b","","45","","caf_sdn","Sudan","SDN","SD","131","caf_ssd","South Sudan","SSD","SS","168","1","1","FALSE","","","Group-stage fixture listed in source score matrix; exact match date not included in this data pack.","draw","","Wikipedia score matrix","https://en.wikipedia.org/wiki/2026_FIFA_World_Cup_qualification_(CAF)","",""
"caf_r1_m046","caf_2026_first_round","CAF","caf_r1_group_b","","46","","caf_tog","Togo","TOG","TG","122","caf_sen","Senegal","SEN","SN","18","0","0","FALSE","","","Group-stage fixture listed in source score matrix; exact match date not included in this data pack.","draw","","Wikipedia score matrix","https://en.wikipedia.org/wiki/2026_FIFA_World_Cup_qualification_(CAF)","",""
"caf_r1_m047","caf_2026_first_round","CAF","caf_r1_group_b","","47","","caf_tog","Togo","TOG","TG","122","caf_cod","DR Congo","COD","CD","69","0","1","FALSE","","caf_cod","Group-stage fixture listed in source score matrix; exact match date not included in this data pack.","away_win","","Wikipedia score matrix","https://en.wikipedia.org/wiki/2026_FIFA_World_Cup_qualification_(CAF)","",""
"caf_r1_m048","caf_2026_first_round","CAF","caf_r1_group_b","","48","","caf_tog","Togo","TOG","TG","122","caf_sdn","Sudan","SDN","SD","131","1","0","FALSE","","caf_tog","Group-stage fixture listed in source score matrix; exact match date not included in this data pack.","home_win","","Wikipedia score matrix","https://en.wikipedia.org/wiki/2026_FIFA_World_Cup_qualification_(CAF)","",""
"caf_r1_m049","caf_2026_first_round","CAF","caf_r1_group_b","","49","","caf_tog","Togo","TOG","TG","122","caf_mtn","Mauritania","MTN","MR","99","2","2","FALSE","","","Group-stage fixture listed in source score matrix; exact match date not included in this data pack.","draw","","Wikipedia score matrix","https://en.wikipedia.org/wiki/2026_FIFA_World_Cup_qualification_(CAF)","",""
"caf_r1_m050","caf_2026_first_round","CAF","caf_r1_group_b","","50","","caf_tog","Togo","TOG","TG","122","caf_ssd","South Sudan","SSD","SS","168","1","1","FALSE","","","Group-stage fixture listed in source score matrix; exact match date not included in this data pack.","draw","","Wikipedia score matrix","https://en.wikipedia.org/wiki/2026_FIFA_World_Cup_qualification_(CAF)","",""
"caf_r1_m051","caf_2026_first_round","CAF","caf_r1_group_b","","51","","caf_mtn","Mauritania","MTN","MR","99","caf_sen","Senegal","SEN","SN","18","0","1","FALSE","","caf_sen","Group-stage fixture listed in source score matrix; exact match date not included in this data pack.","away_win","","Wikipedia score matrix","https://en.wikipedia.org/wiki/2026_FIFA_World_Cup_qualification_(CAF)","",""
"caf_r1_m052","caf_2026_first_round","CAF","caf_r1_group_b","","52","","caf_mtn","Mauritania","MTN","MR","99","caf_cod","DR Congo","COD","CD","69","0","2","FALSE","","caf_cod","Group-stage fixture listed in source score matrix; exact match date not included in this data pack.","away_win","","Wikipedia score matrix","https://en.wikipedia.org/wiki/2026_FIFA_World_Cup_qualification_(CAF)","",""
"caf_r1_m053","caf_2026_first_round","CAF","caf_r1_group_b","","53","","caf_mtn","Mauritania","MTN","MR","99","caf_sdn","Sudan","SDN","SD","131","0","2","FALSE","","caf_sdn","Group-stage fixture listed in source score matrix; exact match date not included in this data pack.","away_win","","Wikipedia score matrix","https://en.wikipedia.org/wiki/2026_FIFA_World_Cup_qualification_(CAF)","",""
"caf_r1_m054","caf_2026_first_round","CAF","caf_r1_group_b","","54","","caf_mtn","Mauritania","MTN","MR","99","caf_tog","Togo","TOG","TG","122","2","0","FALSE","","caf_mtn","Group-stage fixture listed in source score matrix; exact match date not included in this data pack.","home_win","","Wikipedia score matrix","https://en.wikipedia.org/wiki/2026_FIFA_World_Cup_qualification_(CAF)","",""
"caf_r1_m055","caf_2026_first_round","CAF","caf_r1_group_b","","55","","caf_mtn","Mauritania","MTN","MR","99","caf_ssd","South Sudan","SSD","SS","168","0","0","FALSE","","","Group-stage fixture listed in source score matrix; exact match date not included in this data pack.","draw","","Wikipedia score matrix","https://en.wikipedia.org/wiki/2026_FIFA_World_Cup_qualification_(CAF)","",""
"caf_r1_m056","caf_2026_first_round","CAF","caf_r1_group_b","","56","","caf_ssd","South Sudan","SSD","SS","168","caf_sen","Senegal","SEN","SN","18","0","5","FALSE","","caf_sen","Group-stage fixture listed in source score matrix; exact match date not included in this data pack.","away_win","","Wikipedia score matrix","https://en.wikipedia.org/wiki/2026_FIFA_World_Cup_qualification_(CAF)","",""
"caf_r1_m057","caf_2026_first_round","CAF","caf_r1_group_b","","57","","caf_ssd","South Sudan","SSD","SS","168","caf_cod","DR Congo","COD","CD","69","1","4","FALSE","","caf_cod","Group-stage fixture listed in source score matrix; exact match date not included in this data pack.","away_win","","Wikipedia score matrix","https://en.wikipedia.org/wiki/2026_FIFA_World_Cup_qualification_(CAF)","",""
"caf_r1_m058","caf_2026_first_round","CAF","caf_r1_group_b","","58","","caf_ssd","South Sudan","SSD","SS","168","caf_sdn","Sudan","SDN","SD","131","0","3","FALSE","","caf_sdn","Group-stage fixture listed in source score matrix; exact match date not included in this data pack.","away_win","","Wikipedia score matrix","https://en.wikipedia.org/wiki/2026_FIFA_World_Cup_qualification_(CAF)","",""
"caf_r1_m059","caf_2026_first_round","CAF","caf_r1_group_b","","59","","caf_ssd","South Sudan","SSD","SS","168","caf_tog","Togo","TOG","TG","122","0","0","FALSE","","","Group-stage fixture listed in source score matrix; exact match date not included in this data pack.","draw","","Wikipedia score matrix","https://en.wikipedia.org/wiki/2026_FIFA_World_Cup_qualification_(CAF)","",""
"caf_r1_m060","caf_2026_first_round","CAF","caf_r1_group_b","","60","","caf_ssd","South Sudan","SSD","SS","168","caf_mtn","Mauritania","MTN","MR","99","0","0","FALSE","","","Group-stage fixture listed in source score matrix; exact match date not included in this data pack.","draw","","Wikipedia score matrix","https://en.wikipedia.org/wiki/2026_FIFA_World_Cup_qualification_(CAF)","",""
"caf_r1_m061","caf_2026_first_round","CAF","caf_r1_group_c","","61","","caf_rsa","South Africa","RSA","ZA","62","caf_nga","Nigeria","NGA","NG","39","1","1","FALSE","","","Group-stage fixture listed in source score matrix; exact match date not included in this data pack.","draw","","Wikipedia score matrix","https://en.wikipedia.org/wiki/2026_FIFA_World_Cup_qualification_(CAF)","",""
"caf_r1_m062","caf_2026_first_round","CAF","caf_r1_group_c","","62","","caf_rsa","South Africa","RSA","ZA","62","caf_ben","Benin","BEN","BJ","93","2","1","FALSE","","caf_rsa","Group-stage fixture listed in source score matrix; exact match date not included in this data pack.","home_win","","Wikipedia score matrix","https://en.wikipedia.org/wiki/2026_FIFA_World_Cup_qualification_(CAF)","",""
"caf_r1_m063","caf_2026_first_round","CAF","caf_r1_group_c","","63","","caf_rsa","South Africa","RSA","ZA","62","caf_les","Lesotho","LES","LS","152","0","3","FALSE","","caf_les","Awarded as 3-0 to Lesotho after South Africa fielded an ineligible player; original result was South Africa 2-0 Lesotho.","away_win","","Wikipedia score matrix","https://en.wikipedia.org/wiki/2026_FIFA_World_Cup_qualification_(CAF)","",""
"caf_r1_m064","caf_2026_first_round","CAF","caf_r1_group_c","","64","","caf_rsa","South Africa","RSA","ZA","62","caf_rwa","Rwanda","RWA","RW","139","3","0","FALSE","","caf_rsa","Group-stage fixture listed in source score matrix; exact match date not included in this data pack.","home_win","","Wikipedia score matrix","https://en.wikipedia.org/wiki/2026_FIFA_World_Cup_qualification_(CAF)","",""
"caf_r1_m065","caf_2026_first_round","CAF","caf_r1_group_c","","65","","caf_rsa","South Africa","RSA","ZA","62","caf_zim","Zimbabwe","ZIM","ZW","124","3","1","FALSE","","caf_rsa","Group-stage fixture listed in source score matrix; exact match date not included in this data pack.","home_win","","Wikipedia score matrix","https://en.wikipedia.org/wiki/2026_FIFA_World_Cup_qualification_(CAF)","",""
"caf_r1_m066","caf_2026_first_round","CAF","caf_r1_group_c","","66","","caf_nga","Nigeria","NGA","NG","39","caf_rsa","South Africa","RSA","ZA","62","1","1","FALSE","","","Group-stage fixture listed in source score matrix; exact match date not included in this data pack.","draw","","Wikipedia score matrix","https://en.wikipedia.org/wiki/2026_FIFA_World_Cup_qualification_(CAF)","",""
"caf_r1_m067","caf_2026_first_round","CAF","caf_r1_group_c","","67","","caf_nga","Nigeria","NGA","NG","39","caf_ben","Benin","BEN","BJ","93","4","0","FALSE","","caf_nga","Group-stage fixture listed in source score matrix; exact match date not included in this data pack.","home_win","","Wikipedia score matrix","https://en.wikipedia.org/wiki/2026_FIFA_World_Cup_qualification_(CAF)","",""
"caf_r1_m068","caf_2026_first_round","CAF","caf_r1_group_c","","68","","caf_nga","Nigeria","NGA","NG","39","caf_les","Lesotho","LES","LS","152","1","1","FALSE","","","Group-stage fixture listed in source score matrix; exact match date not included in this data pack.","draw","","Wikipedia score matrix","https://en.wikipedia.org/wiki/2026_FIFA_World_Cup_qualification_(CAF)","",""
"caf_r1_m069","caf_2026_first_round","CAF","caf_r1_group_c","","69","","caf_nga","Nigeria","NGA","NG","39","caf_rwa","Rwanda","RWA","RW","139","1","0","FALSE","","caf_nga","Group-stage fixture listed in source score matrix; exact match date not included in this data pack.","home_win","","Wikipedia score matrix","https://en.wikipedia.org/wiki/2026_FIFA_World_Cup_qualification_(CAF)","",""
"caf_r1_m070","caf_2026_first_round","CAF","caf_r1_group_c","","70","","caf_nga","Nigeria","NGA","NG","39","caf_zim","Zimbabwe","ZIM","ZW","124","1","1","FALSE","","","Group-stage fixture listed in source score matrix; exact match date not included in this data pack.","draw","","Wikipedia score matrix","https://en.wikipedia.org/wiki/2026_FIFA_World_Cup_qualification_(CAF)","",""
"caf_r1_m071","caf_2026_first_round","CAF","caf_r1_group_c","","71","","caf_ben","Benin","BEN","BJ","93","caf_rsa","South Africa","RSA","ZA","62","0","2","FALSE","","caf_rsa","Group-stage fixture listed in source score matrix; exact match date not included in this data pack.","away_win","","Wikipedia score matrix","https://en.wikipedia.org/wiki/2026_FIFA_World_Cup_qualification_(CAF)","",""
"caf_r1_m072","caf_2026_first_round","CAF","caf_r1_group_c","","72","","caf_ben","Benin","BEN","BJ","93","caf_nga","Nigeria","NGA","NG","39","2","1","FALSE","","caf_ben","Group-stage fixture listed in source score matrix; exact match date not included in this data pack.","home_win","","Wikipedia score matrix","https://en.wikipedia.org/wiki/2026_FIFA_World_Cup_qualification_(CAF)","",""
"caf_r1_m073","caf_2026_first_round","CAF","caf_r1_group_c","","73","","caf_ben","Benin","BEN","BJ","93","caf_les","Lesotho","LES","LS","152","4","0","FALSE","","caf_ben","Group-stage fixture listed in source score matrix; exact match date not included in this data pack.","home_win","","Wikipedia score matrix","https://en.wikipedia.org/wiki/2026_FIFA_World_Cup_qualification_(CAF)","",""
"caf_r1_m074","caf_2026_first_round","CAF","caf_r1_group_c","","74","","caf_ben","Benin","BEN","BJ","93","caf_rwa","Rwanda","RWA","RW","139","1","0","FALSE","","caf_ben","Group-stage fixture listed in source score matrix; exact match date not included in this data pack.","home_win","","Wikipedia score matrix","https://en.wikipedia.org/wiki/2026_FIFA_World_Cup_qualification_(CAF)","",""
"caf_r1_m075","caf_2026_first_round","CAF","caf_r1_group_c","","75","","caf_ben","Benin","BEN","BJ","93","caf_zim","Zimbabwe","ZIM","ZW","124","1","0","FALSE","","caf_ben","Group-stage fixture listed in source score matrix; exact match date not included in this data pack.","home_win","","Wikipedia score matrix","https://en.wikipedia.org/wiki/2026_FIFA_World_Cup_qualification_(CAF)","",""
"caf_r1_m076","caf_2026_first_round","CAF","caf_r1_group_c","","76","","caf_les","Lesotho","LES","LS","152","caf_rsa","South Africa","RSA","ZA","62","0","3","FALSE","","caf_rsa","Group-stage fixture listed in source score matrix; exact match date not included in this data pack.","away_win","","Wikipedia score matrix","https://en.wikipedia.org/wiki/2026_FIFA_World_Cup_qualification_(CAF)","",""
"caf_r1_m077","caf_2026_first_round","CAF","caf_r1_group_c","","77","","caf_les","Lesotho","LES","LS","152","caf_nga","Nigeria","NGA","NG","39","1","2","FALSE","","caf_nga","Group-stage fixture listed in source score matrix; exact match date not included in this data pack.","away_win","","Wikipedia score matrix","https://en.wikipedia.org/wiki/2026_FIFA_World_Cup_qualification_(CAF)","",""
"caf_r1_m078","caf_2026_first_round","CAF","caf_r1_group_c","","78","","caf_les","Lesotho","LES","LS","152","caf_ben","Benin","BEN","BJ","93","0","0","FALSE","","","Group-stage fixture listed in source score matrix; exact match date not included in this data pack.","draw","","Wikipedia score matrix","https://en.wikipedia.org/wiki/2026_FIFA_World_Cup_qualification_(CAF)","",""
"caf_r1_m079","caf_2026_first_round","CAF","caf_r1_group_c","","79","","caf_les","Lesotho","LES","LS","152","caf_rwa","Rwanda","RWA","RW","139","0","1","FALSE","","caf_rwa","Group-stage fixture listed in source score matrix; exact match date not included in this data pack.","away_win","","Wikipedia score matrix","https://en.wikipedia.org/wiki/2026_FIFA_World_Cup_qualification_(CAF)","",""
"caf_r1_m080","caf_2026_first_round","CAF","caf_r1_group_c","","80","","caf_les","Lesotho","LES","LS","152","caf_zim","Zimbabwe","ZIM","ZW","124","1","0","FALSE","","caf_les","Group-stage fixture listed in source score matrix; exact match date not included in this data pack.","home_win","","Wikipedia score matrix","https://en.wikipedia.org/wiki/2026_FIFA_World_Cup_qualification_(CAF)","",""
"caf_r1_m081","caf_2026_first_round","CAF","caf_r1_group_c","","81","","caf_rwa","Rwanda","RWA","RW","139","caf_rsa","South Africa","RSA","ZA","62","2","0","FALSE","","caf_rwa","Group-stage fixture listed in source score matrix; exact match date not included in this data pack.","home_win","","Wikipedia score matrix","https://en.wikipedia.org/wiki/2026_FIFA_World_Cup_qualification_(CAF)","",""
"caf_r1_m082","caf_2026_first_round","CAF","caf_r1_group_c","","82","","caf_rwa","Rwanda","RWA","RW","139","caf_nga","Nigeria","NGA","NG","39","0","2","FALSE","","caf_nga","Group-stage fixture listed in source score matrix; exact match date not included in this data pack.","away_win","","Wikipedia score matrix","https://en.wikipedia.org/wiki/2026_FIFA_World_Cup_qualification_(CAF)","",""
"caf_r1_m083","caf_2026_first_round","CAF","caf_r1_group_c","","83","","caf_rwa","Rwanda","RWA","RW","139","caf_ben","Benin","BEN","BJ","93","0","1","FALSE","","caf_ben","Group-stage fixture listed in source score matrix; exact match date not included in this data pack.","away_win","","Wikipedia score matrix","https://en.wikipedia.org/wiki/2026_FIFA_World_Cup_qualification_(CAF)","",""
"caf_r1_m084","caf_2026_first_round","CAF","caf_r1_group_c","","84","","caf_rwa","Rwanda","RWA","RW","139","caf_les","Lesotho","LES","LS","152","1","1","FALSE","","","Group-stage fixture listed in source score matrix; exact match date not included in this data pack.","draw","","Wikipedia score matrix","https://en.wikipedia.org/wiki/2026_FIFA_World_Cup_qualification_(CAF)","",""
"caf_r1_m085","caf_2026_first_round","CAF","caf_r1_group_c","","85","","caf_rwa","Rwanda","RWA","RW","139","caf_zim","Zimbabwe","ZIM","ZW","124","0","0","FALSE","","","Group-stage fixture listed in source score matrix; exact match date not included in this data pack.","draw","","Wikipedia score matrix","https://en.wikipedia.org/wiki/2026_FIFA_World_Cup_qualification_(CAF)","",""
"caf_r1_m086","caf_2026_first_round","CAF","caf_r1_group_c","","86","","caf_zim","Zimbabwe","ZIM","ZW","124","caf_rsa","South Africa","RSA","ZA","62","0","0","FALSE","","","Group-stage fixture listed in source score matrix; exact match date not included in this data pack.","draw","","Wikipedia score matrix","https://en.wikipedia.org/wiki/2026_FIFA_World_Cup_qualification_(CAF)","",""
"caf_r1_m087","caf_2026_first_round","CAF","caf_r1_group_c","","87","","caf_zim","Zimbabwe","ZIM","ZW","124","caf_nga","Nigeria","NGA","NG","39","1","1","FALSE","","","Group-stage fixture listed in source score matrix; exact match date not included in this data pack.","draw","","Wikipedia score matrix","https://en.wikipedia.org/wiki/2026_FIFA_World_Cup_qualification_(CAF)","",""
"caf_r1_m088","caf_2026_first_round","CAF","caf_r1_group_c","","88","","caf_zim","Zimbabwe","ZIM","ZW","124","caf_ben","Benin","BEN","BJ","93","2","2","FALSE","","","Group-stage fixture listed in source score matrix; exact match date not included in this data pack.","draw","","Wikipedia score matrix","https://en.wikipedia.org/wiki/2026_FIFA_World_Cup_qualification_(CAF)","",""
"caf_r1_m089","caf_2026_first_round","CAF","caf_r1_group_c","","89","","caf_zim","Zimbabwe","ZIM","ZW","124","caf_les","Lesotho","LES","LS","152","0","2","FALSE","","caf_les","Group-stage fixture listed in source score matrix; exact match date not included in this data pack.","away_win","","Wikipedia score matrix","https://en.wikipedia.org/wiki/2026_FIFA_World_Cup_qualification_(CAF)","",""
"caf_r1_m090","caf_2026_first_round","CAF","caf_r1_group_c","","90","","caf_zim","Zimbabwe","ZIM","ZW","124","caf_rwa","Rwanda","RWA","RW","139","0","1","FALSE","","caf_rwa","Group-stage fixture listed in source score matrix; exact match date not included in this data pack.","away_win","","Wikipedia score matrix","https://en.wikipedia.org/wiki/2026_FIFA_World_Cup_qualification_(CAF)","",""
"caf_r1_m091","caf_2026_first_round","CAF","caf_r1_group_d","","91","","caf_cpv","Cape Verde","CPV","CV","66","caf_cmr","Cameroon","CMR","CM","43","1","0","FALSE","","caf_cpv","Group-stage fixture listed in source score matrix; exact match date not included in this data pack.","home_win","","Wikipedia score matrix","https://en.wikipedia.org/wiki/2026_FIFA_World_Cup_qualification_(CAF)","",""
"caf_r1_m092","caf_2026_first_round","CAF","caf_r1_group_d","","92","","caf_cpv","Cape Verde","CPV","CV","66","caf_lby","Libya","LBY","LY","127","1","0","FALSE","","caf_cpv","Group-stage fixture listed in source score matrix; exact match date not included in this data pack.","home_win","","Wikipedia score matrix","https://en.wikipedia.org/wiki/2026_FIFA_World_Cup_qualification_(CAF)","",""
"caf_r1_m093","caf_2026_first_round","CAF","caf_r1_group_d","","93","","caf_cpv","Cape Verde","CPV","CV","66","caf_ang","Angola","ANG","AO","114","0","0","FALSE","","","Group-stage fixture listed in source score matrix; exact match date not included in this data pack.","draw","","Wikipedia score matrix","https://en.wikipedia.org/wiki/2026_FIFA_World_Cup_qualification_(CAF)","",""
"caf_r1_m094","caf_2026_first_round","CAF","caf_r1_group_d","","94","","caf_cpv","Cape Verde","CPV","CV","66","caf_mri","Mauritius","MRI","MU","180","1","0","FALSE","","caf_cpv","Group-stage fixture listed in source score matrix; exact match date not included in this data pack.","home_win","","Wikipedia score matrix","https://en.wikipedia.org/wiki/2026_FIFA_World_Cup_qualification_(CAF)","",""
"caf_r1_m095","caf_2026_first_round","CAF","caf_r1_group_d","","95","","caf_cpv","Cape Verde","CPV","CV","66","caf_swz","Eswatini","SWZ","SZ","146","3","0","FALSE","","caf_cpv","Group-stage fixture listed in source score matrix; exact match date not included in this data pack.","home_win","","Wikipedia score matrix","https://en.wikipedia.org/wiki/2026_FIFA_World_Cup_qualification_(CAF)","",""
"caf_r1_m096","caf_2026_first_round","CAF","caf_r1_group_d","","96","","caf_cmr","Cameroon","CMR","CM","43","caf_cpv","Cape Verde","CPV","CV","66","4","1","FALSE","","caf_cmr","Group-stage fixture listed in source score matrix; exact match date not included in this data pack.","home_win","","Wikipedia score matrix","https://en.wikipedia.org/wiki/2026_FIFA_World_Cup_qualification_(CAF)","",""
"caf_r1_m097","caf_2026_first_round","CAF","caf_r1_group_d","","97","","caf_cmr","Cameroon","CMR","CM","43","caf_lby","Libya","LBY","LY","127","3","1","FALSE","","caf_cmr","Group-stage fixture listed in source score matrix; exact match date not included in this data pack.","home_win","","Wikipedia score matrix","https://en.wikipedia.org/wiki/2026_FIFA_World_Cup_qualification_(CAF)","",""
"caf_r1_m098","caf_2026_first_round","CAF","caf_r1_group_d","","98","","caf_cmr","Cameroon","CMR","CM","43","caf_ang","Angola","ANG","AO","114","0","0","FALSE","","","Group-stage fixture listed in source score matrix; exact match date not included in this data pack.","draw","","Wikipedia score matrix","https://en.wikipedia.org/wiki/2026_FIFA_World_Cup_qualification_(CAF)","",""
"caf_r1_m099","caf_2026_first_round","CAF","caf_r1_group_d","","99","","caf_cmr","Cameroon","CMR","CM","43","caf_mri","Mauritius","MRI","MU","180","3","0","FALSE","","caf_cmr","Group-stage fixture listed in source score matrix; exact match date not included in this data pack.","home_win","","Wikipedia score matrix","https://en.wikipedia.org/wiki/2026_FIFA_World_Cup_qualification_(CAF)","",""
"caf_r1_m100","caf_2026_first_round","CAF","caf_r1_group_d","","100","","caf_cmr","Cameroon","CMR","CM","43","caf_swz","Eswatini","SWZ","SZ","146","3","0","FALSE","","caf_cmr","Group-stage fixture listed in source score matrix; exact match date not included in this data pack.","home_win","","Wikipedia score matrix","https://en.wikipedia.org/wiki/2026_FIFA_World_Cup_qualification_(CAF)","",""
"caf_r1_m101","caf_2026_first_round","CAF","caf_r1_group_d","","101","","caf_lby","Libya","LBY","LY","127","caf_cpv","Cape Verde","CPV","CV","66","3","3","FALSE","","","Group-stage fixture listed in source score matrix; exact match date not included in this data pack.","draw","","Wikipedia score matrix","https://en.wikipedia.org/wiki/2026_FIFA_World_Cup_qualification_(CAF)","",""
"caf_r1_m102","caf_2026_first_round","CAF","caf_r1_group_d","","102","","caf_lby","Libya","LBY","LY","127","caf_cmr","Cameroon","CMR","CM","43","1","1","FALSE","","","Group-stage fixture listed in source score matrix; exact match date not included in this data pack.","draw","","Wikipedia score matrix","https://en.wikipedia.org/wiki/2026_FIFA_World_Cup_qualification_(CAF)","",""
"caf_r1_m103","caf_2026_first_round","CAF","caf_r1_group_d","","103","","caf_lby","Libya","LBY","LY","127","caf_ang","Angola","ANG","AO","114","1","1","FALSE","","","Group-stage fixture listed in source score matrix; exact match date not included in this data pack.","draw","","Wikipedia score matrix","https://en.wikipedia.org/wiki/2026_FIFA_World_Cup_qualification_(CAF)","",""
"caf_r1_m104","caf_2026_first_round","CAF","caf_r1_group_d","","104","","caf_lby","Libya","LBY","LY","127","caf_mri","Mauritius","MRI","MU","180","2","1","FALSE","","caf_lby","Group-stage fixture listed in source score matrix; exact match date not included in this data pack.","home_win","","Wikipedia score matrix","https://en.wikipedia.org/wiki/2026_FIFA_World_Cup_qualification_(CAF)","",""
"caf_r1_m105","caf_2026_first_round","CAF","caf_r1_group_d","","105","","caf_lby","Libya","LBY","LY","127","caf_swz","Eswatini","SWZ","SZ","146","2","0","FALSE","","caf_lby","Group-stage fixture listed in source score matrix; exact match date not included in this data pack.","home_win","","Wikipedia score matrix","https://en.wikipedia.org/wiki/2026_FIFA_World_Cup_qualification_(CAF)","",""
"caf_r1_m106","caf_2026_first_round","CAF","caf_r1_group_d","","106","","caf_ang","Angola","ANG","AO","114","caf_cpv","Cape Verde","CPV","CV","66","1","2","FALSE","","caf_cpv","Group-stage fixture listed in source score matrix; exact match date not included in this data pack.","away_win","","Wikipedia score matrix","https://en.wikipedia.org/wiki/2026_FIFA_World_Cup_qualification_(CAF)","",""
"caf_r1_m107","caf_2026_first_round","CAF","caf_r1_group_d","","107","","caf_ang","Angola","ANG","AO","114","caf_cmr","Cameroon","CMR","CM","43","1","1","FALSE","","","Group-stage fixture listed in source score matrix; exact match date not included in this data pack.","draw","","Wikipedia score matrix","https://en.wikipedia.org/wiki/2026_FIFA_World_Cup_qualification_(CAF)","",""
"caf_r1_m108","caf_2026_first_round","CAF","caf_r1_group_d","","108","","caf_ang","Angola","ANG","AO","114","caf_lby","Libya","LBY","LY","127","0","1","FALSE","","caf_lby","Group-stage fixture listed in source score matrix; exact match date not included in this data pack.","away_win","","Wikipedia score matrix","https://en.wikipedia.org/wiki/2026_FIFA_World_Cup_qualification_(CAF)","",""
"caf_r1_m109","caf_2026_first_round","CAF","caf_r1_group_d","","109","","caf_ang","Angola","ANG","AO","114","caf_mri","Mauritius","MRI","MU","180","3","1","FALSE","","caf_ang","Group-stage fixture listed in source score matrix; exact match date not included in this data pack.","home_win","","Wikipedia score matrix","https://en.wikipedia.org/wiki/2026_FIFA_World_Cup_qualification_(CAF)","",""
"caf_r1_m110","caf_2026_first_round","CAF","caf_r1_group_d","","110","","caf_ang","Angola","ANG","AO","114","caf_swz","Eswatini","SWZ","SZ","146","1","0","FALSE","","caf_ang","Group-stage fixture listed in source score matrix; exact match date not included in this data pack.","home_win","","Wikipedia score matrix","https://en.wikipedia.org/wiki/2026_FIFA_World_Cup_qualification_(CAF)","",""
"caf_r1_m111","caf_2026_first_round","CAF","caf_r1_group_d","","111","","caf_mri","Mauritius","MRI","MU","180","caf_cpv","Cape Verde","CPV","CV","66","0","2","FALSE","","caf_cpv","Group-stage fixture listed in source score matrix; exact match date not included in this data pack.","away_win","","Wikipedia score matrix","https://en.wikipedia.org/wiki/2026_FIFA_World_Cup_qualification_(CAF)","",""
"caf_r1_m112","caf_2026_first_round","CAF","caf_r1_group_d","","112","","caf_mri","Mauritius","MRI","MU","180","caf_cmr","Cameroon","CMR","CM","43","0","2","FALSE","","caf_cmr","Group-stage fixture listed in source score matrix; exact match date not included in this data pack.","away_win","","Wikipedia score matrix","https://en.wikipedia.org/wiki/2026_FIFA_World_Cup_qualification_(CAF)","",""
"caf_r1_m113","caf_2026_first_round","CAF","caf_r1_group_d","","113","","caf_mri","Mauritius","MRI","MU","180","caf_lby","Libya","LBY","LY","127","0","0","FALSE","","","Group-stage fixture listed in source score matrix; exact match date not included in this data pack.","draw","","Wikipedia score matrix","https://en.wikipedia.org/wiki/2026_FIFA_World_Cup_qualification_(CAF)","",""
"caf_r1_m114","caf_2026_first_round","CAF","caf_r1_group_d","","114","","caf_mri","Mauritius","MRI","MU","180","caf_ang","Angola","ANG","AO","114","0","0","FALSE","","","Group-stage fixture listed in source score matrix; exact match date not included in this data pack.","draw","","Wikipedia score matrix","https://en.wikipedia.org/wiki/2026_FIFA_World_Cup_qualification_(CAF)","",""
"caf_r1_m115","caf_2026_first_round","CAF","caf_r1_group_d","","115","","caf_mri","Mauritius","MRI","MU","180","caf_swz","Eswatini","SWZ","SZ","146","2","1","FALSE","","caf_mri","Group-stage fixture listed in source score matrix; exact match date not included in this data pack.","home_win","","Wikipedia score matrix","https://en.wikipedia.org/wiki/2026_FIFA_World_Cup_qualification_(CAF)","",""
"caf_r1_m116","caf_2026_first_round","CAF","caf_r1_group_d","","116","","caf_swz","Eswatini","SWZ","SZ","146","caf_cpv","Cape Verde","CPV","CV","66","0","2","FALSE","","caf_cpv","Group-stage fixture listed in source score matrix; exact match date not included in this data pack.","away_win","","Wikipedia score matrix","https://en.wikipedia.org/wiki/2026_FIFA_World_Cup_qualification_(CAF)","",""
"caf_r1_m117","caf_2026_first_round","CAF","caf_r1_group_d","","117","","caf_swz","Eswatini","SWZ","SZ","146","caf_cmr","Cameroon","CMR","CM","43","0","0","FALSE","","","Group-stage fixture listed in source score matrix; exact match date not included in this data pack.","draw","","Wikipedia score matrix","https://en.wikipedia.org/wiki/2026_FIFA_World_Cup_qualification_(CAF)","",""
"caf_r1_m118","caf_2026_first_round","CAF","caf_r1_group_d","","118","","caf_swz","Eswatini","SWZ","SZ","146","caf_lby","Libya","LBY","LY","127","0","1","FALSE","","caf_lby","Group-stage fixture listed in source score matrix; exact match date not included in this data pack.","away_win","","Wikipedia score matrix","https://en.wikipedia.org/wiki/2026_FIFA_World_Cup_qualification_(CAF)","",""
"caf_r1_m119","caf_2026_first_round","CAF","caf_r1_group_d","","119","","caf_swz","Eswatini","SWZ","SZ","146","caf_ang","Angola","ANG","AO","114","2","2","FALSE","","","Group-stage fixture listed in source score matrix; exact match date not included in this data pack.","draw","","Wikipedia score matrix","https://en.wikipedia.org/wiki/2026_FIFA_World_Cup_qualification_(CAF)","",""
"caf_r1_m120","caf_2026_first_round","CAF","caf_r1_group_d","","120","","caf_swz","Eswatini","SWZ","SZ","146","caf_mri","Mauritius","MRI","MU","180","3","3","FALSE","","","Group-stage fixture listed in source score matrix; exact match date not included in this data pack.","draw","","Wikipedia score matrix","https://en.wikipedia.org/wiki/2026_FIFA_World_Cup_qualification_(CAF)","",""
"caf_r1_m121","caf_2026_first_round","CAF","caf_r1_group_e","","121","","caf_mar","Morocco","MAR","MA","13","caf_nig","Niger","NIG","NE","128","5","0","FALSE","","caf_mar","Group-stage fixture listed in source score matrix; exact match date not included in this data pack.","home_win","","Wikipedia score matrix","https://en.wikipedia.org/wiki/2026_FIFA_World_Cup_qualification_(CAF)","",""
"caf_r1_m122","caf_2026_first_round","CAF","caf_r1_group_e","","122","","caf_mar","Morocco","MAR","MA","13","caf_tan","Tanzania","TAN","TZ","123","2","0","FALSE","","caf_mar","Group-stage fixture listed in source score matrix; exact match date not included in this data pack.","home_win","","Wikipedia score matrix","https://en.wikipedia.org/wiki/2026_FIFA_World_Cup_qualification_(CAF)","",""
"caf_r1_m123","caf_2026_first_round","CAF","caf_r1_group_e","","123","","caf_mar","Morocco","MAR","MA","13","caf_zam","Zambia","ZAM","ZM","84","2","1","FALSE","","caf_mar","Group-stage fixture listed in source score matrix; exact match date not included in this data pack.","home_win","","Wikipedia score matrix","https://en.wikipedia.org/wiki/2026_FIFA_World_Cup_qualification_(CAF)","",""
"caf_r1_m124","caf_2026_first_round","CAF","caf_r1_group_e","","124","","caf_mar","Morocco","MAR","MA","13","caf_cgo","Congo","CGO","CG","106","1","0","FALSE","","caf_mar","Group-stage fixture listed in source score matrix; exact match date not included in this data pack.","home_win","","Wikipedia score matrix","https://en.wikipedia.org/wiki/2026_FIFA_World_Cup_qualification_(CAF)","",""
"caf_r1_m125","caf_2026_first_round","CAF","caf_r1_group_e","","125","","caf_mar","Morocco","MAR","MA","13","caf_eri","Eritrea","ERI","ER","198","","","FALSE","","","Group-stage fixture listed in source score matrix; exact match date not included in this data pack.","cancelled","","Wikipedia score matrix","https://en.wikipedia.org/wiki/2026_FIFA_World_Cup_qualification_(CAF)","",""
"caf_r1_m126","caf_2026_first_round","CAF","caf_r1_group_e","","126","","caf_nig","Niger","NIG","NE","128","caf_mar","Morocco","MAR","MA","13","1","2","FALSE","","caf_mar","Group-stage fixture listed in source score matrix; exact match date not included in this data pack.","away_win","","Wikipedia score matrix","https://en.wikipedia.org/wiki/2026_FIFA_World_Cup_qualification_(CAF)","",""
"caf_r1_m127","caf_2026_first_round","CAF","caf_r1_group_e","","127","","caf_nig","Niger","NIG","NE","128","caf_tan","Tanzania","TAN","TZ","123","0","1","FALSE","","caf_tan","Group-stage fixture listed in source score matrix; exact match date not included in this data pack.","away_win","","Wikipedia score matrix","https://en.wikipedia.org/wiki/2026_FIFA_World_Cup_qualification_(CAF)","",""
"caf_r1_m128","caf_2026_first_round","CAF","caf_r1_group_e","","128","","caf_nig","Niger","NIG","NE","128","caf_zam","Zambia","ZAM","ZM","84","2","1","FALSE","","caf_nig","Group-stage fixture listed in source score matrix; exact match date not included in this data pack.","home_win","","Wikipedia score matrix","https://en.wikipedia.org/wiki/2026_FIFA_World_Cup_qualification_(CAF)","",""
"caf_r1_m129","caf_2026_first_round","CAF","caf_r1_group_e","","129","","caf_nig","Niger","NIG","NE","128","caf_cgo","Congo","CGO","CG","106","3","1","FALSE","","caf_nig","Group-stage fixture listed in source score matrix; exact match date not included in this data pack.","home_win","","Wikipedia score matrix","https://en.wikipedia.org/wiki/2026_FIFA_World_Cup_qualification_(CAF)","",""
"caf_r1_m130","caf_2026_first_round","CAF","caf_r1_group_e","","130","","caf_nig","Niger","NIG","NE","128","caf_eri","Eritrea","ERI","ER","198","","","FALSE","","","Group-stage fixture listed in source score matrix; exact match date not included in this data pack.","cancelled","","Wikipedia score matrix","https://en.wikipedia.org/wiki/2026_FIFA_World_Cup_qualification_(CAF)","",""
"caf_r1_m131","caf_2026_first_round","CAF","caf_r1_group_e","","131","","caf_tan","Tanzania","TAN","TZ","123","caf_mar","Morocco","MAR","MA","13","0","2","FALSE","","caf_mar","Group-stage fixture listed in source score matrix; exact match date not included in this data pack.","away_win","","Wikipedia score matrix","https://en.wikipedia.org/wiki/2026_FIFA_World_Cup_qualification_(CAF)","",""
"caf_r1_m132","caf_2026_first_round","CAF","caf_r1_group_e","","132","","caf_tan","Tanzania","TAN","TZ","123","caf_nig","Niger","NIG","NE","128","0","1","FALSE","","caf_nig","Group-stage fixture listed in source score matrix; exact match date not included in this data pack.","away_win","","Wikipedia score matrix","https://en.wikipedia.org/wiki/2026_FIFA_World_Cup_qualification_(CAF)","",""
"caf_r1_m133","caf_2026_first_round","CAF","caf_r1_group_e","","133","","caf_tan","Tanzania","TAN","TZ","123","caf_zam","Zambia","ZAM","ZM","84","0","1","FALSE","","caf_zam","Group-stage fixture listed in source score matrix; exact match date not included in this data pack.","away_win","","Wikipedia score matrix","https://en.wikipedia.org/wiki/2026_FIFA_World_Cup_qualification_(CAF)","",""
"caf_r1_m134","caf_2026_first_round","CAF","caf_r1_group_e","","134","","caf_tan","Tanzania","TAN","TZ","123","caf_cgo","Congo","CGO","CG","106","3","0","FALSE","","caf_tan","Includes matches affected by Congo suspension/forfeits; see notes/sources.","home_win","","Wikipedia score matrix","https://en.wikipedia.org/wiki/2026_FIFA_World_Cup_qualification_(CAF)","",""
"caf_r1_m135","caf_2026_first_round","CAF","caf_r1_group_e","","135","","caf_tan","Tanzania","TAN","TZ","123","caf_eri","Eritrea","ERI","ER","198","","","FALSE","","","Group-stage fixture listed in source score matrix; exact match date not included in this data pack.","cancelled","","Wikipedia score matrix","https://en.wikipedia.org/wiki/2026_FIFA_World_Cup_qualification_(CAF)","",""
"caf_r1_m136","caf_2026_first_round","CAF","caf_r1_group_e","","136","","caf_zam","Zambia","ZAM","ZM","84","caf_mar","Morocco","MAR","MA","13","0","2","FALSE","","caf_mar","Group-stage fixture listed in source score matrix; exact match date not included in this data pack.","away_win","","Wikipedia score matrix","https://en.wikipedia.org/wiki/2026_FIFA_World_Cup_qualification_(CAF)","",""
"caf_r1_m137","caf_2026_first_round","CAF","caf_r1_group_e","","137","","caf_zam","Zambia","ZAM","ZM","84","caf_nig","Niger","NIG","NE","128","0","1","FALSE","","caf_nig","Group-stage fixture listed in source score matrix; exact match date not included in this data pack.","away_win","","Wikipedia score matrix","https://en.wikipedia.org/wiki/2026_FIFA_World_Cup_qualification_(CAF)","",""
"caf_r1_m138","caf_2026_first_round","CAF","caf_r1_group_e","","138","","caf_zam","Zambia","ZAM","ZM","84","caf_tan","Tanzania","TAN","TZ","123","0","1","FALSE","","caf_tan","Group-stage fixture listed in source score matrix; exact match date not included in this data pack.","away_win","","Wikipedia score matrix","https://en.wikipedia.org/wiki/2026_FIFA_World_Cup_qualification_(CAF)","",""
"caf_r1_m139","caf_2026_first_round","CAF","caf_r1_group_e","","139","","caf_zam","Zambia","ZAM","ZM","84","caf_cgo","Congo","CGO","CG","106","4","2","FALSE","","caf_zam","Includes matches affected by Congo suspension/forfeits; see notes/sources.","home_win","","Wikipedia score matrix","https://en.wikipedia.org/wiki/2026_FIFA_World_Cup_qualification_(CAF)","",""
"caf_r1_m140","caf_2026_first_round","CAF","caf_r1_group_e","","140","","caf_zam","Zambia","ZAM","ZM","84","caf_eri","Eritrea","ERI","ER","198","","","FALSE","","","Group-stage fixture listed in source score matrix; exact match date not included in this data pack.","cancelled","","Wikipedia score matrix","https://en.wikipedia.org/wiki/2026_FIFA_World_Cup_qualification_(CAF)","",""
"caf_r1_m141","caf_2026_first_round","CAF","caf_r1_group_e","","141","","caf_cgo","Congo","CGO","CG","106","caf_mar","Morocco","MAR","MA","13","0","6","FALSE","","caf_mar","Group-stage fixture listed in source score matrix; exact match date not included in this data pack.","away_win","","Wikipedia score matrix","https://en.wikipedia.org/wiki/2026_FIFA_World_Cup_qualification_(CAF)","",""
"caf_r1_m142","caf_2026_first_round","CAF","caf_r1_group_e","","142","","caf_cgo","Congo","CGO","CG","106","caf_nig","Niger","NIG","NE","128","0","3","FALSE","","caf_nig","Includes matches affected by Congo suspension/forfeits; see notes/sources.","away_win","","Wikipedia score matrix","https://en.wikipedia.org/wiki/2026_FIFA_World_Cup_qualification_(CAF)","",""
"caf_r1_m143","caf_2026_first_round","CAF","caf_r1_group_e","","143","","caf_cgo","Congo","CGO","CG","106","caf_tan","Tanzania","TAN","TZ","123","1","1","FALSE","","","Group-stage fixture listed in source score matrix; exact match date not included in this data pack.","draw","","Wikipedia score matrix","https://en.wikipedia.org/wiki/2026_FIFA_World_Cup_qualification_(CAF)","",""
"caf_r1_m144","caf_2026_first_round","CAF","caf_r1_group_e","","144","","caf_cgo","Congo","CGO","CG","106","caf_zam","Zambia","ZAM","ZM","84","0","3","FALSE","","caf_zam","Includes matches affected by Congo suspension/forfeits; see notes/sources.","away_win","","Wikipedia score matrix","https://en.wikipedia.org/wiki/2026_FIFA_World_Cup_qualification_(CAF)","",""
"caf_r1_m145","caf_2026_first_round","CAF","caf_r1_group_e","","145","","caf_cgo","Congo","CGO","CG","106","caf_eri","Eritrea","ERI","ER","198","","","FALSE","","","Group-stage fixture listed in source score matrix; exact match date not included in this data pack.","cancelled","","Wikipedia score matrix","https://en.wikipedia.org/wiki/2026_FIFA_World_Cup_qualification_(CAF)","",""
"caf_r1_m146","caf_2026_first_round","CAF","caf_r1_group_e","","146","","caf_eri","Eritrea","ERI","ER","198","caf_mar","Morocco","MAR","MA","13","","","FALSE","","","Group-stage fixture listed in source score matrix; exact match date not included in this data pack.","cancelled","","Wikipedia score matrix","https://en.wikipedia.org/wiki/2026_FIFA_World_Cup_qualification_(CAF)","",""
"caf_r1_m147","caf_2026_first_round","CAF","caf_r1_group_e","","147","","caf_eri","Eritrea","ERI","ER","198","caf_nig","Niger","NIG","NE","128","","","FALSE","","","Group-stage fixture listed in source score matrix; exact match date not included in this data pack.","cancelled","","Wikipedia score matrix","https://en.wikipedia.org/wiki/2026_FIFA_World_Cup_qualification_(CAF)","",""
"caf_r1_m148","caf_2026_first_round","CAF","caf_r1_group_e","","148","","caf_eri","Eritrea","ERI","ER","198","caf_tan","Tanzania","TAN","TZ","123","","","FALSE","","","Group-stage fixture listed in source score matrix; exact match date not included in this data pack.","cancelled","","Wikipedia score matrix","https://en.wikipedia.org/wiki/2026_FIFA_World_Cup_qualification_(CAF)","",""
"caf_r1_m149","caf_2026_first_round","CAF","caf_r1_group_e","","149","","caf_eri","Eritrea","ERI","ER","198","caf_zam","Zambia","ZAM","ZM","84","","","FALSE","","","Group-stage fixture listed in source score matrix; exact match date not included in this data pack.","cancelled","","Wikipedia score matrix","https://en.wikipedia.org/wiki/2026_FIFA_World_Cup_qualification_(CAF)","",""
"caf_r1_m150","caf_2026_first_round","CAF","caf_r1_group_e","","150","","caf_eri","Eritrea","ERI","ER","198","caf_cgo","Congo","CGO","CG","106","","","FALSE","","","Group-stage fixture listed in source score matrix; exact match date not included in this data pack.","cancelled","","Wikipedia score matrix","https://en.wikipedia.org/wiki/2026_FIFA_World_Cup_qualification_(CAF)","",""
"caf_r1_m151","caf_2026_first_round","CAF","caf_r1_group_f","","151","","caf_civ","Ivory Coast","CIV","CI","51","caf_gab","Gabon","GAB","GA","85","1","0","FALSE","","caf_civ","Group-stage fixture listed in source score matrix; exact match date not included in this data pack.","home_win","","Wikipedia score matrix","https://en.wikipedia.org/wiki/2026_FIFA_World_Cup_qualification_(CAF)","",""
"caf_r1_m152","caf_2026_first_round","CAF","caf_r1_group_f","","152","","caf_civ","Ivory Coast","CIV","CI","51","caf_gam","Gambia","GAM","GM","119","1","0","FALSE","","caf_civ","Group-stage fixture listed in source score matrix; exact match date not included in this data pack.","home_win","","Wikipedia score matrix","https://en.wikipedia.org/wiki/2026_FIFA_World_Cup_qualification_(CAF)","",""
"caf_r1_m153","caf_2026_first_round","CAF","caf_r1_group_f","","153","","caf_civ","Ivory Coast","CIV","CI","51","caf_ken","Kenya","KEN","KE","105","3","0","FALSE","","caf_civ","Group-stage fixture listed in source score matrix; exact match date not included in this data pack.","home_win","","Wikipedia score matrix","https://en.wikipedia.org/wiki/2026_FIFA_World_Cup_qualification_(CAF)","",""
"caf_r1_m154","caf_2026_first_round","CAF","caf_r1_group_f","","154","","caf_civ","Ivory Coast","CIV","CI","51","caf_bdi","Burundi","BDI","BI","140","1","0","FALSE","","caf_civ","Group-stage fixture listed in source score matrix; exact match date not included in this data pack.","home_win","","Wikipedia score matrix","https://en.wikipedia.org/wiki/2026_FIFA_World_Cup_qualification_(CAF)","",""
"caf_r1_m155","caf_2026_first_round","CAF","caf_r1_group_f","","155","","caf_civ","Ivory Coast","CIV","CI","51","caf_sey","Seychelles","SEY","SC","196","9","0","FALSE","","caf_civ","Group-stage fixture listed in source score matrix; exact match date not included in this data pack.","home_win","","Wikipedia score matrix","https://en.wikipedia.org/wiki/2026_FIFA_World_Cup_qualification_(CAF)","",""
"caf_r1_m156","caf_2026_first_round","CAF","caf_r1_group_f","","156","","caf_gab","Gabon","GAB","GA","85","caf_civ","Ivory Coast","CIV","CI","51","0","0","FALSE","","","Group-stage fixture listed in source score matrix; exact match date not included in this data pack.","draw","","Wikipedia score matrix","https://en.wikipedia.org/wiki/2026_FIFA_World_Cup_qualification_(CAF)","",""
"caf_r1_m157","caf_2026_first_round","CAF","caf_r1_group_f","","157","","caf_gab","Gabon","GAB","GA","85","caf_gam","Gambia","GAM","GM","119","3","2","FALSE","","caf_gab","Group-stage fixture listed in source score matrix; exact match date not included in this data pack.","home_win","","Wikipedia score matrix","https://en.wikipedia.org/wiki/2026_FIFA_World_Cup_qualification_(CAF)","",""
"caf_r1_m158","caf_2026_first_round","CAF","caf_r1_group_f","","158","","caf_gab","Gabon","GAB","GA","85","caf_ken","Kenya","KEN","KE","105","2","1","FALSE","","caf_gab","Group-stage fixture listed in source score matrix; exact match date not included in this data pack.","home_win","","Wikipedia score matrix","https://en.wikipedia.org/wiki/2026_FIFA_World_Cup_qualification_(CAF)","",""
"caf_r1_m159","caf_2026_first_round","CAF","caf_r1_group_f","","159","","caf_gab","Gabon","GAB","GA","85","caf_bdi","Burundi","BDI","BI","140","2","0","FALSE","","caf_gab","Group-stage fixture listed in source score matrix; exact match date not included in this data pack.","home_win","","Wikipedia score matrix","https://en.wikipedia.org/wiki/2026_FIFA_World_Cup_qualification_(CAF)","",""
"caf_r1_m160","caf_2026_first_round","CAF","caf_r1_group_f","","160","","caf_gab","Gabon","GAB","GA","85","caf_sey","Seychelles","SEY","SC","196","3","0","FALSE","","caf_gab","Group-stage fixture listed in source score matrix; exact match date not included in this data pack.","home_win","","Wikipedia score matrix","https://en.wikipedia.org/wiki/2026_FIFA_World_Cup_qualification_(CAF)","",""
"caf_r1_m161","caf_2026_first_round","CAF","caf_r1_group_f","","161","","caf_gam","Gambia","GAM","GM","119","caf_civ","Ivory Coast","CIV","CI","51","0","2","FALSE","","caf_civ","Group-stage fixture listed in source score matrix; exact match date not included in this data pack.","away_win","","Wikipedia score matrix","https://en.wikipedia.org/wiki/2026_FIFA_World_Cup_qualification_(CAF)","",""
"caf_r1_m162","caf_2026_first_round","CAF","caf_r1_group_f","","162","","caf_gam","Gambia","GAM","GM","119","caf_gab","Gabon","GAB","GA","85","3","4","FALSE","","caf_gab","Group-stage fixture listed in source score matrix; exact match date not included in this data pack.","away_win","","Wikipedia score matrix","https://en.wikipedia.org/wiki/2026_FIFA_World_Cup_qualification_(CAF)","",""
"caf_r1_m163","caf_2026_first_round","CAF","caf_r1_group_f","","163","","caf_gam","Gambia","GAM","GM","119","caf_ken","Kenya","KEN","KE","105","3","3","FALSE","","","Group-stage fixture listed in source score matrix; exact match date not included in this data pack.","draw","","Wikipedia score matrix","https://en.wikipedia.org/wiki/2026_FIFA_World_Cup_qualification_(CAF)","",""
"caf_r1_m164","caf_2026_first_round","CAF","caf_r1_group_f","","164","","caf_gam","Gambia","GAM","GM","119","caf_bdi","Burundi","BDI","BI","140","2","0","FALSE","","caf_gam","Group-stage fixture listed in source score matrix; exact match date not included in this data pack.","home_win","","Wikipedia score matrix","https://en.wikipedia.org/wiki/2026_FIFA_World_Cup_qualification_(CAF)","",""
"caf_r1_m165","caf_2026_first_round","CAF","caf_r1_group_f","","165","","caf_gam","Gambia","GAM","GM","119","caf_sey","Seychelles","SEY","SC","196","5","1","FALSE","","caf_gam","Group-stage fixture listed in source score matrix; exact match date not included in this data pack.","home_win","","Wikipedia score matrix","https://en.wikipedia.org/wiki/2026_FIFA_World_Cup_qualification_(CAF)","",""
"caf_r1_m166","caf_2026_first_round","CAF","caf_r1_group_f","","166","","caf_ken","Kenya","KEN","KE","105","caf_civ","Ivory Coast","CIV","CI","51","0","0","FALSE","","","Group-stage fixture listed in source score matrix; exact match date not included in this data pack.","draw","","Wikipedia score matrix","https://en.wikipedia.org/wiki/2026_FIFA_World_Cup_qualification_(CAF)","",""
"caf_r1_m167","caf_2026_first_round","CAF","caf_r1_group_f","","167","","caf_ken","Kenya","KEN","KE","105","caf_gab","Gabon","GAB","GA","85","1","2","FALSE","","caf_gab","Group-stage fixture listed in source score matrix; exact match date not included in this data pack.","away_win","","Wikipedia score matrix","https://en.wikipedia.org/wiki/2026_FIFA_World_Cup_qualification_(CAF)","",""
"caf_r1_m168","caf_2026_first_round","CAF","caf_r1_group_f","","168","","caf_ken","Kenya","KEN","KE","105","caf_gam","Gambia","GAM","GM","119","1","3","FALSE","","caf_gam","Group-stage fixture listed in source score matrix; exact match date not included in this data pack.","away_win","","Wikipedia score matrix","https://en.wikipedia.org/wiki/2026_FIFA_World_Cup_qualification_(CAF)","",""
"caf_r1_m169","caf_2026_first_round","CAF","caf_r1_group_f","","169","","caf_ken","Kenya","KEN","KE","105","caf_bdi","Burundi","BDI","BI","140","1","1","FALSE","","","Group-stage fixture listed in source score matrix; exact match date not included in this data pack.","draw","","Wikipedia score matrix","https://en.wikipedia.org/wiki/2026_FIFA_World_Cup_qualification_(CAF)","",""
"caf_r1_m170","caf_2026_first_round","CAF","caf_r1_group_f","","170","","caf_ken","Kenya","KEN","KE","105","caf_sey","Seychelles","SEY","SC","196","5","0","FALSE","","caf_ken","Group-stage fixture listed in source score matrix; exact match date not included in this data pack.","home_win","","Wikipedia score matrix","https://en.wikipedia.org/wiki/2026_FIFA_World_Cup_qualification_(CAF)","",""
"caf_r1_m171","caf_2026_first_round","CAF","caf_r1_group_f","","171","","caf_bdi","Burundi","BDI","BI","140","caf_civ","Ivory Coast","CIV","CI","51","0","1","FALSE","","caf_civ","Group-stage fixture listed in source score matrix; exact match date not included in this data pack.","away_win","","Wikipedia score matrix","https://en.wikipedia.org/wiki/2026_FIFA_World_Cup_qualification_(CAF)","",""
"caf_r1_m172","caf_2026_first_round","CAF","caf_r1_group_f","","172","","caf_bdi","Burundi","BDI","BI","140","caf_gab","Gabon","GAB","GA","85","1","2","FALSE","","caf_gab","Group-stage fixture listed in source score matrix; exact match date not included in this data pack.","away_win","","Wikipedia score matrix","https://en.wikipedia.org/wiki/2026_FIFA_World_Cup_qualification_(CAF)","",""
"caf_r1_m173","caf_2026_first_round","CAF","caf_r1_group_f","","173","","caf_bdi","Burundi","BDI","BI","140","caf_gam","Gambia","GAM","GM","119","3","2","FALSE","","caf_bdi","Group-stage fixture listed in source score matrix; exact match date not included in this data pack.","home_win","","Wikipedia score matrix","https://en.wikipedia.org/wiki/2026_FIFA_World_Cup_qualification_(CAF)","",""
"caf_r1_m174","caf_2026_first_round","CAF","caf_r1_group_f","","174","","caf_bdi","Burundi","BDI","BI","140","caf_ken","Kenya","KEN","KE","105","0","1","FALSE","","caf_ken","Group-stage fixture listed in source score matrix; exact match date not included in this data pack.","away_win","","Wikipedia score matrix","https://en.wikipedia.org/wiki/2026_FIFA_World_Cup_qualification_(CAF)","",""
"caf_r1_m175","caf_2026_first_round","CAF","caf_r1_group_f","","175","","caf_bdi","Burundi","BDI","BI","140","caf_sey","Seychelles","SEY","SC","196","5","0","FALSE","","caf_bdi","Group-stage fixture listed in source score matrix; exact match date not included in this data pack.","home_win","","Wikipedia score matrix","https://en.wikipedia.org/wiki/2026_FIFA_World_Cup_qualification_(CAF)","",""
"caf_r1_m176","caf_2026_first_round","CAF","caf_r1_group_f","","176","","caf_sey","Seychelles","SEY","SC","196","caf_civ","Ivory Coast","CIV","CI","51","0","7","FALSE","","caf_civ","Group-stage fixture listed in source score matrix; exact match date not included in this data pack.","away_win","","Wikipedia score matrix","https://en.wikipedia.org/wiki/2026_FIFA_World_Cup_qualification_(CAF)","",""
"caf_r1_m177","caf_2026_first_round","CAF","caf_r1_group_f","","177","","caf_sey","Seychelles","SEY","SC","196","caf_gab","Gabon","GAB","GA","85","0","4","FALSE","","caf_gab","Group-stage fixture listed in source score matrix; exact match date not included in this data pack.","away_win","","Wikipedia score matrix","https://en.wikipedia.org/wiki/2026_FIFA_World_Cup_qualification_(CAF)","",""
"caf_r1_m178","caf_2026_first_round","CAF","caf_r1_group_f","","178","","caf_sey","Seychelles","SEY","SC","196","caf_gam","Gambia","GAM","GM","119","0","7","FALSE","","caf_gam","Group-stage fixture listed in source score matrix; exact match date not included in this data pack.","away_win","","Wikipedia score matrix","https://en.wikipedia.org/wiki/2026_FIFA_World_Cup_qualification_(CAF)","",""
"caf_r1_m179","caf_2026_first_round","CAF","caf_r1_group_f","","179","","caf_sey","Seychelles","SEY","SC","196","caf_ken","Kenya","KEN","KE","105","0","5","FALSE","","caf_ken","Group-stage fixture listed in source score matrix; exact match date not included in this data pack.","away_win","","Wikipedia score matrix","https://en.wikipedia.org/wiki/2026_FIFA_World_Cup_qualification_(CAF)","",""
"caf_r1_m180","caf_2026_first_round","CAF","caf_r1_group_f","","180","","caf_sey","Seychelles","SEY","SC","196","caf_bdi","Burundi","BDI","BI","140","1","3","FALSE","","caf_bdi","Group-stage fixture listed in source score matrix; exact match date not included in this data pack.","away_win","","Wikipedia score matrix","https://en.wikipedia.org/wiki/2026_FIFA_World_Cup_qualification_(CAF)","",""
"caf_r1_m181","caf_2026_first_round","CAF","caf_r1_group_g","","181","","caf_alg","Algeria","ALG","DZ","33","caf_uga","Uganda","UGA","UG","92","2","1","FALSE","","caf_alg","Group-stage fixture listed in source score matrix; exact match date not included in this data pack.","home_win","","Wikipedia score matrix","https://en.wikipedia.org/wiki/2026_FIFA_World_Cup_qualification_(CAF)","",""
"caf_r1_m182","caf_2026_first_round","CAF","caf_r1_group_g","","182","","caf_alg","Algeria","ALG","DZ","33","caf_moz","Mozambique","MOZ","MZ","117","5","1","FALSE","","caf_alg","Group-stage fixture listed in source score matrix; exact match date not included in this data pack.","home_win","","Wikipedia score matrix","https://en.wikipedia.org/wiki/2026_FIFA_World_Cup_qualification_(CAF)","",""
"caf_r1_m183","caf_2026_first_round","CAF","caf_r1_group_g","","183","","caf_alg","Algeria","ALG","DZ","33","caf_gui","Guinea","GUI","GN","80","1","2","FALSE","","caf_gui","Group-stage fixture listed in source score matrix; exact match date not included in this data pack.","away_win","","Wikipedia score matrix","https://en.wikipedia.org/wiki/2026_FIFA_World_Cup_qualification_(CAF)","",""
"caf_r1_m184","caf_2026_first_round","CAF","caf_r1_group_g","","184","","caf_alg","Algeria","ALG","DZ","33","caf_bot","Botswana","BOT","BW","147","3","1","FALSE","","caf_alg","Group-stage fixture listed in source score matrix; exact match date not included in this data pack.","home_win","","Wikipedia score matrix","https://en.wikipedia.org/wiki/2026_FIFA_World_Cup_qualification_(CAF)","",""
"caf_r1_m185","caf_2026_first_round","CAF","caf_r1_group_g","","185","","caf_alg","Algeria","ALG","DZ","33","caf_som","Somalia","SOM","SO","199","3","1","FALSE","","caf_alg","Group-stage fixture listed in source score matrix; exact match date not included in this data pack.","home_win","","Wikipedia score matrix","https://en.wikipedia.org/wiki/2026_FIFA_World_Cup_qualification_(CAF)","",""
"caf_r1_m186","caf_2026_first_round","CAF","caf_r1_group_g","","186","","caf_uga","Uganda","UGA","UG","92","caf_alg","Algeria","ALG","DZ","33","1","2","FALSE","","caf_alg","Group-stage fixture listed in source score matrix; exact match date not included in this data pack.","away_win","","Wikipedia score matrix","https://en.wikipedia.org/wiki/2026_FIFA_World_Cup_qualification_(CAF)","",""
"caf_r1_m187","caf_2026_first_round","CAF","caf_r1_group_g","","187","","caf_uga","Uganda","UGA","UG","92","caf_moz","Mozambique","MOZ","MZ","117","4","0","FALSE","","caf_uga","Group-stage fixture listed in source score matrix; exact match date not included in this data pack.","home_win","","Wikipedia score matrix","https://en.wikipedia.org/wiki/2026_FIFA_World_Cup_qualification_(CAF)","",""
"caf_r1_m188","caf_2026_first_round","CAF","caf_r1_group_g","","188","","caf_uga","Uganda","UGA","UG","92","caf_gui","Guinea","GUI","GN","80","1","0","FALSE","","caf_uga","Group-stage fixture listed in source score matrix; exact match date not included in this data pack.","home_win","","Wikipedia score matrix","https://en.wikipedia.org/wiki/2026_FIFA_World_Cup_qualification_(CAF)","",""
"caf_r1_m189","caf_2026_first_round","CAF","caf_r1_group_g","","189","","caf_uga","Uganda","UGA","UG","92","caf_bot","Botswana","BOT","BW","147","1","0","FALSE","","caf_uga","Group-stage fixture listed in source score matrix; exact match date not included in this data pack.","home_win","","Wikipedia score matrix","https://en.wikipedia.org/wiki/2026_FIFA_World_Cup_qualification_(CAF)","",""
"caf_r1_m190","caf_2026_first_round","CAF","caf_r1_group_g","","190","","caf_uga","Uganda","UGA","UG","92","caf_som","Somalia","SOM","SO","199","2","0","FALSE","","caf_uga","Group-stage fixture listed in source score matrix; exact match date not included in this data pack.","home_win","","Wikipedia score matrix","https://en.wikipedia.org/wiki/2026_FIFA_World_Cup_qualification_(CAF)","",""
"caf_r1_m191","caf_2026_first_round","CAF","caf_r1_group_g","","191","","caf_moz","Mozambique","MOZ","MZ","117","caf_alg","Algeria","ALG","DZ","33","0","2","FALSE","","caf_alg","Group-stage fixture listed in source score matrix; exact match date not included in this data pack.","away_win","","Wikipedia score matrix","https://en.wikipedia.org/wiki/2026_FIFA_World_Cup_qualification_(CAF)","",""
"caf_r1_m192","caf_2026_first_round","CAF","caf_r1_group_g","","192","","caf_moz","Mozambique","MOZ","MZ","117","caf_uga","Uganda","UGA","UG","92","3","1","FALSE","","caf_moz","Group-stage fixture listed in source score matrix; exact match date not included in this data pack.","home_win","","Wikipedia score matrix","https://en.wikipedia.org/wiki/2026_FIFA_World_Cup_qualification_(CAF)","",""
"caf_r1_m193","caf_2026_first_round","CAF","caf_r1_group_g","","193","","caf_moz","Mozambique","MOZ","MZ","117","caf_gui","Guinea","GUI","GN","80","1","2","FALSE","","caf_gui","Group-stage fixture listed in source score matrix; exact match date not included in this data pack.","away_win","","Wikipedia score matrix","https://en.wikipedia.org/wiki/2026_FIFA_World_Cup_qualification_(CAF)","",""
"caf_r1_m194","caf_2026_first_round","CAF","caf_r1_group_g","","194","","caf_moz","Mozambique","MOZ","MZ","117","caf_bot","Botswana","BOT","BW","147","2","0","FALSE","","caf_moz","Group-stage fixture listed in source score matrix; exact match date not included in this data pack.","home_win","","Wikipedia score matrix","https://en.wikipedia.org/wiki/2026_FIFA_World_Cup_qualification_(CAF)","",""
"caf_r1_m195","caf_2026_first_round","CAF","caf_r1_group_g","","195","","caf_moz","Mozambique","MOZ","MZ","117","caf_som","Somalia","SOM","SO","199","2","1","FALSE","","caf_moz","Group-stage fixture listed in source score matrix; exact match date not included in this data pack.","home_win","","Wikipedia score matrix","https://en.wikipedia.org/wiki/2026_FIFA_World_Cup_qualification_(CAF)","",""
"caf_r1_m196","caf_2026_first_round","CAF","caf_r1_group_g","","196","","caf_gui","Guinea","GUI","GN","80","caf_alg","Algeria","ALG","DZ","33","0","0","FALSE","","","Group-stage fixture listed in source score matrix; exact match date not included in this data pack.","draw","","Wikipedia score matrix","https://en.wikipedia.org/wiki/2026_FIFA_World_Cup_qualification_(CAF)","",""
"caf_r1_m197","caf_2026_first_round","CAF","caf_r1_group_g","","197","","caf_gui","Guinea","GUI","GN","80","caf_uga","Uganda","UGA","UG","92","2","1","FALSE","","caf_gui","Group-stage fixture listed in source score matrix; exact match date not included in this data pack.","home_win","","Wikipedia score matrix","https://en.wikipedia.org/wiki/2026_FIFA_World_Cup_qualification_(CAF)","",""
"caf_r1_m198","caf_2026_first_round","CAF","caf_r1_group_g","","198","","caf_gui","Guinea","GUI","GN","80","caf_moz","Mozambique","MOZ","MZ","117","0","1","FALSE","","caf_moz","Group-stage fixture listed in source score matrix; exact match date not included in this data pack.","away_win","","Wikipedia score matrix","https://en.wikipedia.org/wiki/2026_FIFA_World_Cup_qualification_(CAF)","",""
"caf_r1_m199","caf_2026_first_round","CAF","caf_r1_group_g","","199","","caf_gui","Guinea","GUI","GN","80","caf_bot","Botswana","BOT","BW","147","2","2","FALSE","","","Group-stage fixture listed in source score matrix; exact match date not included in this data pack.","draw","","Wikipedia score matrix","https://en.wikipedia.org/wiki/2026_FIFA_World_Cup_qualification_(CAF)","",""
"caf_r1_m200","caf_2026_first_round","CAF","caf_r1_group_g","","200","","caf_gui","Guinea","GUI","GN","80","caf_som","Somalia","SOM","SO","199","0","0","FALSE","","","Group-stage fixture listed in source score matrix; exact match date not included in this data pack.","draw","","Wikipedia score matrix","https://en.wikipedia.org/wiki/2026_FIFA_World_Cup_qualification_(CAF)","",""
"caf_r1_m201","caf_2026_first_round","CAF","caf_r1_group_g","","201","","caf_bot","Botswana","BOT","BW","147","caf_alg","Algeria","ALG","DZ","33","1","3","FALSE","","caf_alg","Group-stage fixture listed in source score matrix; exact match date not included in this data pack.","away_win","","Wikipedia score matrix","https://en.wikipedia.org/wiki/2026_FIFA_World_Cup_qualification_(CAF)","",""
"caf_r1_m202","caf_2026_first_round","CAF","caf_r1_group_g","","202","","caf_bot","Botswana","BOT","BW","147","caf_uga","Uganda","UGA","UG","92","0","1","FALSE","","caf_uga","Group-stage fixture listed in source score matrix; exact match date not included in this data pack.","away_win","","Wikipedia score matrix","https://en.wikipedia.org/wiki/2026_FIFA_World_Cup_qualification_(CAF)","",""
"caf_r1_m203","caf_2026_first_round","CAF","caf_r1_group_g","","203","","caf_bot","Botswana","BOT","BW","147","caf_moz","Mozambique","MOZ","MZ","117","2","3","FALSE","","caf_moz","Group-stage fixture listed in source score matrix; exact match date not included in this data pack.","away_win","","Wikipedia score matrix","https://en.wikipedia.org/wiki/2026_FIFA_World_Cup_qualification_(CAF)","",""
"caf_r1_m204","caf_2026_first_round","CAF","caf_r1_group_g","","204","","caf_bot","Botswana","BOT","BW","147","caf_gui","Guinea","GUI","GN","80","1","0","FALSE","","caf_bot","Group-stage fixture listed in source score matrix; exact match date not included in this data pack.","home_win","","Wikipedia score matrix","https://en.wikipedia.org/wiki/2026_FIFA_World_Cup_qualification_(CAF)","",""
"caf_r1_m205","caf_2026_first_round","CAF","caf_r1_group_g","","205","","caf_bot","Botswana","BOT","BW","147","caf_som","Somalia","SOM","SO","199","2","0","FALSE","","caf_bot","Group-stage fixture listed in source score matrix; exact match date not included in this data pack.","home_win","","Wikipedia score matrix","https://en.wikipedia.org/wiki/2026_FIFA_World_Cup_qualification_(CAF)","",""
"caf_r1_m206","caf_2026_first_round","CAF","caf_r1_group_g","","206","","caf_som","Somalia","SOM","SO","199","caf_alg","Algeria","ALG","DZ","33","0","3","FALSE","","caf_alg","Group-stage fixture listed in source score matrix; exact match date not included in this data pack.","away_win","","Wikipedia score matrix","https://en.wikipedia.org/wiki/2026_FIFA_World_Cup_qualification_(CAF)","",""
"caf_r1_m207","caf_2026_first_round","CAF","caf_r1_group_g","","207","","caf_som","Somalia","SOM","SO","199","caf_uga","Uganda","UGA","UG","92","0","1","FALSE","","caf_uga","Group-stage fixture listed in source score matrix; exact match date not included in this data pack.","away_win","","Wikipedia score matrix","https://en.wikipedia.org/wiki/2026_FIFA_World_Cup_qualification_(CAF)","",""
"caf_r1_m208","caf_2026_first_round","CAF","caf_r1_group_g","","208","","caf_som","Somalia","SOM","SO","199","caf_moz","Mozambique","MOZ","MZ","117","0","1","FALSE","","caf_moz","Group-stage fixture listed in source score matrix; exact match date not included in this data pack.","away_win","","Wikipedia score matrix","https://en.wikipedia.org/wiki/2026_FIFA_World_Cup_qualification_(CAF)","",""
"caf_r1_m209","caf_2026_first_round","CAF","caf_r1_group_g","","209","","caf_som","Somalia","SOM","SO","199","caf_gui","Guinea","GUI","GN","80","0","3","FALSE","","caf_gui","Group-stage fixture listed in source score matrix; exact match date not included in this data pack.","away_win","","Wikipedia score matrix","https://en.wikipedia.org/wiki/2026_FIFA_World_Cup_qualification_(CAF)","",""
"caf_r1_m210","caf_2026_first_round","CAF","caf_r1_group_g","","210","","caf_som","Somalia","SOM","SO","199","caf_bot","Botswana","BOT","BW","147","1","3","FALSE","","caf_bot","Group-stage fixture listed in source score matrix; exact match date not included in this data pack.","away_win","","Wikipedia score matrix","https://en.wikipedia.org/wiki/2026_FIFA_World_Cup_qualification_(CAF)","",""
"caf_r1_m211","caf_2026_first_round","CAF","caf_r1_group_h","","211","","caf_tun","Tunisia","TUN","TN","31","caf_nam","Namibia","NAM","NA","112","3","0","FALSE","","caf_tun","Group-stage fixture listed in source score matrix; exact match date not included in this data pack.","home_win","","Wikipedia score matrix","https://en.wikipedia.org/wiki/2026_FIFA_World_Cup_qualification_(CAF)","",""
"caf_r1_m212","caf_2026_first_round","CAF","caf_r1_group_h","","212","","caf_tun","Tunisia","TUN","TN","31","caf_lbr","Liberia","LBR","LR","148","3","0","FALSE","","caf_tun","Group-stage fixture listed in source score matrix; exact match date not included in this data pack.","home_win","","Wikipedia score matrix","https://en.wikipedia.org/wiki/2026_FIFA_World_Cup_qualification_(CAF)","",""
"caf_r1_m213","caf_2026_first_round","CAF","caf_r1_group_h","","213","","caf_tun","Tunisia","TUN","TN","31","caf_mwi","Malawi","MWI","MW","126","2","0","FALSE","","caf_tun","Group-stage fixture listed in source score matrix; exact match date not included in this data pack.","home_win","","Wikipedia score matrix","https://en.wikipedia.org/wiki/2026_FIFA_World_Cup_qualification_(CAF)","",""
"caf_r1_m214","caf_2026_first_round","CAF","caf_r1_group_h","","214","","caf_tun","Tunisia","TUN","TN","31","caf_eqg","Equatorial Guinea","EQG","GQ","91","1","0","FALSE","","caf_tun","Group-stage fixture listed in source score matrix; exact match date not included in this data pack.","home_win","","Wikipedia score matrix","https://en.wikipedia.org/wiki/2026_FIFA_World_Cup_qualification_(CAF)","",""
"caf_r1_m215","caf_2026_first_round","CAF","caf_r1_group_h","","215","","caf_tun","Tunisia","TUN","TN","31","caf_stp","São Tomé and Príncipe","STP","ST","187","4","0","FALSE","","caf_tun","Group-stage fixture listed in source score matrix; exact match date not included in this data pack.","home_win","","Wikipedia score matrix","https://en.wikipedia.org/wiki/2026_FIFA_World_Cup_qualification_(CAF)","",""
"caf_r1_m216","caf_2026_first_round","CAF","caf_r1_group_h","","216","","caf_nam","Namibia","NAM","NA","112","caf_tun","Tunisia","TUN","TN","31","0","0","FALSE","","","Group-stage fixture listed in source score matrix; exact match date not included in this data pack.","draw","","Wikipedia score matrix","https://en.wikipedia.org/wiki/2026_FIFA_World_Cup_qualification_(CAF)","",""
"caf_r1_m217","caf_2026_first_round","CAF","caf_r1_group_h","","217","","caf_nam","Namibia","NAM","NA","112","caf_lbr","Liberia","LBR","LR","148","1","1","FALSE","","","Group-stage fixture listed in source score matrix; exact match date not included in this data pack.","draw","","Wikipedia score matrix","https://en.wikipedia.org/wiki/2026_FIFA_World_Cup_qualification_(CAF)","",""
"caf_r1_m218","caf_2026_first_round","CAF","caf_r1_group_h","","218","","caf_nam","Namibia","NAM","NA","112","caf_mwi","Malawi","MWI","MW","126","1","2","FALSE","","caf_mwi","Group-stage fixture listed in source score matrix; exact match date not included in this data pack.","away_win","","Wikipedia score matrix","https://en.wikipedia.org/wiki/2026_FIFA_World_Cup_qualification_(CAF)","",""
"caf_r1_m219","caf_2026_first_round","CAF","caf_r1_group_h","","219","","caf_nam","Namibia","NAM","NA","112","caf_eqg","Equatorial Guinea","EQG","GQ","91","1","1","FALSE","","","Group-stage fixture listed in source score matrix; exact match date not included in this data pack.","draw","","Wikipedia score matrix","https://en.wikipedia.org/wiki/2026_FIFA_World_Cup_qualification_(CAF)","",""
"caf_r1_m220","caf_2026_first_round","CAF","caf_r1_group_h","","220","","caf_nam","Namibia","NAM","NA","112","caf_stp","São Tomé and Príncipe","STP","ST","187","3","0","FALSE","","caf_nam","Group-stage fixture listed in source score matrix; exact match date not included in this data pack.","home_win","","Wikipedia score matrix","https://en.wikipedia.org/wiki/2026_FIFA_World_Cup_qualification_(CAF)","",""
"caf_r1_m221","caf_2026_first_round","CAF","caf_r1_group_h","","221","","caf_lbr","Liberia","LBR","LR","148","caf_tun","Tunisia","TUN","TN","31","0","1","FALSE","","caf_tun","Group-stage fixture listed in source score matrix; exact match date not included in this data pack.","away_win","","Wikipedia score matrix","https://en.wikipedia.org/wiki/2026_FIFA_World_Cup_qualification_(CAF)","",""
"caf_r1_m222","caf_2026_first_round","CAF","caf_r1_group_h","","222","","caf_lbr","Liberia","LBR","LR","148","caf_nam","Namibia","NAM","NA","112","3","1","FALSE","","caf_lbr","Group-stage fixture listed in source score matrix; exact match date not included in this data pack.","home_win","","Wikipedia score matrix","https://en.wikipedia.org/wiki/2026_FIFA_World_Cup_qualification_(CAF)","",""
"caf_r1_m223","caf_2026_first_round","CAF","caf_r1_group_h","","223","","caf_lbr","Liberia","LBR","LR","148","caf_mwi","Malawi","MWI","MW","126","0","1","FALSE","","caf_mwi","Group-stage fixture listed in source score matrix; exact match date not included in this data pack.","away_win","","Wikipedia score matrix","https://en.wikipedia.org/wiki/2026_FIFA_World_Cup_qualification_(CAF)","",""
"caf_r1_m224","caf_2026_first_round","CAF","caf_r1_group_h","","224","","caf_lbr","Liberia","LBR","LR","148","caf_eqg","Equatorial Guinea","EQG","GQ","91","3","0","FALSE","","caf_lbr","Includes forfeits/updated result related to Equatorial Guinea ineligible-player/cancellation issues; see notes/sources.","home_win","","Wikipedia score matrix","https://en.wikipedia.org/wiki/2026_FIFA_World_Cup_qualification_(CAF)","",""
"caf_r1_m225","caf_2026_first_round","CAF","caf_r1_group_h","","225","","caf_lbr","Liberia","LBR","LR","148","caf_stp","São Tomé and Príncipe","STP","ST","187","2","1","FALSE","","caf_lbr","Group-stage fixture listed in source score matrix; exact match date not included in this data pack.","home_win","","Wikipedia score matrix","https://en.wikipedia.org/wiki/2026_FIFA_World_Cup_qualification_(CAF)","",""
"caf_r1_m226","caf_2026_first_round","CAF","caf_r1_group_h","","226","","caf_mwi","Malawi","MWI","MW","126","caf_tun","Tunisia","TUN","TN","31","0","1","FALSE","","caf_tun","Group-stage fixture listed in source score matrix; exact match date not included in this data pack.","away_win","","Wikipedia score matrix","https://en.wikipedia.org/wiki/2026_FIFA_World_Cup_qualification_(CAF)","",""
"caf_r1_m227","caf_2026_first_round","CAF","caf_r1_group_h","","227","","caf_mwi","Malawi","MWI","MW","126","caf_nam","Namibia","NAM","NA","112","0","1","FALSE","","caf_nam","Group-stage fixture listed in source score matrix; exact match date not included in this data pack.","away_win","","Wikipedia score matrix","https://en.wikipedia.org/wiki/2026_FIFA_World_Cup_qualification_(CAF)","",""
"caf_r1_m228","caf_2026_first_round","CAF","caf_r1_group_h","","228","","caf_mwi","Malawi","MWI","MW","126","caf_lbr","Liberia","LBR","LR","148","2","2","FALSE","","","Group-stage fixture listed in source score matrix; exact match date not included in this data pack.","draw","","Wikipedia score matrix","https://en.wikipedia.org/wiki/2026_FIFA_World_Cup_qualification_(CAF)","",""
"caf_r1_m229","caf_2026_first_round","CAF","caf_r1_group_h","","229","","caf_mwi","Malawi","MWI","MW","126","caf_eqg","Equatorial Guinea","EQG","GQ","91","3","0","FALSE","","caf_mwi","Includes forfeits/updated result related to Equatorial Guinea ineligible-player/cancellation issues; see notes/sources.","home_win","","Wikipedia score matrix","https://en.wikipedia.org/wiki/2026_FIFA_World_Cup_qualification_(CAF)","",""
"caf_r1_m230","caf_2026_first_round","CAF","caf_r1_group_h","","230","","caf_mwi","Malawi","MWI","MW","126","caf_stp","São Tomé and Príncipe","STP","ST","187","3","1","FALSE","","caf_mwi","Group-stage fixture listed in source score matrix; exact match date not included in this data pack.","home_win","","Wikipedia score matrix","https://en.wikipedia.org/wiki/2026_FIFA_World_Cup_qualification_(CAF)","",""
"caf_r1_m231","caf_2026_first_round","CAF","caf_r1_group_h","","231","","caf_eqg","Equatorial Guinea","EQG","GQ","91","caf_tun","Tunisia","TUN","TN","31","0","1","FALSE","","caf_tun","Group-stage fixture listed in source score matrix; exact match date not included in this data pack.","away_win","","Wikipedia score matrix","https://en.wikipedia.org/wiki/2026_FIFA_World_Cup_qualification_(CAF)","",""
"caf_r1_m232","caf_2026_first_round","CAF","caf_r1_group_h","","232","","caf_eqg","Equatorial Guinea","EQG","GQ","91","caf_nam","Namibia","NAM","NA","112","0","3","FALSE","","caf_nam","Includes forfeits/updated result related to Equatorial Guinea ineligible-player/cancellation issues; see notes/sources.","away_win","","Wikipedia score matrix","https://en.wikipedia.org/wiki/2026_FIFA_World_Cup_qualification_(CAF)","",""
"caf_r1_m233","caf_2026_first_round","CAF","caf_r1_group_h","","233","","caf_eqg","Equatorial Guinea","EQG","GQ","91","caf_lbr","Liberia","LBR","LR","148","1","1","FALSE","","","Group-stage fixture listed in source score matrix; exact match date not included in this data pack.","draw","","Wikipedia score matrix","https://en.wikipedia.org/wiki/2026_FIFA_World_Cup_qualification_(CAF)","",""
"caf_r1_m234","caf_2026_first_round","CAF","caf_r1_group_h","","234","","caf_eqg","Equatorial Guinea","EQG","GQ","91","caf_mwi","Malawi","MWI","MW","126","1","0","FALSE","","caf_eqg","Group-stage fixture listed in source score matrix; exact match date not included in this data pack.","home_win","","Wikipedia score matrix","https://en.wikipedia.org/wiki/2026_FIFA_World_Cup_qualification_(CAF)","",""
"caf_r1_m235","caf_2026_first_round","CAF","caf_r1_group_h","","235","","caf_eqg","Equatorial Guinea","EQG","GQ","91","caf_stp","São Tomé and Príncipe","STP","ST","187","2","0","FALSE","","caf_eqg","Group-stage fixture listed in source score matrix; exact match date not included in this data pack.","home_win","","Wikipedia score matrix","https://en.wikipedia.org/wiki/2026_FIFA_World_Cup_qualification_(CAF)","",""
"caf_r1_m236","caf_2026_first_round","CAF","caf_r1_group_h","","236","","caf_stp","São Tomé and Príncipe","STP","ST","187","caf_tun","Tunisia","TUN","TN","31","0","6","FALSE","","caf_tun","Group-stage fixture listed in source score matrix; exact match date not included in this data pack.","away_win","","Wikipedia score matrix","https://en.wikipedia.org/wiki/2026_FIFA_World_Cup_qualification_(CAF)","",""
"caf_r1_m237","caf_2026_first_round","CAF","caf_r1_group_h","","237","","caf_stp","São Tomé and Príncipe","STP","ST","187","caf_nam","Namibia","NAM","NA","112","0","2","FALSE","","caf_nam","Group-stage fixture listed in source score matrix; exact match date not included in this data pack.","away_win","","Wikipedia score matrix","https://en.wikipedia.org/wiki/2026_FIFA_World_Cup_qualification_(CAF)","",""
"caf_r1_m238","caf_2026_first_round","CAF","caf_r1_group_h","","238","","caf_stp","São Tomé and Príncipe","STP","ST","187","caf_lbr","Liberia","LBR","LR","148","0","1","FALSE","","caf_lbr","Group-stage fixture listed in source score matrix; exact match date not included in this data pack.","away_win","","Wikipedia score matrix","https://en.wikipedia.org/wiki/2026_FIFA_World_Cup_qualification_(CAF)","",""
"caf_r1_m239","caf_2026_first_round","CAF","caf_r1_group_h","","239","","caf_stp","São Tomé and Príncipe","STP","ST","187","caf_mwi","Malawi","MWI","MW","126","1","0","FALSE","","caf_stp","Group-stage fixture listed in source score matrix; exact match date not included in this data pack.","home_win","","Wikipedia score matrix","https://en.wikipedia.org/wiki/2026_FIFA_World_Cup_qualification_(CAF)","",""
"caf_r1_m240","caf_2026_first_round","CAF","caf_r1_group_h","","240","","caf_stp","São Tomé and Príncipe","STP","ST","187","caf_eqg","Equatorial Guinea","EQG","GQ","91","2","3","FALSE","","caf_eqg","Group-stage fixture listed in source score matrix; exact match date not included in this data pack.","away_win","","Wikipedia score matrix","https://en.wikipedia.org/wiki/2026_FIFA_World_Cup_qualification_(CAF)","",""
"caf_r1_m241","caf_2026_first_round","CAF","caf_r1_group_i","","241","","caf_gha","Ghana","GHA","GH","59","caf_mad","Madagascar","MAD","MG","107","1","0","FALSE","","caf_gha","Group-stage fixture listed in source score matrix; exact match date not included in this data pack.","home_win","","Wikipedia score matrix","https://en.wikipedia.org/wiki/2026_FIFA_World_Cup_qualification_(CAF)","",""
"caf_r1_m242","caf_2026_first_round","CAF","caf_r1_group_i","","242","","caf_gha","Ghana","GHA","GH","59","caf_mli","Mali","MLI","ML","50","1","0","FALSE","","caf_gha","Group-stage fixture listed in source score matrix; exact match date not included in this data pack.","home_win","","Wikipedia score matrix","https://en.wikipedia.org/wiki/2026_FIFA_World_Cup_qualification_(CAF)","",""
"caf_r1_m243","caf_2026_first_round","CAF","caf_r1_group_i","","243","","caf_gha","Ghana","GHA","GH","59","caf_com","Comoros","COM","KM","130","1","0","FALSE","","caf_gha","Group-stage fixture listed in source score matrix; exact match date not included in this data pack.","home_win","","Wikipedia score matrix","https://en.wikipedia.org/wiki/2026_FIFA_World_Cup_qualification_(CAF)","",""
"caf_r1_m244","caf_2026_first_round","CAF","caf_r1_group_i","","244","","caf_gha","Ghana","GHA","GH","59","caf_cta","Central African Republic","CTA","CF","125","4","3","FALSE","","caf_gha","Group-stage fixture listed in source score matrix; exact match date not included in this data pack.","home_win","","Wikipedia score matrix","https://en.wikipedia.org/wiki/2026_FIFA_World_Cup_qualification_(CAF)","",""
"caf_r1_m245","caf_2026_first_round","CAF","caf_r1_group_i","","245","","caf_gha","Ghana","GHA","GH","59","caf_cha","Chad","CHA","TD","181","5","0","FALSE","","caf_gha","Group-stage fixture listed in source score matrix; exact match date not included in this data pack.","home_win","","Wikipedia score matrix","https://en.wikipedia.org/wiki/2026_FIFA_World_Cup_qualification_(CAF)","",""
"caf_r1_m246","caf_2026_first_round","CAF","caf_r1_group_i","","246","","caf_mad","Madagascar","MAD","MG","107","caf_gha","Ghana","GHA","GH","59","0","3","FALSE","","caf_gha","Group-stage fixture listed in source score matrix; exact match date not included in this data pack.","away_win","","Wikipedia score matrix","https://en.wikipedia.org/wiki/2026_FIFA_World_Cup_qualification_(CAF)","",""
"caf_r1_m247","caf_2026_first_round","CAF","caf_r1_group_i","","247","","caf_mad","Madagascar","MAD","MG","107","caf_mli","Mali","MLI","ML","50","0","0","FALSE","","","Group-stage fixture listed in source score matrix; exact match date not included in this data pack.","draw","","Wikipedia score matrix","https://en.wikipedia.org/wiki/2026_FIFA_World_Cup_qualification_(CAF)","",""
"caf_r1_m248","caf_2026_first_round","CAF","caf_r1_group_i","","248","","caf_mad","Madagascar","MAD","MG","107","caf_com","Comoros","COM","KM","130","2","1","FALSE","","caf_mad","Group-stage fixture listed in source score matrix; exact match date not included in this data pack.","home_win","","Wikipedia score matrix","https://en.wikipedia.org/wiki/2026_FIFA_World_Cup_qualification_(CAF)","",""
"caf_r1_m249","caf_2026_first_round","CAF","caf_r1_group_i","","249","","caf_mad","Madagascar","MAD","MG","107","caf_cta","Central African Republic","CTA","CF","125","2","0","FALSE","","caf_mad","Group-stage fixture listed in source score matrix; exact match date not included in this data pack.","home_win","","Wikipedia score matrix","https://en.wikipedia.org/wiki/2026_FIFA_World_Cup_qualification_(CAF)","",""
"caf_r1_m250","caf_2026_first_round","CAF","caf_r1_group_i","","250","","caf_mad","Madagascar","MAD","MG","107","caf_cha","Chad","CHA","TD","181","3","1","FALSE","","caf_mad","Group-stage fixture listed in source score matrix; exact match date not included in this data pack.","home_win","","Wikipedia score matrix","https://en.wikipedia.org/wiki/2026_FIFA_World_Cup_qualification_(CAF)","",""
"caf_r1_m251","caf_2026_first_round","CAF","caf_r1_group_i","","251","","caf_mli","Mali","MLI","ML","50","caf_gha","Ghana","GHA","GH","59","1","2","FALSE","","caf_gha","Group-stage fixture listed in source score matrix; exact match date not included in this data pack.","away_win","","Wikipedia score matrix","https://en.wikipedia.org/wiki/2026_FIFA_World_Cup_qualification_(CAF)","",""
"caf_r1_m252","caf_2026_first_round","CAF","caf_r1_group_i","","252","","caf_mli","Mali","MLI","ML","50","caf_mad","Madagascar","MAD","MG","107","4","1","FALSE","","caf_mli","Group-stage fixture listed in source score matrix; exact match date not included in this data pack.","home_win","","Wikipedia score matrix","https://en.wikipedia.org/wiki/2026_FIFA_World_Cup_qualification_(CAF)","",""
"caf_r1_m253","caf_2026_first_round","CAF","caf_r1_group_i","","253","","caf_mli","Mali","MLI","ML","50","caf_com","Comoros","COM","KM","130","3","0","FALSE","","caf_mli","Group-stage fixture listed in source score matrix; exact match date not included in this data pack.","home_win","","Wikipedia score matrix","https://en.wikipedia.org/wiki/2026_FIFA_World_Cup_qualification_(CAF)","",""
"caf_r1_m254","caf_2026_first_round","CAF","caf_r1_group_i","","254","","caf_mli","Mali","MLI","ML","50","caf_cta","Central African Republic","CTA","CF","125","1","1","FALSE","","","Group-stage fixture listed in source score matrix; exact match date not included in this data pack.","draw","","Wikipedia score matrix","https://en.wikipedia.org/wiki/2026_FIFA_World_Cup_qualification_(CAF)","",""
"caf_r1_m255","caf_2026_first_round","CAF","caf_r1_group_i","","255","","caf_mli","Mali","MLI","ML","50","caf_cha","Chad","CHA","TD","181","3","1","FALSE","","caf_mli","Group-stage fixture listed in source score matrix; exact match date not included in this data pack.","home_win","","Wikipedia score matrix","https://en.wikipedia.org/wiki/2026_FIFA_World_Cup_qualification_(CAF)","",""
"caf_r1_m256","caf_2026_first_round","CAF","caf_r1_group_i","","256","","caf_com","Comoros","COM","KM","130","caf_gha","Ghana","GHA","GH","59","1","0","FALSE","","caf_com","Group-stage fixture listed in source score matrix; exact match date not included in this data pack.","home_win","","Wikipedia score matrix","https://en.wikipedia.org/wiki/2026_FIFA_World_Cup_qualification_(CAF)","",""
"caf_r1_m257","caf_2026_first_round","CAF","caf_r1_group_i","","257","","caf_com","Comoros","COM","KM","130","caf_mad","Madagascar","MAD","MG","107","1","2","FALSE","","caf_mad","Group-stage fixture listed in source score matrix; exact match date not included in this data pack.","away_win","","Wikipedia score matrix","https://en.wikipedia.org/wiki/2026_FIFA_World_Cup_qualification_(CAF)","",""
"caf_r1_m258","caf_2026_first_round","CAF","caf_r1_group_i","","258","","caf_com","Comoros","COM","KM","130","caf_mli","Mali","MLI","ML","50","0","3","FALSE","","caf_mli","Group-stage fixture listed in source score matrix; exact match date not included in this data pack.","away_win","","Wikipedia score matrix","https://en.wikipedia.org/wiki/2026_FIFA_World_Cup_qualification_(CAF)","",""
"caf_r1_m259","caf_2026_first_round","CAF","caf_r1_group_i","","259","","caf_com","Comoros","COM","KM","130","caf_cta","Central African Republic","CTA","CF","125","4","2","FALSE","","caf_com","Group-stage fixture listed in source score matrix; exact match date not included in this data pack.","home_win","","Wikipedia score matrix","https://en.wikipedia.org/wiki/2026_FIFA_World_Cup_qualification_(CAF)","",""
"caf_r1_m260","caf_2026_first_round","CAF","caf_r1_group_i","","260","","caf_com","Comoros","COM","KM","130","caf_cha","Chad","CHA","TD","181","1","0","FALSE","","caf_com","Group-stage fixture listed in source score matrix; exact match date not included in this data pack.","home_win","","Wikipedia score matrix","https://en.wikipedia.org/wiki/2026_FIFA_World_Cup_qualification_(CAF)","",""
"caf_r1_m261","caf_2026_first_round","CAF","caf_r1_group_i","","261","","caf_cta","Central African Republic","CTA","CF","125","caf_gha","Ghana","GHA","GH","59","0","5","FALSE","","caf_gha","Group-stage fixture listed in source score matrix; exact match date not included in this data pack.","away_win","","Wikipedia score matrix","https://en.wikipedia.org/wiki/2026_FIFA_World_Cup_qualification_(CAF)","",""
"caf_r1_m262","caf_2026_first_round","CAF","caf_r1_group_i","","262","","caf_cta","Central African Republic","CTA","CF","125","caf_mad","Madagascar","MAD","MG","107","1","4","FALSE","","caf_mad","Group-stage fixture listed in source score matrix; exact match date not included in this data pack.","away_win","","Wikipedia score matrix","https://en.wikipedia.org/wiki/2026_FIFA_World_Cup_qualification_(CAF)","",""
"caf_r1_m263","caf_2026_first_round","CAF","caf_r1_group_i","","263","","caf_cta","Central African Republic","CTA","CF","125","caf_mli","Mali","MLI","ML","50","0","0","FALSE","","","Group-stage fixture listed in source score matrix; exact match date not included in this data pack.","draw","","Wikipedia score matrix","https://en.wikipedia.org/wiki/2026_FIFA_World_Cup_qualification_(CAF)","",""
"caf_r1_m264","caf_2026_first_round","CAF","caf_r1_group_i","","264","","caf_cta","Central African Republic","CTA","CF","125","caf_com","Comoros","COM","KM","130","0","2","FALSE","","caf_com","Group-stage fixture listed in source score matrix; exact match date not included in this data pack.","away_win","","Wikipedia score matrix","https://en.wikipedia.org/wiki/2026_FIFA_World_Cup_qualification_(CAF)","",""
"caf_r1_m265","caf_2026_first_round","CAF","caf_r1_group_i","","265","","caf_cta","Central African Republic","CTA","CF","125","caf_cha","Chad","CHA","TD","181","1","0","FALSE","","caf_cta","Group-stage fixture listed in source score matrix; exact match date not included in this data pack.","home_win","","Wikipedia score matrix","https://en.wikipedia.org/wiki/2026_FIFA_World_Cup_qualification_(CAF)","",""
"caf_r1_m266","caf_2026_first_round","CAF","caf_r1_group_i","","266","","caf_cha","Chad","CHA","TD","181","caf_gha","Ghana","GHA","GH","59","1","1","FALSE","","","Group-stage fixture listed in source score matrix; exact match date not included in this data pack.","draw","","Wikipedia score matrix","https://en.wikipedia.org/wiki/2026_FIFA_World_Cup_qualification_(CAF)","",""
"caf_r1_m267","caf_2026_first_round","CAF","caf_r1_group_i","","267","","caf_cha","Chad","CHA","TD","181","caf_mad","Madagascar","MAD","MG","107","0","3","FALSE","","caf_mad","Group-stage fixture listed in source score matrix; exact match date not included in this data pack.","away_win","","Wikipedia score matrix","https://en.wikipedia.org/wiki/2026_FIFA_World_Cup_qualification_(CAF)","",""
"caf_r1_m268","caf_2026_first_round","CAF","caf_r1_group_i","","268","","caf_cha","Chad","CHA","TD","181","caf_mli","Mali","MLI","ML","50","0","2","FALSE","","caf_mli","Group-stage fixture listed in source score matrix; exact match date not included in this data pack.","away_win","","Wikipedia score matrix","https://en.wikipedia.org/wiki/2026_FIFA_World_Cup_qualification_(CAF)","",""
"caf_r1_m269","caf_2026_first_round","CAF","caf_r1_group_i","","269","","caf_cha","Chad","CHA","TD","181","caf_com","Comoros","COM","KM","130","0","2","FALSE","","caf_com","Group-stage fixture listed in source score matrix; exact match date not included in this data pack.","away_win","","Wikipedia score matrix","https://en.wikipedia.org/wiki/2026_FIFA_World_Cup_qualification_(CAF)","",""
"caf_r1_m270","caf_2026_first_round","CAF","caf_r1_group_i","","270","","caf_cha","Chad","CHA","TD","181","caf_cta","Central African Republic","CTA","CF","125","2","3","FALSE","","caf_cta","Group-stage fixture listed in source score matrix; exact match date not included in this data pack.","away_win","","Wikipedia score matrix","https://en.wikipedia.org/wiki/2026_FIFA_World_Cup_qualification_(CAF)","",""
"caf_po_sf1","caf_2026_second_round","CAF","","caf_second_round_bracket","271","2025-11-13","caf_nga","Nigeria","NGA","NG","39","caf_gab","Gabon","GAB","GA","85","4","1","TRUE","","caf_nga","Nigeria beat Gabon 4-1 after extra time in CAF playoff semi-final.","home_win","","FIFA / Wikipedia","https://en.wikipedia.org/wiki/2026_FIFA_World_Cup_qualification_(CAF)","",""
"caf_po_sf2","caf_2026_second_round","CAF","","caf_second_round_bracket","272","2025-11-13","caf_cmr","Cameroon","CMR","CM","43","caf_cod","DR Congo","COD","CD","69","0","1","FALSE","","caf_cod","DR Congo beat Cameroon 1-0 in CAF playoff semi-final.","away_win","","FIFA / Wikipedia","https://en.wikipedia.org/wiki/2026_FIFA_World_Cup_qualification_(CAF)","",""
"caf_po_final","caf_2026_second_round","CAF","","caf_second_round_bracket","273","2025-11-16","caf_nga","Nigeria","NGA","NG","39","caf_cod","DR Congo","COD","CD","69","1","1","TRUE","3-4","caf_cod","DR Congo beat Nigeria 4-3 on penalties after a 1-1 draw after extra time in CAF playoff final.","away_win","","FIFA / Wikipedia","https://en.wikipedia.org/wiki/2026_FIFA_World_Cup_qualification_(CAF)","",""
"caf_icp_sf","caf_2026_interconfed_playoff","CAF","","interconfed_pathway_1","274","2026-03-26","ext_ncl","New Caledonia","NCL","NC","","ext_jam","Jamaica","JAM","JM","","0","1","FALSE","","ext_jam","Non-CAF match included for pathway context: Jamaica beat New Caledonia 1-0.","away_win","","FIFA / Wikipedia","https://en.wikipedia.org/wiki/2026_FIFA_World_Cup_qualification_(CAF)","",""
"caf_icp_final","caf_2026_interconfed_playoff","CAF","","interconfed_pathway_1","275","2026-03-31","caf_cod","DR Congo","COD","CD","69","ext_jam","Jamaica","JAM","JM","","1","0","TRUE","","caf_cod","DR Congo beat Jamaica 1-0 after extra time to qualify for the World Cup.","home_win","","FIFA / Wikipedia","https://en.wikipedia.org/wiki/2026_FIFA_World_Cup_qualification_(CAF)","",""
"CONCACAF_R1__001","CONCACAF_R1","CONCACAF","","","1","2024-03-22","AIA","Anguilla","AIA","AI","209","TCA","Turks and Caicos Islands","TCA","TC","206","0","0","","","","First leg","","","FIFA / Wikipedia / Reuters","https://en.wikipedia.org/wiki/2026_FIFA_World_Cup_qualification_%E2%80%93_CONCACAF_first_round","",""
"CONCACAF_R1__002","CONCACAF_R1","CONCACAF","","","2","2024-03-26","TCA","Turks and Caicos Islands","TCA","TC","206","AIA","Anguilla","AIA","AI","209","1","1","","","","Second leg; Anguilla advanced 4-3 on penalties after extra time","","","FIFA / Wikipedia / Reuters","https://en.wikipedia.org/wiki/2026_FIFA_World_Cup_qualification_%E2%80%93_CONCACAF_first_round","",""
"CONCACAF_R1__003","CONCACAF_R1","CONCACAF","","","3","2024-03-22","VIR","U.S. Virgin Islands","VIR","VI","208","VGB","British Virgin Islands","VGB","VG","207","1","1","","","","First leg","","","FIFA / Wikipedia / Reuters","https://en.wikipedia.org/wiki/2026_FIFA_World_Cup_qualification_%E2%80%93_CONCACAF_first_round","",""
"CONCACAF_R1__004","CONCACAF_R1","CONCACAF","","","4","2024-03-26","VGB","British Virgin Islands","VGB","VG","207","VIR","U.S. Virgin Islands","VIR","VI","208","0","0","","","","Second leg; British Virgin Islands advanced 4-2 on penalties after extra time","","","FIFA / Wikipedia / Reuters","https://en.wikipedia.org/wiki/2026_FIFA_World_Cup_qualification_%E2%80%93_CONCACAF_first_round","",""
"CONCACAF_R2_A_005","CONCACAF_R2","CONCACAF","CONCACAF_R2_GA","","5","","BER","Bermuda","BER","BM","171","HON","Honduras","HON","HN","76","1","6","","","HON","Second-round group match from standings matrix; exact match date available in source page.","","","FIFA / Wikipedia / Reuters","https://en.wikipedia.org/wiki/2026_FIFA_World_Cup_qualification_%E2%80%93_CONCACAF_second_round","",""
"CONCACAF_R2_A_006","CONCACAF_R2","CONCACAF","CONCACAF_R2_GA","","6","","HON","Honduras","HON","HN","76","CUB","Cuba","CUB","CU","169","3","1","","","HON","Second-round group match from standings matrix; exact match date available in source page.","","","FIFA / Wikipedia / Reuters","https://en.wikipedia.org/wiki/2026_FIFA_World_Cup_qualification_%E2%80%93_CONCACAF_second_round","",""
"CONCACAF_R2_A_007","CONCACAF_R2","CONCACAF","CONCACAF_R2_GA","","7","","CAY","Cayman Islands","CAY","KY","197","ATG","Antigua and Barbuda","ATG","AG","142","1","0","","","CAY","Second-round group match from standings matrix; exact match date available in source page.","","","FIFA / Wikipedia / Reuters","https://en.wikipedia.org/wiki/2026_FIFA_World_Cup_qualification_%E2%80%93_CONCACAF_second_round","",""
"CONCACAF_R2_A_008","CONCACAF_R2","CONCACAF","CONCACAF_R2_GA","","8","","CUB","Cuba","CUB","CU","169","BER","Bermuda","BER","BM","171","1","2","","","BER","Second-round group match from standings matrix; exact match date available in source page.","","","FIFA / Wikipedia / Reuters","https://en.wikipedia.org/wiki/2026_FIFA_World_Cup_qualification_%E2%80%93_CONCACAF_second_round","",""
"CONCACAF_R2_A_009","CONCACAF_R2","CONCACAF","CONCACAF_R2_GA","","9","","CUB","Cuba","CUB","CU","169","CAY","Cayman Islands","CAY","KY","197","3","0","","","CUB","Second-round group match from standings matrix; exact match date available in source page. Cuba awarded 3-0 forfeit win.","","","FIFA / Wikipedia / Reuters","https://en.wikipedia.org/wiki/2026_FIFA_World_Cup_qualification_%E2%80%93_CONCACAF_second_round","",""
"CONCACAF_R2_A_010","CONCACAF_R2","CONCACAF","CONCACAF_R2_GA","","10","","CAY","Cayman Islands","CAY","KY","197","HON","Honduras","HON","HN","76","0","1","","","HON","Second-round group match from standings matrix; exact match date available in source page.","","","FIFA / Wikipedia / Reuters","https://en.wikipedia.org/wiki/2026_FIFA_World_Cup_qualification_%E2%80%93_CONCACAF_second_round","",""
"CONCACAF_R2_A_011","CONCACAF_R2","CONCACAF","CONCACAF_R2_GA","","11","","ATG","Antigua and Barbuda","ATG","AG","142","CUB","Cuba","CUB","CU","169","0","1","","","CUB","Second-round group match from standings matrix; exact match date available in source page.","","","FIFA / Wikipedia / Reuters","https://en.wikipedia.org/wiki/2026_FIFA_World_Cup_qualification_%E2%80%93_CONCACAF_second_round","",""
"CONCACAF_R2_A_012","CONCACAF_R2","CONCACAF","CONCACAF_R2_GA","","12","","HON","Honduras","HON","HN","76","ATG","Antigua and Barbuda","ATG","AG","142","2","0","","","HON","Second-round group match from standings matrix; exact match date available in source page.","","","FIFA / Wikipedia / Reuters","https://en.wikipedia.org/wiki/2026_FIFA_World_Cup_qualification_%E2%80%93_CONCACAF_second_round","",""
"CONCACAF_R2_A_013","CONCACAF_R2","CONCACAF","CONCACAF_R2_GA","","13","","BER","Bermuda","BER","BM","171","CAY","Cayman Islands","CAY","KY","197","5","0","","","BER","Second-round group match from standings matrix; exact match date available in source page.","","","FIFA / Wikipedia / Reuters","https://en.wikipedia.org/wiki/2026_FIFA_World_Cup_qualification_%E2%80%93_CONCACAF_second_round","",""
"CONCACAF_R2_A_014","CONCACAF_R2","CONCACAF","CONCACAF_R2_GA","","14","","ATG","Antigua and Barbuda","ATG","AG","142","BER","Bermuda","BER","BM","171","1","1","","","","Second-round group match from standings matrix; exact match date available in source page.","","","FIFA / Wikipedia / Reuters","https://en.wikipedia.org/wiki/2026_FIFA_World_Cup_qualification_%E2%80%93_CONCACAF_second_round","",""
"CONCACAF_R2_B_015","CONCACAF_R2","CONCACAF","CONCACAF_R2_GB","","15","","TRI","Trinidad and Tobago","TRI","TT","96","GRN","Grenada","GRN","GD","174","2","2","","","","Second-round group match from standings matrix; exact match date available in source page.","","","FIFA / Wikipedia / Reuters","https://en.wikipedia.org/wiki/2026_FIFA_World_Cup_qualification_%E2%80%93_CONCACAF_second_round","",""
"CONCACAF_R2_B_016","CONCACAF_R2","CONCACAF","CONCACAF_R2_GB","","16","","CRC","Costa Rica","CRC","CR","52","SKN","Saint Kitts and Nevis","SKN","KN","147","4","0","","","CRC","Second-round group match from standings matrix; exact match date available in source page.","","","FIFA / Wikipedia / Reuters","https://en.wikipedia.org/wiki/2026_FIFA_World_Cup_qualification_%E2%80%93_CONCACAF_second_round","",""
"CONCACAF_R2_B_017","CONCACAF_R2","CONCACAF","CONCACAF_R2_GB","","17","","BAH","Bahamas","BAH","BS","202","TRI","Trinidad and Tobago","TRI","TT","96","1","7","","","TRI","Second-round group match from standings matrix; exact match date available in source page.","","","FIFA / Wikipedia / Reuters","https://en.wikipedia.org/wiki/2026_FIFA_World_Cup_qualification_%E2%80%93_CONCACAF_second_round","",""
"CONCACAF_R2_B_018","CONCACAF_R2","CONCACAF","CONCACAF_R2_GB","","18","","SKN","Saint Kitts and Nevis","SKN","KN","147","CRC","Costa Rica","CRC","CR","52","0","4","","","CRC","Second-round group match from standings matrix; exact match date available in source page.","","","FIFA / Wikipedia / Reuters","https://en.wikipedia.org/wiki/2026_FIFA_World_Cup_qualification_%E2%80%93_CONCACAF_second_round","",""
"CONCACAF_R2_B_019","CONCACAF_R2","CONCACAF","CONCACAF_R2_GB","","19","","GRN","Grenada","GRN","GD","174","BAH","Bahamas","BAH","BS","202","6","0","","","GRN","Second-round group match from standings matrix; exact match date available in source page.","","","FIFA / Wikipedia / Reuters","https://en.wikipedia.org/wiki/2026_FIFA_World_Cup_qualification_%E2%80%93_CONCACAF_second_round","",""
"CONCACAF_R2_B_020","CONCACAF_R2","CONCACAF","CONCACAF_R2_GB","","20","","TRI","Trinidad and Tobago","TRI","TT","96","SKN","Saint Kitts and Nevis","SKN","KN","147","6","2","","","TRI","Second-round group match from standings matrix; exact match date available in source page.","","","FIFA / Wikipedia / Reuters","https://en.wikipedia.org/wiki/2026_FIFA_World_Cup_qualification_%E2%80%93_CONCACAF_second_round","",""
"CONCACAF_R2_B_021","CONCACAF_R2","CONCACAF","CONCACAF_R2_GB","","21","","BAH","Bahamas","BAH","BS","202","CRC","Costa Rica","CRC","CR","52","0","8","","","CRC","Second-round group match from standings matrix; exact match date available in source page.","","","FIFA / Wikipedia / Reuters","https://en.wikipedia.org/wiki/2026_FIFA_World_Cup_qualification_%E2%80%93_CONCACAF_second_round","",""
"CONCACAF_R2_B_022","CONCACAF_R2","CONCACAF","CONCACAF_R2_GB","","22","","SKN","Saint Kitts and Nevis","SKN","KN","147","GRN","Grenada","GRN","GD","174","2","3","","","GRN","Second-round group match from standings matrix; exact match date available in source page.","","","FIFA / Wikipedia / Reuters","https://en.wikipedia.org/wiki/2026_FIFA_World_Cup_qualification_%E2%80%93_CONCACAF_second_round","",""
"CONCACAF_R2_B_023","CONCACAF_R2","CONCACAF","CONCACAF_R2_GB","","23","","GRN","Grenada","GRN","GD","174","CRC","Costa Rica","CRC","CR","52","0","3","","","CRC","Second-round group match from standings matrix; exact match date available in source page.","","","FIFA / Wikipedia / Reuters","https://en.wikipedia.org/wiki/2026_FIFA_World_Cup_qualification_%E2%80%93_CONCACAF_second_round","",""
"CONCACAF_R2_B_024","CONCACAF_R2","CONCACAF","CONCACAF_R2_GB","","24","","CRC","Costa Rica","CRC","CR","52","TRI","Trinidad and Tobago","TRI","TT","96","2","1","","","CRC","Second-round group match from standings matrix; exact match date available in source page.","","","FIFA / Wikipedia / Reuters","https://en.wikipedia.org/wiki/2026_FIFA_World_Cup_qualification_%E2%80%93_CONCACAF_second_round","",""
"CONCACAF_R2_C_025","CONCACAF_R2","CONCACAF","CONCACAF_R2_GC","","25","","CUW","Curaçao","CUW","CW","90","BRB","Barbados","BRB","BB","178","4","1","","","CUW","Second-round group match from standings matrix; exact match date available in source page.","","","FIFA / Wikipedia / Reuters","https://en.wikipedia.org/wiki/2026_FIFA_World_Cup_qualification_%E2%80%93_CONCACAF_second_round","",""
"CONCACAF_R2_C_026","CONCACAF_R2","CONCACAF","CONCACAF_R2_GC","","26","","ARU","Aruba","ARU","AW","193","CUW","Curaçao","CUW","CW","90","0","2","","","CUW","Second-round group match from standings matrix; exact match date available in source page.","","","FIFA / Wikipedia / Reuters","https://en.wikipedia.org/wiki/2026_FIFA_World_Cup_qualification_%E2%80%93_CONCACAF_second_round","",""
"CONCACAF_R2_C_027","CONCACAF_R2","CONCACAF","CONCACAF_R2_GC","","27","","HAI","Haiti","HAI","HT","89","LCA","Saint Lucia","LCA","LC","167","2","1","","","HAI","Second-round group match from standings matrix; exact match date available in source page.","","","FIFA / Wikipedia / Reuters","https://en.wikipedia.org/wiki/2026_FIFA_World_Cup_qualification_%E2%80%93_CONCACAF_second_round","",""
"CONCACAF_R2_C_028","CONCACAF_R2","CONCACAF","CONCACAF_R2_GC","","28","","BRB","Barbados","BRB","BB","178","HAI","Haiti","HAI","HT","89","1","3","","","HAI","Second-round group match from standings matrix; exact match date available in source page.","","","FIFA / Wikipedia / Reuters","https://en.wikipedia.org/wiki/2026_FIFA_World_Cup_qualification_%E2%80%93_CONCACAF_second_round","",""
"CONCACAF_R2_C_029","CONCACAF_R2","CONCACAF","CONCACAF_R2_GC","","29","","LCA","Saint Lucia","LCA","LC","167","ARU","Aruba","ARU","AW","193","2","2","","","","Second-round group match from standings matrix; exact match date available in source page.","","","FIFA / Wikipedia / Reuters","https://en.wikipedia.org/wiki/2026_FIFA_World_Cup_qualification_%E2%80%93_CONCACAF_second_round","",""
"CONCACAF_R2_C_030","CONCACAF_R2","CONCACAF","CONCACAF_R2_GC","","30","","ARU","Aruba","ARU","AW","193","HAI","Haiti","HAI","HT","89","0","5","","","HAI","Second-round group match from standings matrix; exact match date available in source page.","","","FIFA / Wikipedia / Reuters","https://en.wikipedia.org/wiki/2026_FIFA_World_Cup_qualification_%E2%80%93_CONCACAF_second_round","",""
"CONCACAF_R2_C_031","CONCACAF_R2","CONCACAF","CONCACAF_R2_GC","","31","","BRB","Barbados","BRB","BB","178","ARU","Aruba","ARU","AW","193","1","1","","","","Second-round group match from standings matrix; exact match date available in source page.","","","FIFA / Wikipedia / Reuters","https://en.wikipedia.org/wiki/2026_FIFA_World_Cup_qualification_%E2%80%93_CONCACAF_second_round","",""
"CONCACAF_R2_C_032","CONCACAF_R2","CONCACAF","CONCACAF_R2_GC","","32","","CUW","Curaçao","CUW","CW","90","LCA","Saint Lucia","LCA","LC","167","4","0","","","CUW","Second-round group match from standings matrix; exact match date available in source page.","","","FIFA / Wikipedia / Reuters","https://en.wikipedia.org/wiki/2026_FIFA_World_Cup_qualification_%E2%80%93_CONCACAF_second_round","",""
"CONCACAF_R2_C_033","CONCACAF_R2","CONCACAF","CONCACAF_R2_GC","","33","","LCA","Saint Lucia","LCA","LC","167","BRB","Barbados","BRB","BB","178","2","1","","","LCA","Second-round group match from standings matrix; exact match date available in source page.","","","FIFA / Wikipedia / Reuters","https://en.wikipedia.org/wiki/2026_FIFA_World_Cup_qualification_%E2%80%93_CONCACAF_second_round","",""
"CONCACAF_R2_C_034","CONCACAF_R2","CONCACAF","CONCACAF_R2_GC","","34","","HAI","Haiti","HAI","HT","89","CUW","Curaçao","CUW","CW","90","1","5","","","CUW","Second-round group match from standings matrix; exact match date available in source page.","","","FIFA / Wikipedia / Reuters","https://en.wikipedia.org/wiki/2026_FIFA_World_Cup_qualification_%E2%80%93_CONCACAF_second_round","",""
"CONCACAF_R2_D_035","CONCACAF_R2","CONCACAF","CONCACAF_R2_GD","","35","","NCA","Nicaragua","NCA","NI","134","MSR","Montserrat","MSR","MS","176","4","1","","","NCA","Second-round group match from standings matrix; exact match date available in source page.","","","FIFA / Wikipedia / Reuters","https://en.wikipedia.org/wiki/2026_FIFA_World_Cup_qualification_%E2%80%93_CONCACAF_second_round","",""
"CONCACAF_R2_D_036","CONCACAF_R2","CONCACAF","CONCACAF_R2_GD","","36","","PAN","Panama","PAN","PA","41","GUY","Guyana","GUY","GY","157","2","0","","","PAN","Second-round group match from standings matrix; exact match date available in source page.","","","FIFA / Wikipedia / Reuters","https://en.wikipedia.org/wiki/2026_FIFA_World_Cup_qualification_%E2%80%93_CONCACAF_second_round","",""
"CONCACAF_R2_D_037","CONCACAF_R2","CONCACAF","CONCACAF_R2_GD","","37","","BLZ","Belize","BLZ","BZ","182","PAN","Panama","PAN","PA","41","0","2","","","PAN","Second-round group match from standings matrix; exact match date available in source page.","","","FIFA / Wikipedia / Reuters","https://en.wikipedia.org/wiki/2026_FIFA_World_Cup_qualification_%E2%80%93_CONCACAF_second_round","",""
"CONCACAF_R2_D_038","CONCACAF_R2","CONCACAF","CONCACAF_R2_GD","","38","","MSR","Montserrat","MSR","MS","176","PAN","Panama","PAN","PA","41","1","3","","","PAN","Second-round group match from standings matrix; exact match date available in source page.","","","FIFA / Wikipedia / Reuters","https://en.wikipedia.org/wiki/2026_FIFA_World_Cup_qualification_%E2%80%93_CONCACAF_second_round","",""
"CONCACAF_R2_D_039","CONCACAF_R2","CONCACAF","CONCACAF_R2_GD","","39","","GUY","Guyana","GUY","GY","157","BLZ","Belize","BLZ","BZ","182","3","1","","","GUY","Second-round group match from standings matrix; exact match date available in source page.","","","FIFA / Wikipedia / Reuters","https://en.wikipedia.org/wiki/2026_FIFA_World_Cup_qualification_%E2%80%93_CONCACAF_second_round","",""
"CONCACAF_R2_D_040","CONCACAF_R2","CONCACAF","CONCACAF_R2_GD","","40","","GUY","Guyana","GUY","GY","157","MSR","Montserrat","MSR","MS","176","3","0","","","GUY","Second-round group match from standings matrix; exact match date available in source page.","","","FIFA / Wikipedia / Reuters","https://en.wikipedia.org/wiki/2026_FIFA_World_Cup_qualification_%E2%80%93_CONCACAF_second_round","",""
"CONCACAF_R2_D_041","CONCACAF_R2","CONCACAF","CONCACAF_R2_GD","","41","","BLZ","Belize","BLZ","BZ","182","NCA","Nicaragua","NCA","NI","134","0","4","","","NCA","Second-round group match from standings matrix; exact match date available in source page.","","","FIFA / Wikipedia / Reuters","https://en.wikipedia.org/wiki/2026_FIFA_World_Cup_qualification_%E2%80%93_CONCACAF_second_round","",""
"CONCACAF_R2_D_042","CONCACAF_R2","CONCACAF","CONCACAF_R2_GD","","42","","NCA","Nicaragua","NCA","NI","134","GUY","Guyana","GUY","GY","157","1","0","","","NCA","Second-round group match from standings matrix; exact match date available in source page.","","","FIFA / Wikipedia / Reuters","https://en.wikipedia.org/wiki/2026_FIFA_World_Cup_qualification_%E2%80%93_CONCACAF_second_round","",""
"CONCACAF_R2_D_043","CONCACAF_R2","CONCACAF","CONCACAF_R2_GD","","43","","MSR","Montserrat","MSR","MS","176","BLZ","Belize","BLZ","BZ","182","1","0","","","MSR","Second-round group match from standings matrix; exact match date available in source page.","","","FIFA / Wikipedia / Reuters","https://en.wikipedia.org/wiki/2026_FIFA_World_Cup_qualification_%E2%80%93_CONCACAF_second_round","",""
"CONCACAF_R2_D_044","CONCACAF_R2","CONCACAF","CONCACAF_R2_GD","","44","","PAN","Panama","PAN","PA","41","NCA","Nicaragua","NCA","NI","134","3","0","","","PAN","Second-round group match from standings matrix; exact match date available in source page.","","","FIFA / Wikipedia / Reuters","https://en.wikipedia.org/wiki/2026_FIFA_World_Cup_qualification_%E2%80%93_CONCACAF_second_round","",""
"CONCACAF_R2_E_045","CONCACAF_R2","CONCACAF","CONCACAF_R2_GE","","45","","GUA","Guatemala","GUA","GT","108","DMA","Dominica","DMA","DM","180","6","0","","","GUA","Second-round group match from standings matrix; exact match date available in source page.","","","FIFA / Wikipedia / Reuters","https://en.wikipedia.org/wiki/2026_FIFA_World_Cup_qualification_%E2%80%93_CONCACAF_second_round","",""
"CONCACAF_R2_E_046","CONCACAF_R2","CONCACAF","CONCACAF_R2_GE","","46","","JAM","Jamaica","JAM","JM","55","DOM","Dominican Republic","DOM","DO","151","1","0","","","JAM","Second-round group match from standings matrix; exact match date available in source page.","","","FIFA / Wikipedia / Reuters","https://en.wikipedia.org/wiki/2026_FIFA_World_Cup_qualification_%E2%80%93_CONCACAF_second_round","",""
"CONCACAF_R2_E_047","CONCACAF_R2","CONCACAF","CONCACAF_R2_GE","","47","","DOM","Dominican Republic","DOM","DO","151","BVI","BVI","BVI","","","4","0","","","DOM","Second-round group match from standings matrix; exact match date available in source page.","","","FIFA / Wikipedia / Reuters","https://en.wikipedia.org/wiki/2026_FIFA_World_Cup_qualification_%E2%80%93_CONCACAF_second_round","",""
"CONCACAF_R2_E_048","CONCACAF_R2","CONCACAF","CONCACAF_R2_GE","","48","","DMA","Dominica","DMA","DM","180","JAM","Jamaica","JAM","JM","55","2","3","","","JAM","Second-round group match from standings matrix; exact match date available in source page.","","","FIFA / Wikipedia / Reuters","https://en.wikipedia.org/wiki/2026_FIFA_World_Cup_qualification_%E2%80%93_CONCACAF_second_round","",""
"CONCACAF_R2_E_049","CONCACAF_R2","CONCACAF","CONCACAF_R2_GE","","49","","GUA","Guatemala","GUA","GT","108","DOM","Dominican Republic","DOM","DO","151","4","2","","","GUA","Second-round group match from standings matrix; exact match date available in source page.","","","FIFA / Wikipedia / Reuters","https://en.wikipedia.org/wiki/2026_FIFA_World_Cup_qualification_%E2%80%93_CONCACAF_second_round","",""
"CONCACAF_R2_E_050","CONCACAF_R2","CONCACAF","CONCACAF_R2_GE","","50","","DOM","Dominican Republic","DOM","DO","151","DMA","Dominica","DMA","DM","180","5","0","","","DOM","Second-round group match from standings matrix; exact match date available in source page.","","","FIFA / Wikipedia / Reuters","https://en.wikipedia.org/wiki/2026_FIFA_World_Cup_qualification_%E2%80%93_CONCACAF_second_round","",""
"CONCACAF_R2_E_051","CONCACAF_R2","CONCACAF","CONCACAF_R2_GE","","51","","BVI","BVI","BVI","","","JAM","Jamaica","JAM","JM","55","0","1","","","JAM","Second-round group match from standings matrix; exact match date available in source page.","","","FIFA / Wikipedia / Reuters","https://en.wikipedia.org/wiki/2026_FIFA_World_Cup_qualification_%E2%80%93_CONCACAF_second_round","",""
"CONCACAF_R2_E_052","CONCACAF_R2","CONCACAF","CONCACAF_R2_GE","","52","","BVI","BVI","BVI","","","GUA","Guatemala","GUA","GT","108","0","3","","","GUA","Second-round group match from standings matrix; exact match date available in source page.","","","FIFA / Wikipedia / Reuters","https://en.wikipedia.org/wiki/2026_FIFA_World_Cup_qualification_%E2%80%93_CONCACAF_second_round","",""
"CONCACAF_R2_E_053","CONCACAF_R2","CONCACAF","CONCACAF_R2_GE","","53","","DMA","Dominica","DMA","DM","180","BVI","BVI","BVI","","","3","0","","","DMA","Second-round group match from standings matrix; exact match date available in source page.","","","FIFA / Wikipedia / Reuters","https://en.wikipedia.org/wiki/2026_FIFA_World_Cup_qualification_%E2%80%93_CONCACAF_second_round","",""
"CONCACAF_R2_E_054","CONCACAF_R2","CONCACAF","CONCACAF_R2_GE","","54","","JAM","Jamaica","JAM","JM","55","GUA","Guatemala","GUA","GT","108","3","0","","","JAM","Second-round group match from standings matrix; exact match date available in source page.","","","FIFA / Wikipedia / Reuters","https://en.wikipedia.org/wiki/2026_FIFA_World_Cup_qualification_%E2%80%93_CONCACAF_second_round","",""
"CONCACAF_R2_F_055","CONCACAF_R2","CONCACAF","CONCACAF_R2_GF","","55","","SUR","Suriname","SUR","SR","143","VIN","Saint Vincent and the Grenadines","VIN","VC","173","4","1","","","SUR","Second-round group match from standings matrix; exact match date available in source page.","","","FIFA / Wikipedia / Reuters","https://en.wikipedia.org/wiki/2026_FIFA_World_Cup_qualification_%E2%80%93_CONCACAF_second_round","",""
"CONCACAF_R2_F_056","CONCACAF_R2","CONCACAF","CONCACAF_R2_GF","","56","","AIA","Anguilla","AIA","AI","209","SUR","Suriname","SUR","SR","143","0","4","","","SUR","Second-round group match from standings matrix; exact match date available in source page.","","","FIFA / Wikipedia / Reuters","https://en.wikipedia.org/wiki/2026_FIFA_World_Cup_qualification_%E2%80%93_CONCACAF_second_round","",""
"CONCACAF_R2_F_057","CONCACAF_R2","CONCACAF","CONCACAF_R2_GF","","57","","SLV","El Salvador","SLV","SV","78","PUR","Puerto Rico","PUR","PR","160","0","0","","","","Second-round group match from standings matrix; exact match date available in source page.","","","FIFA / Wikipedia / Reuters","https://en.wikipedia.org/wiki/2026_FIFA_World_Cup_qualification_%E2%80%93_CONCACAF_second_round","",""
"CONCACAF_R2_F_058","CONCACAF_R2","CONCACAF","CONCACAF_R2_GF","","58","","VIN","Saint Vincent and the Grenadines","VIN","VC","173","SLV","El Salvador","SLV","SV","78","1","3","","","SLV","Second-round group match from standings matrix; exact match date available in source page.","","","FIFA / Wikipedia / Reuters","https://en.wikipedia.org/wiki/2026_FIFA_World_Cup_qualification_%E2%80%93_CONCACAF_second_round","",""
"CONCACAF_R2_F_059","CONCACAF_R2","CONCACAF","CONCACAF_R2_GF","","59","","PUR","Puerto Rico","PUR","PR","160","AIA","Anguilla","AIA","AI","209","8","0","","","PUR","Second-round group match from standings matrix; exact match date available in source page.","","","FIFA / Wikipedia / Reuters","https://en.wikipedia.org/wiki/2026_FIFA_World_Cup_qualification_%E2%80%93_CONCACAF_second_round","",""
"CONCACAF_R2_F_060","CONCACAF_R2","CONCACAF","CONCACAF_R2_GF","","60","","SUR","Suriname","SUR","SR","143","PUR","Puerto Rico","PUR","PR","160","1","0","","","SUR","Second-round group match from standings matrix; exact match date available in source page.","","","FIFA / Wikipedia / Reuters","https://en.wikipedia.org/wiki/2026_FIFA_World_Cup_qualification_%E2%80%93_CONCACAF_second_round","",""
"CONCACAF_R2_F_061","CONCACAF_R2","CONCACAF","CONCACAF_R2_GF","","61","","AIA","Anguilla","AIA","AI","209","SLV","El Salvador","SLV","SV","78","0","3","","","SLV","Second-round group match from standings matrix; exact match date available in source page.","","","FIFA / Wikipedia / Reuters","https://en.wikipedia.org/wiki/2026_FIFA_World_Cup_qualification_%E2%80%93_CONCACAF_second_round","",""
"CONCACAF_R2_F_062","CONCACAF_R2","CONCACAF","CONCACAF_R2_GF","","62","","VIN","Saint Vincent and the Grenadines","VIN","VC","173","AIA","Anguilla","AIA","AI","209","6","0","","","VIN","Second-round group match from standings matrix; exact match date available in source page.","","","FIFA / Wikipedia / Reuters","https://en.wikipedia.org/wiki/2026_FIFA_World_Cup_qualification_%E2%80%93_CONCACAF_second_round","",""
"CONCACAF_R2_F_063","CONCACAF_R2","CONCACAF","CONCACAF_R2_GF","","63","","PUR","Puerto Rico","PUR","PR","160","VIN","Saint Vincent and the Grenadines","VIN","VC","173","2","1","","","PUR","Second-round group match from standings matrix; exact match date available in source page.","","","FIFA / Wikipedia / Reuters","https://en.wikipedia.org/wiki/2026_FIFA_World_Cup_qualification_%E2%80%93_CONCACAF_second_round","",""
"CONCACAF_R2_F_064","CONCACAF_R2","CONCACAF","CONCACAF_R2_GF","","64","","SLV","El Salvador","SLV","SV","78","SUR","Suriname","SUR","SR","143","1","1","","","","Second-round group match from standings matrix; exact match date available in source page.","","","FIFA / Wikipedia / Reuters","https://en.wikipedia.org/wiki/2026_FIFA_World_Cup_qualification_%E2%80%93_CONCACAF_second_round","",""
"CONCACAF_R3_A_065","CONCACAF_R3","CONCACAF","CONCACAF_R3_GA","","65","","SUR","Suriname","SUR","SR","143","PAN","Panama","PAN","PA","41","0","0","","","","Third-round group match from standings matrix; exact match date available in source page.","","","FIFA / Wikipedia / Reuters","https://en.wikipedia.org/wiki/2026_FIFA_World_Cup_qualification_%E2%80%93_CONCACAF_third_round","",""
"CONCACAF_R3_A_066","CONCACAF_R3","CONCACAF","CONCACAF_R3_GA","","66","","GUA","Guatemala","GUA","GT","108","SLV","El Salvador","SLV","SV","78","0","1","","","SLV","Third-round group match from standings matrix; exact match date available in source page.","","","FIFA / Wikipedia / Reuters","https://en.wikipedia.org/wiki/2026_FIFA_World_Cup_qualification_%E2%80%93_CONCACAF_third_round","",""
"CONCACAF_R3_A_067","CONCACAF_R3","CONCACAF","CONCACAF_R3_GA","","67","","SLV","El Salvador","SLV","SV","78","SUR","Suriname","SUR","SR","143","1","2","","","SUR","Third-round group match from standings matrix; exact match date available in source page.","","","FIFA / Wikipedia / Reuters","https://en.wikipedia.org/wiki/2026_FIFA_World_Cup_qualification_%E2%80%93_CONCACAF_third_round","",""
"CONCACAF_R3_A_068","CONCACAF_R3","CONCACAF","CONCACAF_R3_GA","","68","","PAN","Panama","PAN","PA","41","GUA","Guatemala","GUA","GT","108","1","1","","","","Third-round group match from standings matrix; exact match date available in source page.","","","FIFA / Wikipedia / Reuters","https://en.wikipedia.org/wiki/2026_FIFA_World_Cup_qualification_%E2%80%93_CONCACAF_third_round","",""
"CONCACAF_R3_A_069","CONCACAF_R3","CONCACAF","CONCACAF_R3_GA","","69","","SUR","Suriname","SUR","SR","143","GUA","Guatemala","GUA","GT","108","1","1","","","","Third-round group match from standings matrix; exact match date available in source page.","","","FIFA / Wikipedia / Reuters","https://en.wikipedia.org/wiki/2026_FIFA_World_Cup_qualification_%E2%80%93_CONCACAF_third_round","",""
"CONCACAF_R3_A_070","CONCACAF_R3","CONCACAF","CONCACAF_R3_GA","","70","","SLV","El Salvador","SLV","SV","78","PAN","Panama","PAN","PA","41","0","1","","","PAN","Third-round group match from standings matrix; exact match date available in source page.","","","FIFA / Wikipedia / Reuters","https://en.wikipedia.org/wiki/2026_FIFA_World_Cup_qualification_%E2%80%93_CONCACAF_third_round","",""
"CONCACAF_R3_A_071","CONCACAF_R3","CONCACAF","CONCACAF_R3_GA","","71","","PAN","Panama","PAN","PA","41","SUR","Suriname","SUR","SR","143","1","1","","","","Third-round group match from standings matrix; exact match date available in source page.","","","FIFA / Wikipedia / Reuters","https://en.wikipedia.org/wiki/2026_FIFA_World_Cup_qualification_%E2%80%93_CONCACAF_third_round","",""
"CONCACAF_R3_A_072","CONCACAF_R3","CONCACAF","CONCACAF_R3_GA","","72","","GUA","Guatemala","GUA","GT","108","SLV","El Salvador","SLV","SV","78","0","1","","","SLV","Third-round group match from standings matrix; exact match date available in source page.","","","FIFA / Wikipedia / Reuters","https://en.wikipedia.org/wiki/2026_FIFA_World_Cup_qualification_%E2%80%93_CONCACAF_third_round","",""
"CONCACAF_R3_A_073","CONCACAF_R3","CONCACAF","CONCACAF_R3_GA","","73","","GUA","Guatemala","GUA","GT","108","PAN","Panama","PAN","PA","41","2","3","","","PAN","Third-round group match from standings matrix; exact match date available in source page.","","","FIFA / Wikipedia / Reuters","https://en.wikipedia.org/wiki/2026_FIFA_World_Cup_qualification_%E2%80%93_CONCACAF_third_round","",""
"CONCACAF_R3_A_074","CONCACAF_R3","CONCACAF","CONCACAF_R3_GA","","74","","SUR","Suriname","SUR","SR","143","SLV","El Salvador","SLV","SV","78","4","0","","","SUR","Third-round group match from standings matrix; exact match date available in source page.","","","FIFA / Wikipedia / Reuters","https://en.wikipedia.org/wiki/2026_FIFA_World_Cup_qualification_%E2%80%93_CONCACAF_third_round","",""
"CONCACAF_R3_A_075","CONCACAF_R3","CONCACAF","CONCACAF_R3_GA","","75","","GUA","Guatemala","GUA","GT","108","SUR","Suriname","SUR","SR","143","3","1","","","GUA","Third-round group match from standings matrix; exact match date available in source page.","","","FIFA / Wikipedia / Reuters","https://en.wikipedia.org/wiki/2026_FIFA_World_Cup_qualification_%E2%80%93_CONCACAF_third_round","",""
"CONCACAF_R3_A_076","CONCACAF_R3","CONCACAF","CONCACAF_R3_GA","","76","","PAN","Panama","PAN","PA","41","SLV","El Salvador","SLV","SV","78","3","0","","","PAN","Third-round group match from standings matrix; exact match date available in source page.","","","FIFA / Wikipedia / Reuters","https://en.wikipedia.org/wiki/2026_FIFA_World_Cup_qualification_%E2%80%93_CONCACAF_third_round","",""
"CONCACAF_R3_B_077","CONCACAF_R3","CONCACAF","CONCACAF_R3_GB","","77","","BER","Bermuda","BER","BM","171","JAM","Jamaica","JAM","JM","55","0","4","","","JAM","Third-round group match from standings matrix; exact match date available in source page.","","","FIFA / Wikipedia / Reuters","https://en.wikipedia.org/wiki/2026_FIFA_World_Cup_qualification_%E2%80%93_CONCACAF_third_round","",""
"CONCACAF_R3_B_078","CONCACAF_R3","CONCACAF","CONCACAF_R3_GB","","78","","TRI","Trinidad and Tobago","TRI","TT","96","CUW","Curaçao","CUW","CW","90","0","0","","","","Third-round group match from standings matrix; exact match date available in source page.","","","FIFA / Wikipedia / Reuters","https://en.wikipedia.org/wiki/2026_FIFA_World_Cup_qualification_%E2%80%93_CONCACAF_third_round","",""
"CONCACAF_R3_B_079","CONCACAF_R3","CONCACAF","CONCACAF_R3_GB","","79","","CUW","Curaçao","CUW","CW","90","BER","Bermuda","BER","BM","171","3","2","","","CUW","Third-round group match from standings matrix; exact match date available in source page.","","","FIFA / Wikipedia / Reuters","https://en.wikipedia.org/wiki/2026_FIFA_World_Cup_qualification_%E2%80%93_CONCACAF_third_round","",""
"CONCACAF_R3_B_080","CONCACAF_R3","CONCACAF","CONCACAF_R3_GB","","80","","JAM","Jamaica","JAM","JM","55","TRI","Trinidad and Tobago","TRI","TT","96","2","0","","","JAM","Third-round group match from standings matrix; exact match date available in source page.","","","FIFA / Wikipedia / Reuters","https://en.wikipedia.org/wiki/2026_FIFA_World_Cup_qualification_%E2%80%93_CONCACAF_third_round","",""
"CONCACAF_R3_B_081","CONCACAF_R3","CONCACAF","CONCACAF_R3_GB","","81","","BER","Bermuda","BER","BM","171","TRI","Trinidad and Tobago","TRI","TT","96","0","3","","","TRI","Third-round group match from standings matrix; exact match date available in source page.","","","FIFA / Wikipedia / Reuters","https://en.wikipedia.org/wiki/2026_FIFA_World_Cup_qualification_%E2%80%93_CONCACAF_third_round","",""
"CONCACAF_R3_B_082","CONCACAF_R3","CONCACAF","CONCACAF_R3_GB","","82","","JAM","Jamaica","JAM","JM","55","CUW","Curaçao","CUW","CW","90","0","0","","","","Third-round group match from standings matrix; exact match date available in source page.","","","FIFA / Wikipedia / Reuters","https://en.wikipedia.org/wiki/2026_FIFA_World_Cup_qualification_%E2%80%93_CONCACAF_third_round","",""
"CONCACAF_R3_B_083","CONCACAF_R3","CONCACAF","CONCACAF_R3_GB","","83","","CUW","Curaçao","CUW","CW","90","TRI","Trinidad and Tobago","TRI","TT","96","1","1","","","","Third-round group match from standings matrix; exact match date available in source page.","","","FIFA / Wikipedia / Reuters","https://en.wikipedia.org/wiki/2026_FIFA_World_Cup_qualification_%E2%80%93_CONCACAF_third_round","",""
"CONCACAF_R3_B_084","CONCACAF_R3","CONCACAF","CONCACAF_R3_GB","","84","","JAM","Jamaica","JAM","JM","55","BER","Bermuda","BER","BM","171","4","0","","","JAM","Third-round group match from standings matrix; exact match date available in source page.","","","FIFA / Wikipedia / Reuters","https://en.wikipedia.org/wiki/2026_FIFA_World_Cup_qualification_%E2%80%93_CONCACAF_third_round","",""
"CONCACAF_R3_B_085","CONCACAF_R3","CONCACAF","CONCACAF_R3_GB","","85","","BER","Bermuda","BER","BM","171","CUW","Curaçao","CUW","CW","90","0","7","","","CUW","Third-round group match from standings matrix; exact match date available in source page.","","","FIFA / Wikipedia / Reuters","https://en.wikipedia.org/wiki/2026_FIFA_World_Cup_qualification_%E2%80%93_CONCACAF_third_round","",""
"CONCACAF_R3_B_086","CONCACAF_R3","CONCACAF","CONCACAF_R3_GB","","86","","TRI","Trinidad and Tobago","TRI","TT","96","JAM","Jamaica","JAM","JM","55","1","1","","","","Third-round group match from standings matrix; exact match date available in source page.","","","FIFA / Wikipedia / Reuters","https://en.wikipedia.org/wiki/2026_FIFA_World_Cup_qualification_%E2%80%93_CONCACAF_third_round","",""
"CONCACAF_R3_B_087","CONCACAF_R3","CONCACAF","CONCACAF_R3_GB","","87","","JAM","Jamaica","JAM","JM","55","CUW","Curaçao","CUW","CW","90","0","0","","","","Third-round group match from standings matrix; exact match date available in source page.","","","FIFA / Wikipedia / Reuters","https://en.wikipedia.org/wiki/2026_FIFA_World_Cup_qualification_%E2%80%93_CONCACAF_third_round","",""
"CONCACAF_R3_B_088","CONCACAF_R3","CONCACAF","CONCACAF_R3_GB","","88","","TRI","Trinidad and Tobago","TRI","TT","96","BER","Bermuda","BER","BM","171","2","2","","","","Third-round group match from standings matrix; exact match date available in source page.","","","FIFA / Wikipedia / Reuters","https://en.wikipedia.org/wiki/2026_FIFA_World_Cup_qualification_%E2%80%93_CONCACAF_third_round","",""
"CONCACAF_R3_C_089","CONCACAF_R3","CONCACAF","CONCACAF_R3_GC","","89","","HAI","Haiti","HAI","HT","89","HON","Honduras","HON","HN","76","0","0","","","","Third-round group match from standings matrix; exact match date available in source page.","","","FIFA / Wikipedia / Reuters","https://en.wikipedia.org/wiki/2026_FIFA_World_Cup_qualification_%E2%80%93_CONCACAF_third_round","",""
"CONCACAF_R3_C_090","CONCACAF_R3","CONCACAF","CONCACAF_R3_GC","","90","","NCA","Nicaragua","NCA","NI","134","CRC","Costa Rica","CRC","CR","52","1","1","","","","Third-round group match from standings matrix; exact match date available in source page.","","","FIFA / Wikipedia / Reuters","https://en.wikipedia.org/wiki/2026_FIFA_World_Cup_qualification_%E2%80%93_CONCACAF_third_round","",""
"CONCACAF_R3_C_091","CONCACAF_R3","CONCACAF","CONCACAF_R3_GC","","91","","CRC","Costa Rica","CRC","CR","52","HAI","Haiti","HAI","HT","89","3","3","","","","Third-round group match from standings matrix; exact match date available in source page.","","","FIFA / Wikipedia / Reuters","https://en.wikipedia.org/wiki/2026_FIFA_World_Cup_qualification_%E2%80%93_CONCACAF_third_round","",""
"CONCACAF_R3_C_092","CONCACAF_R3","CONCACAF","CONCACAF_R3_GC","","92","","HON","Honduras","HON","HN","76","NCA","Nicaragua","NCA","NI","134","2","0","","","HON","Third-round group match from standings matrix; exact match date available in source page.","","","FIFA / Wikipedia / Reuters","https://en.wikipedia.org/wiki/2026_FIFA_World_Cup_qualification_%E2%80%93_CONCACAF_third_round","",""
"CONCACAF_R3_C_093","CONCACAF_R3","CONCACAF","CONCACAF_R3_GC","","93","","NCA","Nicaragua","NCA","NI","134","HAI","Haiti","HAI","HT","89","0","3","","","HAI","Third-round group match from standings matrix; exact match date available in source page.","","","FIFA / Wikipedia / Reuters","https://en.wikipedia.org/wiki/2026_FIFA_World_Cup_qualification_%E2%80%93_CONCACAF_third_round","",""
"CONCACAF_R3_C_094","CONCACAF_R3","CONCACAF","CONCACAF_R3_GC","","94","","HON","Honduras","HON","HN","76","CRC","Costa Rica","CRC","CR","52","0","0","","","","Third-round group match from standings matrix; exact match date available in source page.","","","FIFA / Wikipedia / Reuters","https://en.wikipedia.org/wiki/2026_FIFA_World_Cup_qualification_%E2%80%93_CONCACAF_third_round","",""
"CONCACAF_R3_C_095","CONCACAF_R3","CONCACAF","CONCACAF_R3_GC","","95","","HAI","Haiti","HAI","HT","89","CRC","Costa Rica","CRC","CR","52","1","0","","","HAI","Third-round group match from standings matrix; exact match date available in source page.","","","FIFA / Wikipedia / Reuters","https://en.wikipedia.org/wiki/2026_FIFA_World_Cup_qualification_%E2%80%93_CONCACAF_third_round","",""
"CONCACAF_R3_C_096","CONCACAF_R3","CONCACAF","CONCACAF_R3_GC","","96","","NCA","Nicaragua","NCA","NI","134","HON","Honduras","HON","HN","76","2","0","","","NCA","Third-round group match from standings matrix; exact match date available in source page.","","","FIFA / Wikipedia / Reuters","https://en.wikipedia.org/wiki/2026_FIFA_World_Cup_qualification_%E2%80%93_CONCACAF_third_round","",""
"CONCACAF_R3_C_097","CONCACAF_R3","CONCACAF","CONCACAF_R3_GC","","97","","CRC","Costa Rica","CRC","CR","52","NCA","Nicaragua","NCA","NI","134","4","1","","","CRC","Third-round group match from standings matrix; exact match date available in source page.","","","FIFA / Wikipedia / Reuters","https://en.wikipedia.org/wiki/2026_FIFA_World_Cup_qualification_%E2%80%93_CONCACAF_third_round","",""
"CONCACAF_R3_C_098","CONCACAF_R3","CONCACAF","CONCACAF_R3_GC","","98","","HON","Honduras","HON","HN","76","HAI","Haiti","HAI","HT","89","3","0","","","HON","Third-round group match from standings matrix; exact match date available in source page.","","","FIFA / Wikipedia / Reuters","https://en.wikipedia.org/wiki/2026_FIFA_World_Cup_qualification_%E2%80%93_CONCACAF_third_round","",""
"CONCACAF_R3_C_099","CONCACAF_R3","CONCACAF","CONCACAF_R3_GC","","99","","HAI","Haiti","HAI","HT","89","NCA","Nicaragua","NCA","NI","134","2","0","","","HAI","Third-round group match from standings matrix; exact match date available in source page.","","","FIFA / Wikipedia / Reuters","https://en.wikipedia.org/wiki/2026_FIFA_World_Cup_qualification_%E2%80%93_CONCACAF_third_round","",""
"CONCACAF_R3_C_100","CONCACAF_R3","CONCACAF","CONCACAF_R3_GC","","100","","CRC","Costa Rica","CRC","CR","52","HON","Honduras","HON","HN","76","0","0","","","","Third-round group match from standings matrix; exact match date available in source page.","","","FIFA / Wikipedia / Reuters","https://en.wikipedia.org/wiki/2026_FIFA_World_Cup_qualification_%E2%80%93_CONCACAF_third_round","",""
"CONCACAF_ICPO__101","CONCACAF_ICPO","CONCACAF","","","101","2026-03-26","BOL","BOL","BOL","","","SUR","Suriname","SUR","SR","143","2","1","","","BOL","Inter-confederation playoff semifinal; Suriname eliminated.","","","FIFA / Wikipedia / Reuters","https://www.reuters.com/sports/soccer/bolivia-rally-beat-suriname-reach-world-cup-playoff-final-2026-03-27/","",""
"CONCACAF_ICPO__102","CONCACAF_ICPO","CONCACAF","","","102","2026-03-26","JAM","Jamaica","JAM","JM","55","NCL","New Caledonia","NCL","","","1","0","","","JAM","Inter-confederation playoff semifinal; Jamaica advanced.","","","FIFA / Wikipedia / Reuters","https://www.reuters.com/sports/soccer/jamaica-reach-world-cup-playoff-final-with-1-0-win-over-new-caledonia-2026-03-27/","",""
"CONCACAF_ICPO__103","CONCACAF_ICPO","CONCACAF","","","103","2026-03-31","COD","DR Congo","COD","","","JAM","Jamaica","JAM","JM","55","1","0","yes","","COD","Inter-confederation playoff final after extra time; Jamaica eliminated.","","","FIFA / Wikipedia / Reuters","https://www.reuters.com/sports/soccer/dr-congo-score-extra-time-winner-qualify-world-cup-2026-03-31/","",""
"CONMEBOL_M001","CONMEBOL_R1","CONMEBOL","CONMEBOL_TABLE","","1","","ARG","Argentina","ARG","AR","1","ECU","Ecuador","ECU","EC","40","1","0","FALSE","","ARG","Date/venue not populated; score captured from final CONMEBOL standings matrix.","","","Wikipedia","https://en.wikipedia.org/wiki/2026_FIFA_World_Cup_qualification_(CONMEBOL)","",""
"CONMEBOL_M002","CONMEBOL_R1","CONMEBOL","CONMEBOL_TABLE","","2","","ARG","Argentina","ARG","AR","1","COL","Colombia","COL","CO","17","1","1","FALSE","","","Date/venue not populated; score captured from final CONMEBOL standings matrix.","","","Wikipedia","https://en.wikipedia.org/wiki/2026_FIFA_World_Cup_qualification_(CONMEBOL)","",""
"CONMEBOL_M003","CONMEBOL_R1","CONMEBOL","CONMEBOL_TABLE","","3","","ARG","Argentina","ARG","AR","1","URU","Uruguay","URU","UY","16","0","2","FALSE","","URU","Date/venue not populated; score captured from final CONMEBOL standings matrix.","","","Wikipedia","https://en.wikipedia.org/wiki/2026_FIFA_World_Cup_qualification_(CONMEBOL)","",""
"CONMEBOL_M004","CONMEBOL_R1","CONMEBOL","CONMEBOL_TABLE","","4","","ARG","Argentina","ARG","AR","1","BRA","Brazil","BRA","BR","3","4","1","FALSE","","ARG","Date/venue not populated; score captured from final CONMEBOL standings matrix.","","","Wikipedia","https://en.wikipedia.org/wiki/2026_FIFA_World_Cup_qualification_(CONMEBOL)","",""
"CONMEBOL_M005","CONMEBOL_R1","CONMEBOL","CONMEBOL_TABLE","","5","","ARG","Argentina","ARG","AR","1","PAR","Paraguay","PAR","PY","49","1","0","FALSE","","ARG","Date/venue not populated; score captured from final CONMEBOL standings matrix.","","","Wikipedia","https://en.wikipedia.org/wiki/2026_FIFA_World_Cup_qualification_(CONMEBOL)","",""
"CONMEBOL_M006","CONMEBOL_R1","CONMEBOL","CONMEBOL_TABLE","","6","","ARG","Argentina","ARG","AR","1","BOL","Bolivia","BOL","BO","83","6","0","FALSE","","ARG","Date/venue not populated; score captured from final CONMEBOL standings matrix.","","","Wikipedia","https://en.wikipedia.org/wiki/2026_FIFA_World_Cup_qualification_(CONMEBOL)","",""
"CONMEBOL_M007","CONMEBOL_R1","CONMEBOL","CONMEBOL_TABLE","","7","","ARG","Argentina","ARG","AR","1","VEN","Venezuela","VEN","VE","57","3","0","FALSE","","ARG","Date/venue not populated; score captured from final CONMEBOL standings matrix.","","","Wikipedia","https://en.wikipedia.org/wiki/2026_FIFA_World_Cup_qualification_(CONMEBOL)","",""
"CONMEBOL_M008","CONMEBOL_R1","CONMEBOL","CONMEBOL_TABLE","","8","","ARG","Argentina","ARG","AR","1","PER","Peru","PER","PE","21","1","0","FALSE","","ARG","Date/venue not populated; score captured from final CONMEBOL standings matrix.","","","Wikipedia","https://en.wikipedia.org/wiki/2026_FIFA_World_Cup_qualification_(CONMEBOL)","",""
"CONMEBOL_M009","CONMEBOL_R1","CONMEBOL","CONMEBOL_TABLE","","9","","ARG","Argentina","ARG","AR","1","CHI","Chile","CHI","CL","32","3","0","FALSE","","ARG","Date/venue not populated; score captured from final CONMEBOL standings matrix.","","","Wikipedia","https://en.wikipedia.org/wiki/2026_FIFA_World_Cup_qualification_(CONMEBOL)","",""
"CONMEBOL_M010","CONMEBOL_R1","CONMEBOL","CONMEBOL_TABLE","","10","","ECU","Ecuador","ECU","EC","40","ARG","Argentina","ARG","AR","1","1","0","FALSE","","ECU","Date/venue not populated; score captured from final CONMEBOL standings matrix.","","","Wikipedia","https://en.wikipedia.org/wiki/2026_FIFA_World_Cup_qualification_(CONMEBOL)","",""
"CONMEBOL_M011","CONMEBOL_R1","CONMEBOL","CONMEBOL_TABLE","","11","","ECU","Ecuador","ECU","EC","40","COL","Colombia","COL","CO","17","0","0","FALSE","","","Date/venue not populated; score captured from final CONMEBOL standings matrix.","","","Wikipedia","https://en.wikipedia.org/wiki/2026_FIFA_World_Cup_qualification_(CONMEBOL)","",""
"CONMEBOL_M012","CONMEBOL_R1","CONMEBOL","CONMEBOL_TABLE","","12","","ECU","Ecuador","ECU","EC","40","URU","Uruguay","URU","UY","16","2","1","FALSE","","ECU","Date/venue not populated; score captured from final CONMEBOL standings matrix.","","","Wikipedia","https://en.wikipedia.org/wiki/2026_FIFA_World_Cup_qualification_(CONMEBOL)","",""
"CONMEBOL_M013","CONMEBOL_R1","CONMEBOL","CONMEBOL_TABLE","","13","","ECU","Ecuador","ECU","EC","40","BRA","Brazil","BRA","BR","3","0","0","FALSE","","","Date/venue not populated; score captured from final CONMEBOL standings matrix.","","","Wikipedia","https://en.wikipedia.org/wiki/2026_FIFA_World_Cup_qualification_(CONMEBOL)","",""
"CONMEBOL_M014","CONMEBOL_R1","CONMEBOL","CONMEBOL_TABLE","","14","","ECU","Ecuador","ECU","EC","40","PAR","Paraguay","PAR","PY","49","0","0","FALSE","","","Date/venue not populated; score captured from final CONMEBOL standings matrix.","","","Wikipedia","https://en.wikipedia.org/wiki/2026_FIFA_World_Cup_qualification_(CONMEBOL)","",""
"CONMEBOL_M015","CONMEBOL_R1","CONMEBOL","CONMEBOL_TABLE","","15","","ECU","Ecuador","ECU","EC","40","BOL","Bolivia","BOL","BO","83","4","0","FALSE","","ECU","Date/venue not populated; score captured from final CONMEBOL standings matrix.","","","Wikipedia","https://en.wikipedia.org/wiki/2026_FIFA_World_Cup_qualification_(CONMEBOL)","",""
"CONMEBOL_M016","CONMEBOL_R1","CONMEBOL","CONMEBOL_TABLE","","16","","ECU","Ecuador","ECU","EC","40","VEN","Venezuela","VEN","VE","57","2","1","FALSE","","ECU","Date/venue not populated; score captured from final CONMEBOL standings matrix.","","","Wikipedia","https://en.wikipedia.org/wiki/2026_FIFA_World_Cup_qualification_(CONMEBOL)","",""
"CONMEBOL_M017","CONMEBOL_R1","CONMEBOL","CONMEBOL_TABLE","","17","","ECU","Ecuador","ECU","EC","40","PER","Peru","PER","PE","21","1","0","FALSE","","ECU","Date/venue not populated; score captured from final CONMEBOL standings matrix.","","","Wikipedia","https://en.wikipedia.org/wiki/2026_FIFA_World_Cup_qualification_(CONMEBOL)","",""
"CONMEBOL_M018","CONMEBOL_R1","CONMEBOL","CONMEBOL_TABLE","","18","","ECU","Ecuador","ECU","EC","40","CHI","Chile","CHI","CL","32","1","0","FALSE","","ECU","Date/venue not populated; score captured from final CONMEBOL standings matrix.","","","Wikipedia","https://en.wikipedia.org/wiki/2026_FIFA_World_Cup_qualification_(CONMEBOL)","",""
"CONMEBOL_M019","CONMEBOL_R1","CONMEBOL","CONMEBOL_TABLE","","19","","COL","Colombia","COL","CO","17","ARG","Argentina","ARG","AR","1","2","1","FALSE","","COL","Date/venue not populated; score captured from final CONMEBOL standings matrix.","","","Wikipedia","https://en.wikipedia.org/wiki/2026_FIFA_World_Cup_qualification_(CONMEBOL)","",""
"CONMEBOL_M020","CONMEBOL_R1","CONMEBOL","CONMEBOL_TABLE","","20","","COL","Colombia","COL","CO","17","ECU","Ecuador","ECU","EC","40","0","1","FALSE","","ECU","Date/venue not populated; score captured from final CONMEBOL standings matrix.","","","Wikipedia","https://en.wikipedia.org/wiki/2026_FIFA_World_Cup_qualification_(CONMEBOL)","",""
"CONMEBOL_M021","CONMEBOL_R1","CONMEBOL","CONMEBOL_TABLE","","21","","COL","Colombia","COL","CO","17","URU","Uruguay","URU","UY","16","2","2","FALSE","","","Date/venue not populated; score captured from final CONMEBOL standings matrix.","","","Wikipedia","https://en.wikipedia.org/wiki/2026_FIFA_World_Cup_qualification_(CONMEBOL)","",""
"CONMEBOL_M022","CONMEBOL_R1","CONMEBOL","CONMEBOL_TABLE","","22","","COL","Colombia","COL","CO","17","BRA","Brazil","BRA","BR","3","2","1","FALSE","","COL","Date/venue not populated; score captured from final CONMEBOL standings matrix.","","","Wikipedia","https://en.wikipedia.org/wiki/2026_FIFA_World_Cup_qualification_(CONMEBOL)","",""
"CONMEBOL_M023","CONMEBOL_R1","CONMEBOL","CONMEBOL_TABLE","","23","","COL","Colombia","COL","CO","17","PAR","Paraguay","PAR","PY","49","2","2","FALSE","","","Date/venue not populated; score captured from final CONMEBOL standings matrix.","","","Wikipedia","https://en.wikipedia.org/wiki/2026_FIFA_World_Cup_qualification_(CONMEBOL)","",""
"CONMEBOL_M024","CONMEBOL_R1","CONMEBOL","CONMEBOL_TABLE","","24","","COL","Colombia","COL","CO","17","BOL","Bolivia","BOL","BO","83","3","0","FALSE","","COL","Date/venue not populated; score captured from final CONMEBOL standings matrix.","","","Wikipedia","https://en.wikipedia.org/wiki/2026_FIFA_World_Cup_qualification_(CONMEBOL)","",""
"CONMEBOL_M025","CONMEBOL_R1","CONMEBOL","CONMEBOL_TABLE","","25","","COL","Colombia","COL","CO","17","VEN","Venezuela","VEN","VE","57","1","0","FALSE","","COL","Date/venue not populated; score captured from final CONMEBOL standings matrix.","","","Wikipedia","https://en.wikipedia.org/wiki/2026_FIFA_World_Cup_qualification_(CONMEBOL)","",""
"CONMEBOL_M026","CONMEBOL_R1","CONMEBOL","CONMEBOL_TABLE","","26","","COL","Colombia","COL","CO","17","PER","Peru","PER","PE","21","0","0","FALSE","","","Date/venue not populated; score captured from final CONMEBOL standings matrix.","","","Wikipedia","https://en.wikipedia.org/wiki/2026_FIFA_World_Cup_qualification_(CONMEBOL)","",""
"CONMEBOL_M027","CONMEBOL_R1","CONMEBOL","CONMEBOL_TABLE","","27","","COL","Colombia","COL","CO","17","CHI","Chile","CHI","CL","32","4","0","FALSE","","COL","Date/venue not populated; score captured from final CONMEBOL standings matrix.","","","Wikipedia","https://en.wikipedia.org/wiki/2026_FIFA_World_Cup_qualification_(CONMEBOL)","",""
"CONMEBOL_M028","CONMEBOL_R1","CONMEBOL","CONMEBOL_TABLE","","28","","URU","Uruguay","URU","UY","16","ARG","Argentina","ARG","AR","1","0","1","FALSE","","ARG","Date/venue not populated; score captured from final CONMEBOL standings matrix.","","","Wikipedia","https://en.wikipedia.org/wiki/2026_FIFA_World_Cup_qualification_(CONMEBOL)","",""
"CONMEBOL_M029","CONMEBOL_R1","CONMEBOL","CONMEBOL_TABLE","","29","","URU","Uruguay","URU","UY","16","ECU","Ecuador","ECU","EC","40","0","0","FALSE","","","Date/venue not populated; score captured from final CONMEBOL standings matrix.","","","Wikipedia","https://en.wikipedia.org/wiki/2026_FIFA_World_Cup_qualification_(CONMEBOL)","",""
"CONMEBOL_M030","CONMEBOL_R1","CONMEBOL","CONMEBOL_TABLE","","30","","URU","Uruguay","URU","UY","16","COL","Colombia","COL","CO","17","3","2","FALSE","","URU","Date/venue not populated; score captured from final CONMEBOL standings matrix.","","","Wikipedia","https://en.wikipedia.org/wiki/2026_FIFA_World_Cup_qualification_(CONMEBOL)","",""
"CONMEBOL_M031","CONMEBOL_R1","CONMEBOL","CONMEBOL_TABLE","","31","","URU","Uruguay","URU","UY","16","BRA","Brazil","BRA","BR","3","2","0","FALSE","","URU","Date/venue not populated; score captured from final CONMEBOL standings matrix.","","","Wikipedia","https://en.wikipedia.org/wiki/2026_FIFA_World_Cup_qualification_(CONMEBOL)","",""
"CONMEBOL_M032","CONMEBOL_R1","CONMEBOL","CONMEBOL_TABLE","","32","","URU","Uruguay","URU","UY","16","PAR","Paraguay","PAR","PY","49","0","0","FALSE","","","Date/venue not populated; score captured from final CONMEBOL standings matrix.","","","Wikipedia","https://en.wikipedia.org/wiki/2026_FIFA_World_Cup_qualification_(CONMEBOL)","",""
"CONMEBOL_M033","CONMEBOL_R1","CONMEBOL","CONMEBOL_TABLE","","33","","URU","Uruguay","URU","UY","16","BOL","Bolivia","BOL","BO","83","3","0","FALSE","","URU","Date/venue not populated; score captured from final CONMEBOL standings matrix.","","","Wikipedia","https://en.wikipedia.org/wiki/2026_FIFA_World_Cup_qualification_(CONMEBOL)","",""
"CONMEBOL_M034","CONMEBOL_R1","CONMEBOL","CONMEBOL_TABLE","","34","","URU","Uruguay","URU","UY","16","VEN","Venezuela","VEN","VE","57","2","0","FALSE","","URU","Date/venue not populated; score captured from final CONMEBOL standings matrix.","","","Wikipedia","https://en.wikipedia.org/wiki/2026_FIFA_World_Cup_qualification_(CONMEBOL)","",""
"CONMEBOL_M035","CONMEBOL_R1","CONMEBOL","CONMEBOL_TABLE","","35","","URU","Uruguay","URU","UY","16","PER","Peru","PER","PE","21","3","0","FALSE","","URU","Date/venue not populated; score captured from final CONMEBOL standings matrix.","","","Wikipedia","https://en.wikipedia.org/wiki/2026_FIFA_World_Cup_qualification_(CONMEBOL)","",""
"CONMEBOL_M036","CONMEBOL_R1","CONMEBOL","CONMEBOL_TABLE","","36","","URU","Uruguay","URU","UY","16","CHI","Chile","CHI","CL","32","3","1","FALSE","","URU","Date/venue not populated; score captured from final CONMEBOL standings matrix.","","","Wikipedia","https://en.wikipedia.org/wiki/2026_FIFA_World_Cup_qualification_(CONMEBOL)","",""
"CONMEBOL_M037","CONMEBOL_R1","CONMEBOL","CONMEBOL_TABLE","","37","","BRA","Brazil","BRA","BR","3","ARG","Argentina","ARG","AR","1","0","1","FALSE","","ARG","Date/venue not populated; score captured from final CONMEBOL standings matrix.","","","Wikipedia","https://en.wikipedia.org/wiki/2026_FIFA_World_Cup_qualification_(CONMEBOL)","",""
"CONMEBOL_M038","CONMEBOL_R1","CONMEBOL","CONMEBOL_TABLE","","38","","BRA","Brazil","BRA","BR","3","ECU","Ecuador","ECU","EC","40","1","0","FALSE","","BRA","Date/venue not populated; score captured from final CONMEBOL standings matrix.","","","Wikipedia","https://en.wikipedia.org/wiki/2026_FIFA_World_Cup_qualification_(CONMEBOL)","",""
"CONMEBOL_M039","CONMEBOL_R1","CONMEBOL","CONMEBOL_TABLE","","39","","BRA","Brazil","BRA","BR","3","COL","Colombia","COL","CO","17","2","1","FALSE","","BRA","Date/venue not populated; score captured from final CONMEBOL standings matrix.","","","Wikipedia","https://en.wikipedia.org/wiki/2026_FIFA_World_Cup_qualification_(CONMEBOL)","",""
"CONMEBOL_M040","CONMEBOL_R1","CONMEBOL","CONMEBOL_TABLE","","40","","BRA","Brazil","BRA","BR","3","URU","Uruguay","URU","UY","16","1","1","FALSE","","","Date/venue not populated; score captured from final CONMEBOL standings matrix.","","","Wikipedia","https://en.wikipedia.org/wiki/2026_FIFA_World_Cup_qualification_(CONMEBOL)","",""
"CONMEBOL_M041","CONMEBOL_R1","CONMEBOL","CONMEBOL_TABLE","","41","","BRA","Brazil","BRA","BR","3","PAR","Paraguay","PAR","PY","49","1","0","FALSE","","BRA","Date/venue not populated; score captured from final CONMEBOL standings matrix.","","","Wikipedia","https://en.wikipedia.org/wiki/2026_FIFA_World_Cup_qualification_(CONMEBOL)","",""
"CONMEBOL_M042","CONMEBOL_R1","CONMEBOL","CONMEBOL_TABLE","","42","","BRA","Brazil","BRA","BR","3","BOL","Bolivia","BOL","BO","83","5","1","FALSE","","BRA","Date/venue not populated; score captured from final CONMEBOL standings matrix.","","","Wikipedia","https://en.wikipedia.org/wiki/2026_FIFA_World_Cup_qualification_(CONMEBOL)","",""
"CONMEBOL_M043","CONMEBOL_R1","CONMEBOL","CONMEBOL_TABLE","","43","","BRA","Brazil","BRA","BR","3","VEN","Venezuela","VEN","VE","57","1","1","FALSE","","","Date/venue not populated; score captured from final CONMEBOL standings matrix.","","","Wikipedia","https://en.wikipedia.org/wiki/2026_FIFA_World_Cup_qualification_(CONMEBOL)","",""
"CONMEBOL_M044","CONMEBOL_R1","CONMEBOL","CONMEBOL_TABLE","","44","","BRA","Brazil","BRA","BR","3","PER","Peru","PER","PE","21","4","0","FALSE","","BRA","Date/venue not populated; score captured from final CONMEBOL standings matrix.","","","Wikipedia","https://en.wikipedia.org/wiki/2026_FIFA_World_Cup_qualification_(CONMEBOL)","",""
"CONMEBOL_M045","CONMEBOL_R1","CONMEBOL","CONMEBOL_TABLE","","45","","BRA","Brazil","BRA","BR","3","CHI","Chile","CHI","CL","32","3","0","FALSE","","BRA","Date/venue not populated; score captured from final CONMEBOL standings matrix.","","","Wikipedia","https://en.wikipedia.org/wiki/2026_FIFA_World_Cup_qualification_(CONMEBOL)","",""
"CONMEBOL_M046","CONMEBOL_R1","CONMEBOL","CONMEBOL_TABLE","","46","","PAR","Paraguay","PAR","PY","49","ARG","Argentina","ARG","AR","1","2","1","FALSE","","PAR","Date/venue not populated; score captured from final CONMEBOL standings matrix.","","","Wikipedia","https://en.wikipedia.org/wiki/2026_FIFA_World_Cup_qualification_(CONMEBOL)","",""
"CONMEBOL_M047","CONMEBOL_R1","CONMEBOL","CONMEBOL_TABLE","","47","","PAR","Paraguay","PAR","PY","49","ECU","Ecuador","ECU","EC","40","0","0","FALSE","","","Date/venue not populated; score captured from final CONMEBOL standings matrix.","","","Wikipedia","https://en.wikipedia.org/wiki/2026_FIFA_World_Cup_qualification_(CONMEBOL)","",""
"CONMEBOL_M048","CONMEBOL_R1","CONMEBOL","CONMEBOL_TABLE","","48","","PAR","Paraguay","PAR","PY","49","COL","Colombia","COL","CO","17","0","1","FALSE","","COL","Date/venue not populated; score captured from final CONMEBOL standings matrix.","","","Wikipedia","https://en.wikipedia.org/wiki/2026_FIFA_World_Cup_qualification_(CONMEBOL)","",""
"CONMEBOL_M049","CONMEBOL_R1","CONMEBOL","CONMEBOL_TABLE","","49","","PAR","Paraguay","PAR","PY","49","URU","Uruguay","URU","UY","16","2","0","FALSE","","PAR","Date/venue not populated; score captured from final CONMEBOL standings matrix.","","","Wikipedia","https://en.wikipedia.org/wiki/2026_FIFA_World_Cup_qualification_(CONMEBOL)","",""
"CONMEBOL_M050","CONMEBOL_R1","CONMEBOL","CONMEBOL_TABLE","","50","","PAR","Paraguay","PAR","PY","49","BRA","Brazil","BRA","BR","3","1","0","FALSE","","PAR","Date/venue not populated; score captured from final CONMEBOL standings matrix.","","","Wikipedia","https://en.wikipedia.org/wiki/2026_FIFA_World_Cup_qualification_(CONMEBOL)","",""
"CONMEBOL_M051","CONMEBOL_R1","CONMEBOL","CONMEBOL_TABLE","","51","","PAR","Paraguay","PAR","PY","49","BOL","Bolivia","BOL","BO","83","1","0","FALSE","","PAR","Date/venue not populated; score captured from final CONMEBOL standings matrix.","","","Wikipedia","https://en.wikipedia.org/wiki/2026_FIFA_World_Cup_qualification_(CONMEBOL)","",""
"CONMEBOL_M052","CONMEBOL_R1","CONMEBOL","CONMEBOL_TABLE","","52","","PAR","Paraguay","PAR","PY","49","VEN","Venezuela","VEN","VE","57","2","1","FALSE","","PAR","Date/venue not populated; score captured from final CONMEBOL standings matrix.","","","Wikipedia","https://en.wikipedia.org/wiki/2026_FIFA_World_Cup_qualification_(CONMEBOL)","",""
"CONMEBOL_M053","CONMEBOL_R1","CONMEBOL","CONMEBOL_TABLE","","53","","PAR","Paraguay","PAR","PY","49","PER","Peru","PER","PE","21","0","0","FALSE","","","Date/venue not populated; score captured from final CONMEBOL standings matrix.","","","Wikipedia","https://en.wikipedia.org/wiki/2026_FIFA_World_Cup_qualification_(CONMEBOL)","",""
"CONMEBOL_M054","CONMEBOL_R1","CONMEBOL","CONMEBOL_TABLE","","54","","PAR","Paraguay","PAR","PY","49","CHI","Chile","CHI","CL","32","1","0","FALSE","","PAR","Date/venue not populated; score captured from final CONMEBOL standings matrix.","","","Wikipedia","https://en.wikipedia.org/wiki/2026_FIFA_World_Cup_qualification_(CONMEBOL)","",""
"CONMEBOL_M055","CONMEBOL_R1","CONMEBOL","CONMEBOL_TABLE","","55","","BOL","Bolivia","BOL","BO","83","ARG","Argentina","ARG","AR","1","0","3","FALSE","","ARG","Date/venue not populated; score captured from final CONMEBOL standings matrix.","","","Wikipedia","https://en.wikipedia.org/wiki/2026_FIFA_World_Cup_qualification_(CONMEBOL)","",""
"CONMEBOL_M056","CONMEBOL_R1","CONMEBOL","CONMEBOL_TABLE","","56","","BOL","Bolivia","BOL","BO","83","ECU","Ecuador","ECU","EC","40","1","2","FALSE","","ECU","Date/venue not populated; score captured from final CONMEBOL standings matrix.","","","Wikipedia","https://en.wikipedia.org/wiki/2026_FIFA_World_Cup_qualification_(CONMEBOL)","",""
"CONMEBOL_M057","CONMEBOL_R1","CONMEBOL","CONMEBOL_TABLE","","57","","BOL","Bolivia","BOL","BO","83","COL","Colombia","COL","CO","17","1","0","FALSE","","BOL","Date/venue not populated; score captured from final CONMEBOL standings matrix.","","","Wikipedia","https://en.wikipedia.org/wiki/2026_FIFA_World_Cup_qualification_(CONMEBOL)","",""
"CONMEBOL_M058","CONMEBOL_R1","CONMEBOL","CONMEBOL_TABLE","","58","","BOL","Bolivia","BOL","BO","83","URU","Uruguay","URU","UY","16","0","0","FALSE","","","Date/venue not populated; score captured from final CONMEBOL standings matrix.","","","Wikipedia","https://en.wikipedia.org/wiki/2026_FIFA_World_Cup_qualification_(CONMEBOL)","",""
"CONMEBOL_M059","CONMEBOL_R1","CONMEBOL","CONMEBOL_TABLE","","59","","BOL","Bolivia","BOL","BO","83","BRA","Brazil","BRA","BR","3","1","0","FALSE","","BOL","Date/venue not populated; score captured from final CONMEBOL standings matrix.","","","Wikipedia","https://en.wikipedia.org/wiki/2026_FIFA_World_Cup_qualification_(CONMEBOL)","",""
"CONMEBOL_M060","CONMEBOL_R1","CONMEBOL","CONMEBOL_TABLE","","60","","BOL","Bolivia","BOL","BO","83","PAR","Paraguay","PAR","PY","49","2","2","FALSE","","","Date/venue not populated; score captured from final CONMEBOL standings matrix.","","","Wikipedia","https://en.wikipedia.org/wiki/2026_FIFA_World_Cup_qualification_(CONMEBOL)","",""
"CONMEBOL_M061","CONMEBOL_R1","CONMEBOL","CONMEBOL_TABLE","","61","","BOL","Bolivia","BOL","BO","83","VEN","Venezuela","VEN","VE","57","4","0","FALSE","","BOL","Date/venue not populated; score captured from final CONMEBOL standings matrix.","","","Wikipedia","https://en.wikipedia.org/wiki/2026_FIFA_World_Cup_qualification_(CONMEBOL)","",""
"CONMEBOL_M062","CONMEBOL_R1","CONMEBOL","CONMEBOL_TABLE","","62","","BOL","Bolivia","BOL","BO","83","PER","Peru","PER","PE","21","2","0","FALSE","","BOL","Date/venue not populated; score captured from final CONMEBOL standings matrix.","","","Wikipedia","https://en.wikipedia.org/wiki/2026_FIFA_World_Cup_qualification_(CONMEBOL)","",""
"CONMEBOL_M063","CONMEBOL_R1","CONMEBOL","CONMEBOL_TABLE","","63","","BOL","Bolivia","BOL","BO","83","CHI","Chile","CHI","CL","32","2","0","FALSE","","BOL","Date/venue not populated; score captured from final CONMEBOL standings matrix.","","","Wikipedia","https://en.wikipedia.org/wiki/2026_FIFA_World_Cup_qualification_(CONMEBOL)","",""
"CONMEBOL_M064","CONMEBOL_R1","CONMEBOL","CONMEBOL_TABLE","","64","","VEN","Venezuela","VEN","VE","57","ARG","Argentina","ARG","AR","1","1","1","FALSE","","","Date/venue not populated; score captured from final CONMEBOL standings matrix.","","","Wikipedia","https://en.wikipedia.org/wiki/2026_FIFA_World_Cup_qualification_(CONMEBOL)","",""
"CONMEBOL_M065","CONMEBOL_R1","CONMEBOL","CONMEBOL_TABLE","","65","","VEN","Venezuela","VEN","VE","57","ECU","Ecuador","ECU","EC","40","0","0","FALSE","","","Date/venue not populated; score captured from final CONMEBOL standings matrix.","","","Wikipedia","https://en.wikipedia.org/wiki/2026_FIFA_World_Cup_qualification_(CONMEBOL)","",""
"CONMEBOL_M066","CONMEBOL_R1","CONMEBOL","CONMEBOL_TABLE","","66","","VEN","Venezuela","VEN","VE","57","COL","Colombia","COL","CO","17","3","6","FALSE","","COL","Date/venue not populated; score captured from final CONMEBOL standings matrix.","","","Wikipedia","https://en.wikipedia.org/wiki/2026_FIFA_World_Cup_qualification_(CONMEBOL)","",""
"CONMEBOL_M067","CONMEBOL_R1","CONMEBOL","CONMEBOL_TABLE","","67","","VEN","Venezuela","VEN","VE","57","URU","Uruguay","URU","UY","16","0","0","FALSE","","","Date/venue not populated; score captured from final CONMEBOL standings matrix.","","","Wikipedia","https://en.wikipedia.org/wiki/2026_FIFA_World_Cup_qualification_(CONMEBOL)","",""
"CONMEBOL_M068","CONMEBOL_R1","CONMEBOL","CONMEBOL_TABLE","","68","","VEN","Venezuela","VEN","VE","57","BRA","Brazil","BRA","BR","3","1","1","FALSE","","","Date/venue not populated; score captured from final CONMEBOL standings matrix.","","","Wikipedia","https://en.wikipedia.org/wiki/2026_FIFA_World_Cup_qualification_(CONMEBOL)","",""
"CONMEBOL_M069","CONMEBOL_R1","CONMEBOL","CONMEBOL_TABLE","","69","","VEN","Venezuela","VEN","VE","57","PAR","Paraguay","PAR","PY","49","1","0","FALSE","","VEN","Date/venue not populated; score captured from final CONMEBOL standings matrix.","","","Wikipedia","https://en.wikipedia.org/wiki/2026_FIFA_World_Cup_qualification_(CONMEBOL)","",""
"CONMEBOL_M070","CONMEBOL_R1","CONMEBOL","CONMEBOL_TABLE","","70","","VEN","Venezuela","VEN","VE","57","BOL","Bolivia","BOL","BO","83","2","0","FALSE","","VEN","Date/venue not populated; score captured from final CONMEBOL standings matrix.","","","Wikipedia","https://en.wikipedia.org/wiki/2026_FIFA_World_Cup_qualification_(CONMEBOL)","",""
"CONMEBOL_M071","CONMEBOL_R1","CONMEBOL","CONMEBOL_TABLE","","71","","VEN","Venezuela","VEN","VE","57","PER","Peru","PER","PE","21","1","0","FALSE","","VEN","Date/venue not populated; score captured from final CONMEBOL standings matrix.","","","Wikipedia","https://en.wikipedia.org/wiki/2026_FIFA_World_Cup_qualification_(CONMEBOL)","",""
"CONMEBOL_M072","CONMEBOL_R1","CONMEBOL","CONMEBOL_TABLE","","72","","VEN","Venezuela","VEN","VE","57","CHI","Chile","CHI","CL","32","3","0","FALSE","","VEN","Date/venue not populated; score captured from final CONMEBOL standings matrix.","","","Wikipedia","https://en.wikipedia.org/wiki/2026_FIFA_World_Cup_qualification_(CONMEBOL)","",""
"CONMEBOL_M073","CONMEBOL_R1","CONMEBOL","CONMEBOL_TABLE","","73","","PER","Peru","PER","PE","21","ARG","Argentina","ARG","AR","1","0","2","FALSE","","ARG","Date/venue not populated; score captured from final CONMEBOL standings matrix.","","","Wikipedia","https://en.wikipedia.org/wiki/2026_FIFA_World_Cup_qualification_(CONMEBOL)","",""
"CONMEBOL_M074","CONMEBOL_R1","CONMEBOL","CONMEBOL_TABLE","","74","","PER","Peru","PER","PE","21","ECU","Ecuador","ECU","EC","40","0","0","FALSE","","","Date/venue not populated; score captured from final CONMEBOL standings matrix.","","","Wikipedia","https://en.wikipedia.org/wiki/2026_FIFA_World_Cup_qualification_(CONMEBOL)","",""
"CONMEBOL_M075","CONMEBOL_R1","CONMEBOL","CONMEBOL_TABLE","","75","","PER","Peru","PER","PE","21","COL","Colombia","COL","CO","17","1","1","FALSE","","","Date/venue not populated; score captured from final CONMEBOL standings matrix.","","","Wikipedia","https://en.wikipedia.org/wiki/2026_FIFA_World_Cup_qualification_(CONMEBOL)","",""
"CONMEBOL_M076","CONMEBOL_R1","CONMEBOL","CONMEBOL_TABLE","","76","","PER","Peru","PER","PE","21","URU","Uruguay","URU","UY","16","1","0","FALSE","","PER","Date/venue not populated; score captured from final CONMEBOL standings matrix.","","","Wikipedia","https://en.wikipedia.org/wiki/2026_FIFA_World_Cup_qualification_(CONMEBOL)","",""
"CONMEBOL_M077","CONMEBOL_R1","CONMEBOL","CONMEBOL_TABLE","","77","","PER","Peru","PER","PE","21","BRA","Brazil","BRA","BR","3","0","1","FALSE","","BRA","Date/venue not populated; score captured from final CONMEBOL standings matrix.","","","Wikipedia","https://en.wikipedia.org/wiki/2026_FIFA_World_Cup_qualification_(CONMEBOL)","",""
"CONMEBOL_M078","CONMEBOL_R1","CONMEBOL","CONMEBOL_TABLE","","78","","PER","Peru","PER","PE","21","PAR","Paraguay","PAR","PY","49","0","1","FALSE","","PAR","Date/venue not populated; score captured from final CONMEBOL standings matrix.","","","Wikipedia","https://en.wikipedia.org/wiki/2026_FIFA_World_Cup_qualification_(CONMEBOL)","",""
"CONMEBOL_M079","CONMEBOL_R1","CONMEBOL","CONMEBOL_TABLE","","79","","PER","Peru","PER","PE","21","BOL","Bolivia","BOL","BO","83","3","1","FALSE","","PER","Date/venue not populated; score captured from final CONMEBOL standings matrix.","","","Wikipedia","https://en.wikipedia.org/wiki/2026_FIFA_World_Cup_qualification_(CONMEBOL)","",""
"CONMEBOL_M080","CONMEBOL_R1","CONMEBOL","CONMEBOL_TABLE","","80","","PER","Peru","PER","PE","21","VEN","Venezuela","VEN","VE","57","1","1","FALSE","","","Date/venue not populated; score captured from final CONMEBOL standings matrix.","","","Wikipedia","https://en.wikipedia.org/wiki/2026_FIFA_World_Cup_qualification_(CONMEBOL)","",""
"CONMEBOL_M081","CONMEBOL_R1","CONMEBOL","CONMEBOL_TABLE","","81","","PER","Peru","PER","PE","21","CHI","Chile","CHI","CL","32","0","0","FALSE","","","Date/venue not populated; score captured from final CONMEBOL standings matrix.","","","Wikipedia","https://en.wikipedia.org/wiki/2026_FIFA_World_Cup_qualification_(CONMEBOL)","",""
"CONMEBOL_M082","CONMEBOL_R1","CONMEBOL","CONMEBOL_TABLE","","82","","CHI","Chile","CHI","CL","32","ARG","Argentina","ARG","AR","1","0","1","FALSE","","ARG","Date/venue not populated; score captured from final CONMEBOL standings matrix.","","","Wikipedia","https://en.wikipedia.org/wiki/2026_FIFA_World_Cup_qualification_(CONMEBOL)","",""
"CONMEBOL_M083","CONMEBOL_R1","CONMEBOL","CONMEBOL_TABLE","","83","","CHI","Chile","CHI","CL","32","ECU","Ecuador","ECU","EC","40","0","0","FALSE","","","Date/venue not populated; score captured from final CONMEBOL standings matrix.","","","Wikipedia","https://en.wikipedia.org/wiki/2026_FIFA_World_Cup_qualification_(CONMEBOL)","",""
"CONMEBOL_M084","CONMEBOL_R1","CONMEBOL","CONMEBOL_TABLE","","84","","CHI","Chile","CHI","CL","32","COL","Colombia","COL","CO","17","0","0","FALSE","","","Date/venue not populated; score captured from final CONMEBOL standings matrix.","","","Wikipedia","https://en.wikipedia.org/wiki/2026_FIFA_World_Cup_qualification_(CONMEBOL)","",""
"CONMEBOL_M085","CONMEBOL_R1","CONMEBOL","CONMEBOL_TABLE","","85","","CHI","Chile","CHI","CL","32","URU","Uruguay","URU","UY","16","0","0","FALSE","","","Date/venue not populated; score captured from final CONMEBOL standings matrix.","","","Wikipedia","https://en.wikipedia.org/wiki/2026_FIFA_World_Cup_qualification_(CONMEBOL)","",""
"CONMEBOL_M086","CONMEBOL_R1","CONMEBOL","CONMEBOL_TABLE","","86","","CHI","Chile","CHI","CL","32","BRA","Brazil","BRA","BR","3","1","2","FALSE","","BRA","Date/venue not populated; score captured from final CONMEBOL standings matrix.","","","Wikipedia","https://en.wikipedia.org/wiki/2026_FIFA_World_Cup_qualification_(CONMEBOL)","",""
"CONMEBOL_M087","CONMEBOL_R1","CONMEBOL","CONMEBOL_TABLE","","87","","CHI","Chile","CHI","CL","32","PAR","Paraguay","PAR","PY","49","0","0","FALSE","","","Date/venue not populated; score captured from final CONMEBOL standings matrix.","","","Wikipedia","https://en.wikipedia.org/wiki/2026_FIFA_World_Cup_qualification_(CONMEBOL)","",""
"CONMEBOL_M088","CONMEBOL_R1","CONMEBOL","CONMEBOL_TABLE","","88","","CHI","Chile","CHI","CL","32","BOL","Bolivia","BOL","BO","83","1","2","FALSE","","BOL","Date/venue not populated; score captured from final CONMEBOL standings matrix.","","","Wikipedia","https://en.wikipedia.org/wiki/2026_FIFA_World_Cup_qualification_(CONMEBOL)","",""
"CONMEBOL_M089","CONMEBOL_R1","CONMEBOL","CONMEBOL_TABLE","","89","","CHI","Chile","CHI","CL","32","VEN","Venezuela","VEN","VE","57","4","2","FALSE","","CHI","Date/venue not populated; score captured from final CONMEBOL standings matrix.","","","Wikipedia","https://en.wikipedia.org/wiki/2026_FIFA_World_Cup_qualification_(CONMEBOL)","",""
"CONMEBOL_M090","CONMEBOL_R1","CONMEBOL","CONMEBOL_TABLE","","90","","CHI","Chile","CHI","CL","32","PER","Peru","PER","PE","21","2","0","FALSE","","CHI","Date/venue not populated; score captured from final CONMEBOL standings matrix.","","","Wikipedia","https://en.wikipedia.org/wiki/2026_FIFA_World_Cup_qualification_(CONMEBOL)","",""
"ICPO_SF1","CONMEBOL_ICPO","CONMEBOL","","ICPO_PATH_A","91","2026-03-26","BOL","Bolivia","BOL","BO","83","SUR","Suriname","SUR","SR","","2","1","FALSE","","BOL","Inter-confederation playoff semi-final; Bolivia advanced.","","","Wikipedia","https://en.wikipedia.org/wiki/2026_FIFA_World_Cup_qualification_(CONMEBOL)","",""
"ICPO_FINAL_A","CONMEBOL_ICPO","CONMEBOL","","ICPO_PATH_A","92","2026-03-31","IRQ","Iraq","IRQ","IQ","","BOL","Bolivia","BOL","BO","83","2","1","FALSE","","IRQ","Inter-confederation playoff final; Bolivia eliminated and Iraq qualified.","","","Wikipedia","https://en.wikipedia.org/wiki/2026_FIFA_World_Cup_qualification_(CONMEBOL)","",""
"ofc_r1_m1","ofc_r1","OFC","","ofc_r1_bracket","1","2024-09-06","ofc_cok","Cook Islands","COK","CK","186","ofc_tga","Tonga","TGA","TO","200","1","3","","","ofc_tga","Tonga advanced to Round One final.","","","OFC Round One","https://www.oceaniafootball.com/fifa-world-cup-2026-oceania-qualifiers/","Samoa Football HQ - Field 1, Apia","Round One semifinal"
"ofc_r1_m2","ofc_r1","OFC","","ofc_r1_bracket","2","2024-09-06","ofc_asa","American Samoa","ASA","AS","187","ofc_sam","Samoa","SAM","WS","192","0","2","","","ofc_sam","Samoa advanced to Round One final.","","","OFC Round One","https://www.oceaniafootball.com/fifa-world-cup-2026-oceania-qualifiers/","Samoa Football HQ - Field 1, Apia","Round One semifinal"
"ofc_r1_m3","ofc_r1","OFC","","ofc_r1_bracket","3","2024-09-09","ofc_tga","Tonga","TGA","TO","200","ofc_sam","Samoa","SAM","WS","192","1","2","a.e.t.","","ofc_sam","Samoa advanced to Round Two after extra time.","","","OFC Round One","https://www.oceaniafootball.com/fifa-world-cup-2026-oceania-qualifiers/","Samoa Football HQ - Field 1, Apia","Round One final"
"ofc_r2_a_m1","ofc_r2","OFC","ofc_r2_a","","1","2024-10-10","ofc_ncl","New Caledonia","NCL","NC","160","ofc_png","Papua New Guinea","PNG","PG","168","3","1","","","ofc_ncl","","","","OFC Round Two","https://www.oceaniafootball.com/fifa-world-cup-2026-oceania-qualifiers-round-two/","HFC Bank Stadium, Suva","Group A"
"ofc_r2_a_m2","ofc_r2","OFC","ofc_r2_a","","2","2024-10-10","ofc_sol","Solomon Islands","SOL","SB","141","ofc_fij","Fiji","FIJ","FJ","153","0","1","","","ofc_fij","","","","OFC Round Two","https://www.oceaniafootball.com/fifa-world-cup-2026-oceania-qualifiers-round-two/","HFC Bank Stadium, Suva","Group A"
"ofc_r2_a_m3","ofc_r2","OFC","ofc_r2_a","","3","2024-11-14","ofc_sol","Solomon Islands","SOL","SB","141","ofc_ncl","New Caledonia","NCL","NC","160","2","3","","","ofc_ncl","","","","OFC Round Two","https://www.oceaniafootball.com/fifa-world-cup-2026-oceania-qualifiers-round-two/","PNG Football Stadium, Port Moresby","Group A"
"ofc_r2_a_m4","ofc_r2","OFC","ofc_r2_a","","4","2024-11-14","ofc_png","Papua New Guinea","PNG","PG","168","ofc_fij","Fiji","FIJ","FJ","153","3","3","","","","Draw.","","","OFC Round Two","https://www.oceaniafootball.com/fifa-world-cup-2026-oceania-qualifiers-round-two/","PNG Football Stadium, Port Moresby","Group A"
"ofc_r2_a_m5","ofc_r2","OFC","ofc_r2_a","","5","2024-11-17","ofc_fij","Fiji","FIJ","FJ","153","ofc_ncl","New Caledonia","NCL","NC","160","1","1","","","","Draw.","","","OFC Round Two","https://www.oceaniafootball.com/fifa-world-cup-2026-oceania-qualifiers-round-two/","PNG Football Stadium, Port Moresby","Group A"
"ofc_r2_a_m6","ofc_r2","OFC","ofc_r2_a","","6","2024-11-17","ofc_png","Papua New Guinea","PNG","PG","168","ofc_sol","Solomon Islands","SOL","SB","141","1","2","","","ofc_sol","","","","OFC Round Two","https://www.oceaniafootball.com/fifa-world-cup-2026-oceania-qualifiers-round-two/","PNG Football Stadium, Port Moresby","Group A"
"ofc_r2_b_m1","ofc_r2","OFC","ofc_r2_b","","7","2024-10-11","ofc_nzl","New Zealand","NZL","NZ","94","ofc_tah","Tahiti","TAH","PF","158","3","0","","","ofc_nzl","","","","OFC Round Two","https://www.oceaniafootball.com/fifa-world-cup-2026-oceania-qualifiers-round-two/","VFF Freshwater Stadium, Port Vila","Group B"
"ofc_r2_b_m2","ofc_r2","OFC","ofc_r2_b","","8","2024-10-12","ofc_van","Vanuatu","VAN","VU","162","ofc_sam","Samoa","SAM","WS","192","4","1","","","ofc_van","","","","OFC Round Two","https://www.oceaniafootball.com/fifa-world-cup-2026-oceania-qualifiers-round-two/","VFF Freshwater Stadium, Port Vila","Group B"
"ofc_r2_b_m3","ofc_r2","OFC","ofc_r2_b","","9","2024-11-15","ofc_sam","Samoa","SAM","WS","192","ofc_tah","Tahiti","TAH","PF","158","0","3","","","ofc_tah","","","","OFC Round Two","https://www.oceaniafootball.com/fifa-world-cup-2026-oceania-qualifiers-round-two/","FMG Stadium Waikato, Hamilton","Group B"
"ofc_r2_b_m4","ofc_r2","OFC","ofc_r2_b","","10","2024-11-15","ofc_nzl","New Zealand","NZL","NZ","94","ofc_van","Vanuatu","VAN","VU","162","8","1","","","ofc_nzl","","","","OFC Round Two","https://www.oceaniafootball.com/fifa-world-cup-2026-oceania-qualifiers-round-two/","FMG Stadium Waikato, Hamilton","Group B"
"ofc_r2_b_m5","ofc_r2","OFC","ofc_r2_b","","11","2024-11-18","ofc_tah","Tahiti","TAH","PF","158","ofc_van","Vanuatu","VAN","VU","162","2","0","","","ofc_tah","","","","OFC Round Two","https://www.oceaniafootball.com/fifa-world-cup-2026-oceania-qualifiers-round-two/","Go Media Stadium, Auckland","Group B"
"ofc_r2_b_m6","ofc_r2","OFC","ofc_r2_b","","12","2024-11-18","ofc_sam","Samoa","SAM","WS","192","ofc_nzl","New Zealand","NZL","NZ","94","0","8","","","ofc_nzl","","","","OFC Round Two","https://www.oceaniafootball.com/fifa-world-cup-2026-oceania-qualifiers-round-two/","Go Media Stadium, Auckland","Group B"
"ofc_r3_sf1","ofc_r3","OFC","","ofc_r3_bracket","1","2025-03-21","ofc_ncl","New Caledonia","NCL","NC","160","ofc_tah","Tahiti","TAH","PF","158","3","0","","","ofc_ncl","New Caledonia advanced to OFC final.","","","OFC Round Three","https://www.oceaniafootball.com/fifa-world-cup-26-oceania-qualifiers-round-three/","Sky Stadium, Wellington","Third Round semifinal"
"ofc_r3_sf2","ofc_r3","OFC","","ofc_r3_bracket","2","2025-03-21","ofc_nzl","New Zealand","NZL","NZ","94","ofc_fij","Fiji","FIJ","FJ","153","7","0","","","ofc_nzl","New Zealand advanced to OFC final.","","","OFC Round Three","https://www.oceaniafootball.com/fifa-world-cup-26-oceania-qualifiers-round-three/","Sky Stadium, Wellington","Third Round semifinal"
"ofc_r3_final","ofc_r3","OFC","","ofc_r3_bracket","3","2025-03-24","ofc_ncl","New Caledonia","NCL","NC","160","ofc_nzl","New Zealand","NZL","NZ","94","0","3","","","ofc_nzl","New Zealand qualified directly for the 2026 World Cup; New Caledonia advanced to the inter-confederation playoff.","","","OFC Round Three","https://www.oceaniafootball.com/fifa-world-cup-26-oceania-qualifiers-round-three/","Eden Park, Auckland","Third Round final"
"ofc_icp_sf","ofc_icp","OFC","","ofc_icp_bracket","1","2026-03-26","ofc_ncl","New Caledonia","NCL","NC","160","","Jamaica","","","","0","1","","","","New Caledonia eliminated from 2026 World Cup qualification.","","","OFC Playoff Report","https://www.oceaniafootball.com/brave-new-caledonia-fall-narrowly-in-historic-fifa-world-cup-play-off/","Estadio Guadalajara, Zapopan, Mexico","Inter-confederation playoff semifinal"
"UEFA_R1_GA_GER_SVK","UEFA_R1","UEFA","UEFA_GRP_A","","1","","GER","Germany","GER","DE","10","SVK","Slovakia","SVK","SK","41","6","0","","","GER","Group-stage score from final standings matrix; exact date/venue not included in this data pack.","","","FIFA / UEFA standings matrix as mirrored in Wikipedia","https://en.wikipedia.org/wiki/2026_FIFA_World_Cup_qualification_(UEFA)","",""
"UEFA_R1_GA_GER_NIR","UEFA_R1","UEFA","UEFA_GRP_A","","2","","GER","Germany","GER","DE","10","NIR","Northern Ireland","NIR","GB-NIR","71","3","1","","","GER","Group-stage score from final standings matrix; exact date/venue not included in this data pack.","","","FIFA / UEFA standings matrix as mirrored in Wikipedia","https://en.wikipedia.org/wiki/2026_FIFA_World_Cup_qualification_(UEFA)","",""
"UEFA_R1_GA_GER_LUX","UEFA_R1","UEFA","UEFA_GRP_A","","3","","GER","Germany","GER","DE","10","LUX","Luxembourg","LUX","LU","92","4","0","","","GER","Group-stage score from final standings matrix; exact date/venue not included in this data pack.","","","FIFA / UEFA standings matrix as mirrored in Wikipedia","https://en.wikipedia.org/wiki/2026_FIFA_World_Cup_qualification_(UEFA)","",""
"UEFA_R1_GA_SVK_GER","UEFA_R1","UEFA","UEFA_GRP_A","","4","","SVK","Slovakia","SVK","SK","41","GER","Germany","GER","DE","10","2","0","","","SVK","Group-stage score from final standings matrix; exact date/venue not included in this data pack.","","","FIFA / UEFA standings matrix as mirrored in Wikipedia","https://en.wikipedia.org/wiki/2026_FIFA_World_Cup_qualification_(UEFA)","",""
"UEFA_R1_GA_SVK_NIR","UEFA_R1","UEFA","UEFA_GRP_A","","5","","SVK","Slovakia","SVK","SK","41","NIR","Northern Ireland","NIR","GB-NIR","71","1","0","","","SVK","Group-stage score from final standings matrix; exact date/venue not included in this data pack.","","","FIFA / UEFA standings matrix as mirrored in Wikipedia","https://en.wikipedia.org/wiki/2026_FIFA_World_Cup_qualification_(UEFA)","",""
"UEFA_R1_GA_SVK_LUX","UEFA_R1","UEFA","UEFA_GRP_A","","6","","SVK","Slovakia","SVK","SK","41","LUX","Luxembourg","LUX","LU","92","2","0","","","SVK","Group-stage score from final standings matrix; exact date/venue not included in this data pack.","","","FIFA / UEFA standings matrix as mirrored in Wikipedia","https://en.wikipedia.org/wiki/2026_FIFA_World_Cup_qualification_(UEFA)","",""
"UEFA_R1_GA_NIR_GER","UEFA_R1","UEFA","UEFA_GRP_A","","7","","NIR","Northern Ireland","NIR","GB-NIR","71","GER","Germany","GER","DE","10","0","1","","","GER","Group-stage score from final standings matrix; exact date/venue not included in this data pack.","","","FIFA / UEFA standings matrix as mirrored in Wikipedia","https://en.wikipedia.org/wiki/2026_FIFA_World_Cup_qualification_(UEFA)","",""
"UEFA_R1_GA_NIR_SVK","UEFA_R1","UEFA","UEFA_GRP_A","","8","","NIR","Northern Ireland","NIR","GB-NIR","71","SVK","Slovakia","SVK","SK","41","2","0","","","NIR","Group-stage score from final standings matrix; exact date/venue not included in this data pack.","","","FIFA / UEFA standings matrix as mirrored in Wikipedia","https://en.wikipedia.org/wiki/2026_FIFA_World_Cup_qualification_(UEFA)","",""
"UEFA_R1_GA_NIR_LUX","UEFA_R1","UEFA","UEFA_GRP_A","","9","","NIR","Northern Ireland","NIR","GB-NIR","71","LUX","Luxembourg","LUX","LU","92","1","0","","","NIR","Group-stage score from final standings matrix; exact date/venue not included in this data pack.","","","FIFA / UEFA standings matrix as mirrored in Wikipedia","https://en.wikipedia.org/wiki/2026_FIFA_World_Cup_qualification_(UEFA)","",""
"UEFA_R1_GA_LUX_GER","UEFA_R1","UEFA","UEFA_GRP_A","","10","","LUX","Luxembourg","LUX","LU","92","GER","Germany","GER","DE","10","0","2","","","GER","Group-stage score from final standings matrix; exact date/venue not included in this data pack.","","","FIFA / UEFA standings matrix as mirrored in Wikipedia","https://en.wikipedia.org/wiki/2026_FIFA_World_Cup_qualification_(UEFA)","",""
"UEFA_R1_GA_LUX_SVK","UEFA_R1","UEFA","UEFA_GRP_A","","11","","LUX","Luxembourg","LUX","LU","92","SVK","Slovakia","SVK","SK","41","0","1","","","SVK","Group-stage score from final standings matrix; exact date/venue not included in this data pack.","","","FIFA / UEFA standings matrix as mirrored in Wikipedia","https://en.wikipedia.org/wiki/2026_FIFA_World_Cup_qualification_(UEFA)","",""
"UEFA_R1_GA_LUX_NIR","UEFA_R1","UEFA","UEFA_GRP_A","","12","","LUX","Luxembourg","LUX","LU","92","NIR","Northern Ireland","NIR","GB-NIR","71","1","3","","","NIR","Group-stage score from final standings matrix; exact date/venue not included in this data pack.","","","FIFA / UEFA standings matrix as mirrored in Wikipedia","https://en.wikipedia.org/wiki/2026_FIFA_World_Cup_qualification_(UEFA)","",""
"UEFA_R1_GB_SUI_KVX","UEFA_R1","UEFA","UEFA_GRP_B","","13","","SUI","Switzerland","SUI","CH","20","KVX","Kosovo","KVX","XK","99","4","0","","","SUI","Group-stage score from final standings matrix; exact date/venue not included in this data pack.","","","FIFA / UEFA standings matrix as mirrored in Wikipedia","https://en.wikipedia.org/wiki/2026_FIFA_World_Cup_qualification_(UEFA)","",""
"UEFA_R1_GB_SUI_SVN","UEFA_R1","UEFA","UEFA_GRP_B","","14","","SUI","Switzerland","SUI","CH","20","SVN","Slovenia","SVN","SI","55","3","0","","","SUI","Group-stage score from final standings matrix; exact date/venue not included in this data pack.","","","FIFA / UEFA standings matrix as mirrored in Wikipedia","https://en.wikipedia.org/wiki/2026_FIFA_World_Cup_qualification_(UEFA)","",""
"UEFA_R1_GB_SUI_SWE","UEFA_R1","UEFA","UEFA_GRP_B","","15","","SUI","Switzerland","SUI","CH","20","SWE","Sweden","SWE","SE","27","4","1","","","SUI","Group-stage score from final standings matrix; exact date/venue not included in this data pack.","","","FIFA / UEFA standings matrix as mirrored in Wikipedia","https://en.wikipedia.org/wiki/2026_FIFA_World_Cup_qualification_(UEFA)","",""
"UEFA_R1_GB_KVX_SUI","UEFA_R1","UEFA","UEFA_GRP_B","","16","","KVX","Kosovo","KVX","XK","99","SUI","Switzerland","SUI","CH","20","1","1","","","","Group-stage score from final standings matrix; exact date/venue not included in this data pack.","","","FIFA / UEFA standings matrix as mirrored in Wikipedia","https://en.wikipedia.org/wiki/2026_FIFA_World_Cup_qualification_(UEFA)","",""
"UEFA_R1_GB_KVX_SVN","UEFA_R1","UEFA","UEFA_GRP_B","","17","","KVX","Kosovo","KVX","XK","99","SVN","Slovenia","SVN","SI","55","0","0","","","","Group-stage score from final standings matrix; exact date/venue not included in this data pack.","","","FIFA / UEFA standings matrix as mirrored in Wikipedia","https://en.wikipedia.org/wiki/2026_FIFA_World_Cup_qualification_(UEFA)","",""
"UEFA_R1_GB_KVX_SWE","UEFA_R1","UEFA","UEFA_GRP_B","","18","","KVX","Kosovo","KVX","XK","99","SWE","Sweden","SWE","SE","27","2","0","","","KVX","Group-stage score from final standings matrix; exact date/venue not included in this data pack.","","","FIFA / UEFA standings matrix as mirrored in Wikipedia","https://en.wikipedia.org/wiki/2026_FIFA_World_Cup_qualification_(UEFA)","",""
"UEFA_R1_GB_SVN_SUI","UEFA_R1","UEFA","UEFA_GRP_B","","19","","SVN","Slovenia","SVN","SI","55","SUI","Switzerland","SUI","CH","20","0","0","","","","Group-stage score from final standings matrix; exact date/venue not included in this data pack.","","","FIFA / UEFA standings matrix as mirrored in Wikipedia","https://en.wikipedia.org/wiki/2026_FIFA_World_Cup_qualification_(UEFA)","",""
"UEFA_R1_GB_SVN_KVX","UEFA_R1","UEFA","UEFA_GRP_B","","20","","SVN","Slovenia","SVN","SI","55","KVX","Kosovo","KVX","XK","99","0","2","","","KVX","Group-stage score from final standings matrix; exact date/venue not included in this data pack.","","","FIFA / UEFA standings matrix as mirrored in Wikipedia","https://en.wikipedia.org/wiki/2026_FIFA_World_Cup_qualification_(UEFA)","",""
"UEFA_R1_GB_SVN_SWE","UEFA_R1","UEFA","UEFA_GRP_B","","21","","SVN","Slovenia","SVN","SI","55","SWE","Sweden","SWE","SE","27","2","2","","","","Group-stage score from final standings matrix; exact date/venue not included in this data pack.","","","FIFA / UEFA standings matrix as mirrored in Wikipedia","https://en.wikipedia.org/wiki/2026_FIFA_World_Cup_qualification_(UEFA)","",""
"UEFA_R1_GB_SWE_SUI","UEFA_R1","UEFA","UEFA_GRP_B","","22","","SWE","Sweden","SWE","SE","27","SUI","Switzerland","SUI","CH","20","0","2","","","SUI","Group-stage score from final standings matrix; exact date/venue not included in this data pack.","","","FIFA / UEFA standings matrix as mirrored in Wikipedia","https://en.wikipedia.org/wiki/2026_FIFA_World_Cup_qualification_(UEFA)","",""
"UEFA_R1_GB_SWE_KVX","UEFA_R1","UEFA","UEFA_GRP_B","","23","","SWE","Sweden","SWE","SE","27","KVX","Kosovo","KVX","XK","99","0","1","","","KVX","Group-stage score from final standings matrix; exact date/venue not included in this data pack.","","","FIFA / UEFA standings matrix as mirrored in Wikipedia","https://en.wikipedia.org/wiki/2026_FIFA_World_Cup_qualification_(UEFA)","",""
"UEFA_R1_GB_SWE_SVN","UEFA_R1","UEFA","UEFA_GRP_B","","24","","SWE","Sweden","SWE","SE","27","SVN","Slovenia","SVN","SI","55","1","1","","","","Group-stage score from final standings matrix; exact date/venue not included in this data pack.","","","FIFA / UEFA standings matrix as mirrored in Wikipedia","https://en.wikipedia.org/wiki/2026_FIFA_World_Cup_qualification_(UEFA)","",""
"UEFA_R1_GC_SCO_DEN","UEFA_R1","UEFA","UEFA_GRP_C","","25","","SCO","Scotland","SCO","GB-SCT","45","DEN","Denmark","DEN","DK","21","4","2","","","SCO","Group-stage score from final standings matrix; exact date/venue not included in this data pack.","","","FIFA / UEFA standings matrix as mirrored in Wikipedia","https://en.wikipedia.org/wiki/2026_FIFA_World_Cup_qualification_(UEFA)","",""
"UEFA_R1_GC_SCO_GRE","UEFA_R1","UEFA","UEFA_GRP_C","","26","","SCO","Scotland","SCO","GB-SCT","45","GRE","Greece","GRE","GR","39","3","1","","","SCO","Group-stage score from final standings matrix; exact date/venue not included in this data pack.","","","FIFA / UEFA standings matrix as mirrored in Wikipedia","https://en.wikipedia.org/wiki/2026_FIFA_World_Cup_qualification_(UEFA)","",""
"UEFA_R1_GC_SCO_BLR","UEFA_R1","UEFA","UEFA_GRP_C","","27","","SCO","Scotland","SCO","GB-SCT","45","BLR","Belarus","BLR","BY","98","2","1","","","SCO","Group-stage score from final standings matrix; exact date/venue not included in this data pack.","","","FIFA / UEFA standings matrix as mirrored in Wikipedia","https://en.wikipedia.org/wiki/2026_FIFA_World_Cup_qualification_(UEFA)","",""
"UEFA_R1_GC_DEN_SCO","UEFA_R1","UEFA","UEFA_GRP_C","","28","","DEN","Denmark","DEN","DK","21","SCO","Scotland","SCO","GB-SCT","45","0","0","","","","Group-stage score from final standings matrix; exact date/venue not included in this data pack.","","","FIFA / UEFA standings matrix as mirrored in Wikipedia","https://en.wikipedia.org/wiki/2026_FIFA_World_Cup_qualification_(UEFA)","",""
"UEFA_R1_GC_DEN_GRE","UEFA_R1","UEFA","UEFA_GRP_C","","29","","DEN","Denmark","DEN","DK","21","GRE","Greece","GRE","GR","39","3","1","","","DEN","Group-stage score from final standings matrix; exact date/venue not included in this data pack.","","","FIFA / UEFA standings matrix as mirrored in Wikipedia","https://en.wikipedia.org/wiki/2026_FIFA_World_Cup_qualification_(UEFA)","",""
"UEFA_R1_GC_DEN_BLR","UEFA_R1","UEFA","UEFA_GRP_C","","30","","DEN","Denmark","DEN","DK","21","BLR","Belarus","BLR","BY","98","2","2","","","","Group-stage score from final standings matrix; exact date/venue not included in this data pack.","","","FIFA / UEFA standings matrix as mirrored in Wikipedia","https://en.wikipedia.org/wiki/2026_FIFA_World_Cup_qualification_(UEFA)","",""
"UEFA_R1_GC_GRE_SCO","UEFA_R1","UEFA","UEFA_GRP_C","","31","","GRE","Greece","GRE","GR","39","SCO","Scotland","SCO","GB-SCT","45","3","2","","","GRE","Group-stage score from final standings matrix; exact date/venue not included in this data pack.","","","FIFA / UEFA standings matrix as mirrored in Wikipedia","https://en.wikipedia.org/wiki/2026_FIFA_World_Cup_qualification_(UEFA)","",""
"UEFA_R1_GC_GRE_DEN","UEFA_R1","UEFA","UEFA_GRP_C","","32","","GRE","Greece","GRE","GR","39","DEN","Denmark","DEN","DK","21","0","3","","","DEN","Group-stage score from final standings matrix; exact date/venue not included in this data pack.","","","FIFA / UEFA standings matrix as mirrored in Wikipedia","https://en.wikipedia.org/wiki/2026_FIFA_World_Cup_qualification_(UEFA)","",""
"UEFA_R1_GC_GRE_BLR","UEFA_R1","UEFA","UEFA_GRP_C","","33","","GRE","Greece","GRE","GR","39","BLR","Belarus","BLR","BY","98","5","1","","","GRE","Group-stage score from final standings matrix; exact date/venue not included in this data pack.","","","FIFA / UEFA standings matrix as mirrored in Wikipedia","https://en.wikipedia.org/wiki/2026_FIFA_World_Cup_qualification_(UEFA)","",""
"UEFA_R1_GC_BLR_SCO","UEFA_R1","UEFA","UEFA_GRP_C","","34","","BLR","Belarus","BLR","BY","98","SCO","Scotland","SCO","GB-SCT","45","0","2","","","SCO","Group-stage score from final standings matrix; exact date/venue not included in this data pack.","","","FIFA / UEFA standings matrix as mirrored in Wikipedia","https://en.wikipedia.org/wiki/2026_FIFA_World_Cup_qualification_(UEFA)","",""
"UEFA_R1_GC_BLR_DEN","UEFA_R1","UEFA","UEFA_GRP_C","","35","","BLR","Belarus","BLR","BY","98","DEN","Denmark","DEN","DK","21","0","6","","","DEN","Group-stage score from final standings matrix; exact date/venue not included in this data pack.","","","FIFA / UEFA standings matrix as mirrored in Wikipedia","https://en.wikipedia.org/wiki/2026_FIFA_World_Cup_qualification_(UEFA)","",""
"UEFA_R1_GC_BLR_GRE","UEFA_R1","UEFA","UEFA_GRP_C","","36","","BLR","Belarus","BLR","BY","98","GRE","Greece","GRE","GR","39","0","0","","","","Group-stage score from final standings matrix; exact date/venue not included in this data pack.","","","FIFA / UEFA standings matrix as mirrored in Wikipedia","https://en.wikipedia.org/wiki/2026_FIFA_World_Cup_qualification_(UEFA)","",""
"UEFA_R1_GD_FRA_UKR","UEFA_R1","UEFA","UEFA_GRP_D","","37","","FRA","France","FRA","FR","2","UKR","Ukraine","UKR","UA","25","4","0","","","FRA","Group-stage score from final standings matrix; exact date/venue not included in this data pack.","","","FIFA / UEFA standings matrix as mirrored in Wikipedia","https://en.wikipedia.org/wiki/2026_FIFA_World_Cup_qualification_(UEFA)","",""
"UEFA_R1_GD_FRA_ISL","UEFA_R1","UEFA","UEFA_GRP_D","","38","","FRA","France","FRA","FR","2","ISL","Iceland","ISL","IS","70","2","1","","","FRA","Group-stage score from final standings matrix; exact date/venue not included in this data pack.","","","FIFA / UEFA standings matrix as mirrored in Wikipedia","https://en.wikipedia.org/wiki/2026_FIFA_World_Cup_qualification_(UEFA)","",""
"UEFA_R1_GD_FRA_AZE","UEFA_R1","UEFA","UEFA_GRP_D","","39","","FRA","France","FRA","FR","2","AZE","Azerbaijan","AZE","AZ","117","3","0","","","FRA","Group-stage score from final standings matrix; exact date/venue not included in this data pack.","","","FIFA / UEFA standings matrix as mirrored in Wikipedia","https://en.wikipedia.org/wiki/2026_FIFA_World_Cup_qualification_(UEFA)","",""
"UEFA_R1_GD_UKR_FRA","UEFA_R1","UEFA","UEFA_GRP_D","","40","","UKR","Ukraine","UKR","UA","25","FRA","France","FRA","FR","2","0","2","","","FRA","Group-stage score from final standings matrix; exact date/venue not included in this data pack.","","","FIFA / UEFA standings matrix as mirrored in Wikipedia","https://en.wikipedia.org/wiki/2026_FIFA_World_Cup_qualification_(UEFA)","",""
"UEFA_R1_GD_UKR_ISL","UEFA_R1","UEFA","UEFA_GRP_D","","41","","UKR","Ukraine","UKR","UA","25","ISL","Iceland","ISL","IS","70","2","0","","","UKR","Group-stage score from final standings matrix; exact date/venue not included in this data pack.","","","FIFA / UEFA standings matrix as mirrored in Wikipedia","https://en.wikipedia.org/wiki/2026_FIFA_World_Cup_qualification_(UEFA)","",""
"UEFA_R1_GD_UKR_AZE","UEFA_R1","UEFA","UEFA_GRP_D","","42","","UKR","Ukraine","UKR","UA","25","AZE","Azerbaijan","AZE","AZ","117","2","1","","","UKR","Group-stage score from final standings matrix; exact date/venue not included in this data pack.","","","FIFA / UEFA standings matrix as mirrored in Wikipedia","https://en.wikipedia.org/wiki/2026_FIFA_World_Cup_qualification_(UEFA)","",""
"UEFA_R1_GD_ISL_FRA","UEFA_R1","UEFA","UEFA_GRP_D","","43","","ISL","Iceland","ISL","IS","70","FRA","France","FRA","FR","2","2","2","","","","Group-stage score from final standings matrix; exact date/venue not included in this data pack.","","","FIFA / UEFA standings matrix as mirrored in Wikipedia","https://en.wikipedia.org/wiki/2026_FIFA_World_Cup_qualification_(UEFA)","",""
"UEFA_R1_GD_ISL_UKR","UEFA_R1","UEFA","UEFA_GRP_D","","44","","ISL","Iceland","ISL","IS","70","UKR","Ukraine","UKR","UA","25","3","5","","","UKR","Group-stage score from final standings matrix; exact date/venue not included in this data pack.","","","FIFA / UEFA standings matrix as mirrored in Wikipedia","https://en.wikipedia.org/wiki/2026_FIFA_World_Cup_qualification_(UEFA)","",""
"UEFA_R1_GD_ISL_AZE","UEFA_R1","UEFA","UEFA_GRP_D","","45","","ISL","Iceland","ISL","IS","70","AZE","Azerbaijan","AZE","AZ","117","5","0","","","ISL","Group-stage score from final standings matrix; exact date/venue not included in this data pack.","","","FIFA / UEFA standings matrix as mirrored in Wikipedia","https://en.wikipedia.org/wiki/2026_FIFA_World_Cup_qualification_(UEFA)","",""
"UEFA_R1_GD_AZE_FRA","UEFA_R1","UEFA","UEFA_GRP_D","","46","","AZE","Azerbaijan","AZE","AZ","117","FRA","France","FRA","FR","2","1","3","","","FRA","Group-stage score from final standings matrix; exact date/venue not included in this data pack.","","","FIFA / UEFA standings matrix as mirrored in Wikipedia","https://en.wikipedia.org/wiki/2026_FIFA_World_Cup_qualification_(UEFA)","",""
"UEFA_R1_GD_AZE_UKR","UEFA_R1","UEFA","UEFA_GRP_D","","47","","AZE","Azerbaijan","AZE","AZ","117","UKR","Ukraine","UKR","UA","25","1","1","","","","Group-stage score from final standings matrix; exact date/venue not included in this data pack.","","","FIFA / UEFA standings matrix as mirrored in Wikipedia","https://en.wikipedia.org/wiki/2026_FIFA_World_Cup_qualification_(UEFA)","",""
"UEFA_R1_GD_AZE_ISL","UEFA_R1","UEFA","UEFA_GRP_D","","48","","AZE","Azerbaijan","AZE","AZ","117","ISL","Iceland","ISL","IS","70","0","2","","","ISL","Group-stage score from final standings matrix; exact date/venue not included in this data pack.","","","FIFA / UEFA standings matrix as mirrored in Wikipedia","https://en.wikipedia.org/wiki/2026_FIFA_World_Cup_qualification_(UEFA)","",""
"UEFA_R1_GE_ESP_TUR","UEFA_R1","UEFA","UEFA_GRP_E","","49","","ESP","Spain","ESP","ES","3","TUR","Turkey","TUR","TR","28","2","2","","","","Group-stage score from final standings matrix; exact date/venue not included in this data pack.","","","FIFA / UEFA standings matrix as mirrored in Wikipedia","https://en.wikipedia.org/wiki/2026_FIFA_World_Cup_qualification_(UEFA)","",""
"UEFA_R1_GE_ESP_GEO","UEFA_R1","UEFA","UEFA_GRP_E","","50","","ESP","Spain","ESP","ES","3","GEO","Georgia","GEO","GE","68","2","0","","","ESP","Group-stage score from final standings matrix; exact date/venue not included in this data pack.","","","FIFA / UEFA standings matrix as mirrored in Wikipedia","https://en.wikipedia.org/wiki/2026_FIFA_World_Cup_qualification_(UEFA)","",""
"UEFA_R1_GE_ESP_BUL","UEFA_R1","UEFA","UEFA_GRP_E","","51","","ESP","Spain","ESP","ES","3","BUL","Bulgaria","BUL","BG","82","4","0","","","ESP","Group-stage score from final standings matrix; exact date/venue not included in this data pack.","","","FIFA / UEFA standings matrix as mirrored in Wikipedia","https://en.wikipedia.org/wiki/2026_FIFA_World_Cup_qualification_(UEFA)","",""
"UEFA_R1_GE_TUR_ESP","UEFA_R1","UEFA","UEFA_GRP_E","","52","","TUR","Turkey","TUR","TR","28","ESP","Spain","ESP","ES","3","0","6","","","ESP","Group-stage score from final standings matrix; exact date/venue not included in this data pack.","","","FIFA / UEFA standings matrix as mirrored in Wikipedia","https://en.wikipedia.org/wiki/2026_FIFA_World_Cup_qualification_(UEFA)","",""
"UEFA_R1_GE_TUR_GEO","UEFA_R1","UEFA","UEFA_GRP_E","","53","","TUR","Turkey","TUR","TR","28","GEO","Georgia","GEO","GE","68","4","1","","","TUR","Group-stage score from final standings matrix; exact date/venue not included in this data pack.","","","FIFA / UEFA standings matrix as mirrored in Wikipedia","https://en.wikipedia.org/wiki/2026_FIFA_World_Cup_qualification_(UEFA)","",""
"UEFA_R1_GE_TUR_BUL","UEFA_R1","UEFA","UEFA_GRP_E","","54","","TUR","Turkey","TUR","TR","28","BUL","Bulgaria","BUL","BG","82","2","0","","","TUR","Group-stage score from final standings matrix; exact date/venue not included in this data pack.","","","FIFA / UEFA standings matrix as mirrored in Wikipedia","https://en.wikipedia.org/wiki/2026_FIFA_World_Cup_qualification_(UEFA)","",""
"UEFA_R1_GE_GEO_ESP","UEFA_R1","UEFA","UEFA_GRP_E","","55","","GEO","Georgia","GEO","GE","68","ESP","Spain","ESP","ES","3","0","4","","","ESP","Group-stage score from final standings matrix; exact date/venue not included in this data pack.","","","FIFA / UEFA standings matrix as mirrored in Wikipedia","https://en.wikipedia.org/wiki/2026_FIFA_World_Cup_qualification_(UEFA)","",""
"UEFA_R1_GE_GEO_TUR","UEFA_R1","UEFA","UEFA_GRP_E","","56","","GEO","Georgia","GEO","GE","68","TUR","Turkey","TUR","TR","28","2","3","","","TUR","Group-stage score from final standings matrix; exact date/venue not included in this data pack.","","","FIFA / UEFA standings matrix as mirrored in Wikipedia","https://en.wikipedia.org/wiki/2026_FIFA_World_Cup_qualification_(UEFA)","",""
"UEFA_R1_GE_GEO_BUL","UEFA_R1","UEFA","UEFA_GRP_E","","57","","GEO","Georgia","GEO","GE","68","BUL","Bulgaria","BUL","BG","82","3","0","","","GEO","Group-stage score from final standings matrix; exact date/venue not included in this data pack.","","","FIFA / UEFA standings matrix as mirrored in Wikipedia","https://en.wikipedia.org/wiki/2026_FIFA_World_Cup_qualification_(UEFA)","",""
"UEFA_R1_GE_BUL_ESP","UEFA_R1","UEFA","UEFA_GRP_E","","58","","BUL","Bulgaria","BUL","BG","82","ESP","Spain","ESP","ES","3","0","3","","","ESP","Group-stage score from final standings matrix; exact date/venue not included in this data pack.","","","FIFA / UEFA standings matrix as mirrored in Wikipedia","https://en.wikipedia.org/wiki/2026_FIFA_World_Cup_qualification_(UEFA)","",""
"UEFA_R1_GE_BUL_TUR","UEFA_R1","UEFA","UEFA_GRP_E","","59","","BUL","Bulgaria","BUL","BG","82","TUR","Turkey","TUR","TR","28","1","6","","","TUR","Group-stage score from final standings matrix; exact date/venue not included in this data pack.","","","FIFA / UEFA standings matrix as mirrored in Wikipedia","https://en.wikipedia.org/wiki/2026_FIFA_World_Cup_qualification_(UEFA)","",""
"UEFA_R1_GE_BUL_GEO","UEFA_R1","UEFA","UEFA_GRP_E","","60","","BUL","Bulgaria","BUL","BG","82","GEO","Georgia","GEO","GE","68","2","1","","","BUL","Group-stage score from final standings matrix; exact date/venue not included in this data pack.","","","FIFA / UEFA standings matrix as mirrored in Wikipedia","https://en.wikipedia.org/wiki/2026_FIFA_World_Cup_qualification_(UEFA)","",""
"UEFA_R1_GF_POR_IRL","UEFA_R1","UEFA","UEFA_GRP_F","","61","","POR","Portugal","POR","PT","6","IRL","Republic of Ireland","IRL","IE","60","1","0","","","POR","Group-stage score from final standings matrix; exact date/venue not included in this data pack.","","","FIFA / UEFA standings matrix as mirrored in Wikipedia","https://en.wikipedia.org/wiki/2026_FIFA_World_Cup_qualification_(UEFA)","",""
"UEFA_R1_GF_POR_HUN","UEFA_R1","UEFA","UEFA_GRP_F","","62","","POR","Portugal","POR","PT","6","HUN","Hungary","HUN","HU","30","2","2","","","","Group-stage score from final standings matrix; exact date/venue not included in this data pack.","","","FIFA / UEFA standings matrix as mirrored in Wikipedia","https://en.wikipedia.org/wiki/2026_FIFA_World_Cup_qualification_(UEFA)","",""
"UEFA_R1_GF_POR_ARM","UEFA_R1","UEFA","UEFA_GRP_F","","63","","POR","Portugal","POR","PT","6","ARM","Armenia","ARM","AM","100","9","1","","","POR","Group-stage score from final standings matrix; exact date/venue not included in this data pack.","","","FIFA / UEFA standings matrix as mirrored in Wikipedia","https://en.wikipedia.org/wiki/2026_FIFA_World_Cup_qualification_(UEFA)","",""
"UEFA_R1_GF_IRL_POR","UEFA_R1","UEFA","UEFA_GRP_F","","64","","IRL","Republic of Ireland","IRL","IE","60","POR","Portugal","POR","PT","6","2","0","","","IRL","Group-stage score from final standings matrix; exact date/venue not included in this data pack.","","","FIFA / UEFA standings matrix as mirrored in Wikipedia","https://en.wikipedia.org/wiki/2026_FIFA_World_Cup_qualification_(UEFA)","",""
"UEFA_R1_GF_IRL_HUN","UEFA_R1","UEFA","UEFA_GRP_F","","65","","IRL","Republic of Ireland","IRL","IE","60","HUN","Hungary","HUN","HU","30","2","2","","","","Group-stage score from final standings matrix; exact date/venue not included in this data pack.","","","FIFA / UEFA standings matrix as mirrored in Wikipedia","https://en.wikipedia.org/wiki/2026_FIFA_World_Cup_qualification_(UEFA)","",""
"UEFA_R1_GF_IRL_ARM","UEFA_R1","UEFA","UEFA_GRP_F","","66","","IRL","Republic of Ireland","IRL","IE","60","ARM","Armenia","ARM","AM","100","1","0","","","IRL","Group-stage score from final standings matrix; exact date/venue not included in this data pack.","","","FIFA / UEFA standings matrix as mirrored in Wikipedia","https://en.wikipedia.org/wiki/2026_FIFA_World_Cup_qualification_(UEFA)","",""
"UEFA_R1_GF_HUN_POR","UEFA_R1","UEFA","UEFA_GRP_F","","67","","HUN","Hungary","HUN","HU","30","POR","Portugal","POR","PT","6","2","3","","","POR","Group-stage score from final standings matrix; exact date/venue not included in this data pack.","","","FIFA / UEFA standings matrix as mirrored in Wikipedia","https://en.wikipedia.org/wiki/2026_FIFA_World_Cup_qualification_(UEFA)","",""
"UEFA_R1_GF_HUN_IRL","UEFA_R1","UEFA","UEFA_GRP_F","","68","","HUN","Hungary","HUN","HU","30","IRL","Republic of Ireland","IRL","IE","60","2","3","","","IRL","Group-stage score from final standings matrix; exact date/venue not included in this data pack.","","","FIFA / UEFA standings matrix as mirrored in Wikipedia","https://en.wikipedia.org/wiki/2026_FIFA_World_Cup_qualification_(UEFA)","",""
"UEFA_R1_GF_HUN_ARM","UEFA_R1","UEFA","UEFA_GRP_F","","69","","HUN","Hungary","HUN","HU","30","ARM","Armenia","ARM","AM","100","2","0","","","HUN","Group-stage score from final standings matrix; exact date/venue not included in this data pack.","","","FIFA / UEFA standings matrix as mirrored in Wikipedia","https://en.wikipedia.org/wiki/2026_FIFA_World_Cup_qualification_(UEFA)","",""
"UEFA_R1_GF_ARM_POR","UEFA_R1","UEFA","UEFA_GRP_F","","70","","ARM","Armenia","ARM","AM","100","POR","Portugal","POR","PT","6","0","5","","","POR","Group-stage score from final standings matrix; exact date/venue not included in this data pack.","","","FIFA / UEFA standings matrix as mirrored in Wikipedia","https://en.wikipedia.org/wiki/2026_FIFA_World_Cup_qualification_(UEFA)","",""
"UEFA_R1_GF_ARM_IRL","UEFA_R1","UEFA","UEFA_GRP_F","","71","","ARM","Armenia","ARM","AM","100","IRL","Republic of Ireland","IRL","IE","60","2","1","","","ARM","Group-stage score from final standings matrix; exact date/venue not included in this data pack.","","","FIFA / UEFA standings matrix as mirrored in Wikipedia","https://en.wikipedia.org/wiki/2026_FIFA_World_Cup_qualification_(UEFA)","",""
"UEFA_R1_GF_ARM_HUN","UEFA_R1","UEFA","UEFA_GRP_F","","72","","ARM","Armenia","ARM","AM","100","HUN","Hungary","HUN","HU","30","0","1","","","HUN","Group-stage score from final standings matrix; exact date/venue not included in this data pack.","","","FIFA / UEFA standings matrix as mirrored in Wikipedia","https://en.wikipedia.org/wiki/2026_FIFA_World_Cup_qualification_(UEFA)","",""
"UEFA_R1_GG_NED_POL","UEFA_R1","UEFA","UEFA_GRP_G","","73","","NED","Netherlands","NED","NL","7","POL","Poland","POL","PL","35","1","1","","","","Group-stage score from final standings matrix; exact date/venue not included in this data pack.","","","FIFA / UEFA standings matrix as mirrored in Wikipedia","https://en.wikipedia.org/wiki/2026_FIFA_World_Cup_qualification_(UEFA)","",""
"UEFA_R1_GG_NED_FIN","UEFA_R1","UEFA","UEFA_GRP_G","","74","","NED","Netherlands","NED","NL","7","FIN","Finland","FIN","FI","69","4","0","","","NED","Group-stage score from final standings matrix; exact date/venue not included in this data pack.","","","FIFA / UEFA standings matrix as mirrored in Wikipedia","https://en.wikipedia.org/wiki/2026_FIFA_World_Cup_qualification_(UEFA)","",""
"UEFA_R1_GG_NED_MLT","UEFA_R1","UEFA","UEFA_GRP_G","","75","","NED","Netherlands","NED","NL","7","MLT","Malta","MLT","MT","169","8","0","","","NED","Group-stage score from final standings matrix; exact date/venue not included in this data pack.","","","FIFA / UEFA standings matrix as mirrored in Wikipedia","https://en.wikipedia.org/wiki/2026_FIFA_World_Cup_qualification_(UEFA)","",""
"UEFA_R1_GG_NED_LTU","UEFA_R1","UEFA","UEFA_GRP_G","","76","","NED","Netherlands","NED","NL","7","LTU","Lithuania","LTU","LT","142","4","0","","","NED","Group-stage score from final standings matrix; exact date/venue not included in this data pack.","","","FIFA / UEFA standings matrix as mirrored in Wikipedia","https://en.wikipedia.org/wiki/2026_FIFA_World_Cup_qualification_(UEFA)","",""
"UEFA_R1_GG_POL_NED","UEFA_R1","UEFA","UEFA_GRP_G","","77","","POL","Poland","POL","PL","35","NED","Netherlands","NED","NL","7","1","1","","","","Group-stage score from final standings matrix; exact date/venue not included in this data pack.","","","FIFA / UEFA standings matrix as mirrored in Wikipedia","https://en.wikipedia.org/wiki/2026_FIFA_World_Cup_qualification_(UEFA)","",""
"UEFA_R1_GG_POL_FIN","UEFA_R1","UEFA","UEFA_GRP_G","","78","","POL","Poland","POL","PL","35","FIN","Finland","FIN","FI","69","3","1","","","POL","Group-stage score from final standings matrix; exact date/venue not included in this data pack.","","","FIFA / UEFA standings matrix as mirrored in Wikipedia","https://en.wikipedia.org/wiki/2026_FIFA_World_Cup_qualification_(UEFA)","",""
"UEFA_R1_GG_POL_MLT","UEFA_R1","UEFA","UEFA_GRP_G","","79","","POL","Poland","POL","PL","35","MLT","Malta","MLT","MT","169","2","0","","","POL","Group-stage score from final standings matrix; exact date/venue not included in this data pack.","","","FIFA / UEFA standings matrix as mirrored in Wikipedia","https://en.wikipedia.org/wiki/2026_FIFA_World_Cup_qualification_(UEFA)","",""
"UEFA_R1_GG_POL_LTU","UEFA_R1","UEFA","UEFA_GRP_G","","80","","POL","Poland","POL","PL","35","LTU","Lithuania","LTU","LT","142","1","0","","","POL","Group-stage score from final standings matrix; exact date/venue not included in this data pack.","","","FIFA / UEFA standings matrix as mirrored in Wikipedia","https://en.wikipedia.org/wiki/2026_FIFA_World_Cup_qualification_(UEFA)","",""
"UEFA_R1_GG_FIN_NED","UEFA_R1","UEFA","UEFA_GRP_G","","81","","FIN","Finland","FIN","FI","69","NED","Netherlands","NED","NL","7","0","2","","","NED","Group-stage score from final standings matrix; exact date/venue not included in this data pack.","","","FIFA / UEFA standings matrix as mirrored in Wikipedia","https://en.wikipedia.org/wiki/2026_FIFA_World_Cup_qualification_(UEFA)","",""
"UEFA_R1_GG_FIN_POL","UEFA_R1","UEFA","UEFA_GRP_G","","82","","FIN","Finland","FIN","FI","69","POL","Poland","POL","PL","35","2","1","","","FIN","Group-stage score from final standings matrix; exact date/venue not included in this data pack.","","","FIFA / UEFA standings matrix as mirrored in Wikipedia","https://en.wikipedia.org/wiki/2026_FIFA_World_Cup_qualification_(UEFA)","",""
"UEFA_R1_GG_FIN_MLT","UEFA_R1","UEFA","UEFA_GRP_G","","83","","FIN","Finland","FIN","FI","69","MLT","Malta","MLT","MT","169","0","1","","","MLT","Group-stage score from final standings matrix; exact date/venue not included in this data pack.","","","FIFA / UEFA standings matrix as mirrored in Wikipedia","https://en.wikipedia.org/wiki/2026_FIFA_World_Cup_qualification_(UEFA)","",""
"UEFA_R1_GG_FIN_LTU","UEFA_R1","UEFA","UEFA_GRP_G","","84","","FIN","Finland","FIN","FI","69","LTU","Lithuania","LTU","LT","142","2","1","","","FIN","Group-stage score from final standings matrix; exact date/venue not included in this data pack.","","","FIFA / UEFA standings matrix as mirrored in Wikipedia","https://en.wikipedia.org/wiki/2026_FIFA_World_Cup_qualification_(UEFA)","",""
"UEFA_R1_GG_MLT_NED","UEFA_R1","UEFA","UEFA_GRP_G","","85","","MLT","Malta","MLT","MT","169","NED","Netherlands","NED","NL","7","0","4","","","NED","Group-stage score from final standings matrix; exact date/venue not included in this data pack.","","","FIFA / UEFA standings matrix as mirrored in Wikipedia","https://en.wikipedia.org/wiki/2026_FIFA_World_Cup_qualification_(UEFA)","",""
"UEFA_R1_GG_MLT_POL","UEFA_R1","UEFA","UEFA_GRP_G","","86","","MLT","Malta","MLT","MT","169","POL","Poland","POL","PL","35","2","3","","","POL","Group-stage score from final standings matrix; exact date/venue not included in this data pack.","","","FIFA / UEFA standings matrix as mirrored in Wikipedia","https://en.wikipedia.org/wiki/2026_FIFA_World_Cup_qualification_(UEFA)","",""
"UEFA_R1_GG_MLT_FIN","UEFA_R1","UEFA","UEFA_GRP_G","","87","","MLT","Malta","MLT","MT","169","FIN","Finland","FIN","FI","69","0","1","","","FIN","Group-stage score from final standings matrix; exact date/venue not included in this data pack.","","","FIFA / UEFA standings matrix as mirrored in Wikipedia","https://en.wikipedia.org/wiki/2026_FIFA_World_Cup_qualification_(UEFA)","",""
"UEFA_R1_GG_MLT_LTU","UEFA_R1","UEFA","UEFA_GRP_G","","88","","MLT","Malta","MLT","MT","169","LTU","Lithuania","LTU","LT","142","0","0","","","","Group-stage score from final standings matrix; exact date/venue not included in this data pack.","","","FIFA / UEFA standings matrix as mirrored in Wikipedia","https://en.wikipedia.org/wiki/2026_FIFA_World_Cup_qualification_(UEFA)","",""
"UEFA_R1_GG_LTU_NED","UEFA_R1","UEFA","UEFA_GRP_G","","89","","LTU","Lithuania","LTU","LT","142","NED","Netherlands","NED","NL","7","2","3","","","NED","Group-stage score from final standings matrix; exact date/venue not included in this data pack.","","","FIFA / UEFA standings matrix as mirrored in Wikipedia","https://en.wikipedia.org/wiki/2026_FIFA_World_Cup_qualification_(UEFA)","",""
"UEFA_R1_GG_LTU_POL","UEFA_R1","UEFA","UEFA_GRP_G","","90","","LTU","Lithuania","LTU","LT","142","POL","Poland","POL","PL","35","0","2","","","POL","Group-stage score from final standings matrix; exact date/venue not included in this data pack.","","","FIFA / UEFA standings matrix as mirrored in Wikipedia","https://en.wikipedia.org/wiki/2026_FIFA_World_Cup_qualification_(UEFA)","",""
"UEFA_R1_GG_LTU_FIN","UEFA_R1","UEFA","UEFA_GRP_G","","91","","LTU","Lithuania","LTU","LT","142","FIN","Finland","FIN","FI","69","2","2","","","","Group-stage score from final standings matrix; exact date/venue not included in this data pack.","","","FIFA / UEFA standings matrix as mirrored in Wikipedia","https://en.wikipedia.org/wiki/2026_FIFA_World_Cup_qualification_(UEFA)","",""
"UEFA_R1_GG_LTU_MLT","UEFA_R1","UEFA","UEFA_GRP_G","","92","","LTU","Lithuania","LTU","LT","142","MLT","Malta","MLT","MT","169","1","1","","","","Group-stage score from final standings matrix; exact date/venue not included in this data pack.","","","FIFA / UEFA standings matrix as mirrored in Wikipedia","https://en.wikipedia.org/wiki/2026_FIFA_World_Cup_qualification_(UEFA)","",""
"UEFA_R1_GH_AUT_BIH","UEFA_R1","UEFA","UEFA_GRP_H","","93","","AUT","Austria","AUT","AT","22","BIH","Bosnia and Herzegovina","BIH","BA","74","1","1","","","","Group-stage score from final standings matrix; exact date/venue not included in this data pack.","","","FIFA / UEFA standings matrix as mirrored in Wikipedia","https://en.wikipedia.org/wiki/2026_FIFA_World_Cup_qualification_(UEFA)","",""
"UEFA_R1_GH_AUT_ROU","UEFA_R1","UEFA","UEFA_GRP_H","","94","","AUT","Austria","AUT","AT","22","ROU","Romania","ROU","RO","38","2","1","","","AUT","Group-stage score from final standings matrix; exact date/venue not included in this data pack.","","","FIFA / UEFA standings matrix as mirrored in Wikipedia","https://en.wikipedia.org/wiki/2026_FIFA_World_Cup_qualification_(UEFA)","",""
"UEFA_R1_GH_AUT_CYP","UEFA_R1","UEFA","UEFA_GRP_H","","95","","AUT","Austria","AUT","AT","22","CYP","Cyprus","CYP","CY","130","1","0","","","AUT","Group-stage score from final standings matrix; exact date/venue not included in this data pack.","","","FIFA / UEFA standings matrix as mirrored in Wikipedia","https://en.wikipedia.org/wiki/2026_FIFA_World_Cup_qualification_(UEFA)","",""
"UEFA_R1_GH_AUT_SMR","UEFA_R1","UEFA","UEFA_GRP_H","","96","","AUT","Austria","AUT","AT","22","SMR","San Marino","SMR","SM","210","10","0","","","AUT","Group-stage score from final standings matrix; exact date/venue not included in this data pack.","","","FIFA / UEFA standings matrix as mirrored in Wikipedia","https://en.wikipedia.org/wiki/2026_FIFA_World_Cup_qualification_(UEFA)","",""
"UEFA_R1_GH_BIH_AUT","UEFA_R1","UEFA","UEFA_GRP_H","","97","","BIH","Bosnia and Herzegovina","BIH","BA","74","AUT","Austria","AUT","AT","22","1","2","","","AUT","Group-stage score from final standings matrix; exact date/venue not included in this data pack.","","","FIFA / UEFA standings matrix as mirrored in Wikipedia","https://en.wikipedia.org/wiki/2026_FIFA_World_Cup_qualification_(UEFA)","",""
"UEFA_R1_GH_BIH_ROU","UEFA_R1","UEFA","UEFA_GRP_H","","98","","BIH","Bosnia and Herzegovina","BIH","BA","74","ROU","Romania","ROU","RO","38","3","1","","","BIH","Group-stage score from final standings matrix; exact date/venue not included in this data pack.","","","FIFA / UEFA standings matrix as mirrored in Wikipedia","https://en.wikipedia.org/wiki/2026_FIFA_World_Cup_qualification_(UEFA)","",""
"UEFA_R1_GH_BIH_CYP","UEFA_R1","UEFA","UEFA_GRP_H","","99","","BIH","Bosnia and Herzegovina","BIH","BA","74","CYP","Cyprus","CYP","CY","130","2","1","","","BIH","Group-stage score from final standings matrix; exact date/venue not included in this data pack.","","","FIFA / UEFA standings matrix as mirrored in Wikipedia","https://en.wikipedia.org/wiki/2026_FIFA_World_Cup_qualification_(UEFA)","",""
"UEFA_R1_GH_BIH_SMR","UEFA_R1","UEFA","UEFA_GRP_H","","100","","BIH","Bosnia and Herzegovina","BIH","BA","74","SMR","San Marino","SMR","SM","210","1","0","","","BIH","Group-stage score from final standings matrix; exact date/venue not included in this data pack.","","","FIFA / UEFA standings matrix as mirrored in Wikipedia","https://en.wikipedia.org/wiki/2026_FIFA_World_Cup_qualification_(UEFA)","",""
"UEFA_R1_GH_ROU_AUT","UEFA_R1","UEFA","UEFA_GRP_H","","101","","ROU","Romania","ROU","RO","38","AUT","Austria","AUT","AT","22","1","0","","","ROU","Group-stage score from final standings matrix; exact date/venue not included in this data pack.","","","FIFA / UEFA standings matrix as mirrored in Wikipedia","https://en.wikipedia.org/wiki/2026_FIFA_World_Cup_qualification_(UEFA)","",""
"UEFA_R1_GH_ROU_BIH","UEFA_R1","UEFA","UEFA_GRP_H","","102","","ROU","Romania","ROU","RO","38","BIH","Bosnia and Herzegovina","BIH","BA","74","0","1","","","BIH","Group-stage score from final standings matrix; exact date/venue not included in this data pack.","","","FIFA / UEFA standings matrix as mirrored in Wikipedia","https://en.wikipedia.org/wiki/2026_FIFA_World_Cup_qualification_(UEFA)","",""
"UEFA_R1_GH_ROU_CYP","UEFA_R1","UEFA","UEFA_GRP_H","","103","","ROU","Romania","ROU","RO","38","CYP","Cyprus","CYP","CY","130","2","0","","","ROU","Group-stage score from final standings matrix; exact date/venue not included in this data pack.","","","FIFA / UEFA standings matrix as mirrored in Wikipedia","https://en.wikipedia.org/wiki/2026_FIFA_World_Cup_qualification_(UEFA)","",""
"UEFA_R1_GH_ROU_SMR","UEFA_R1","UEFA","UEFA_GRP_H","","104","","ROU","Romania","ROU","RO","38","SMR","San Marino","SMR","SM","210","7","1","","","ROU","Group-stage score from final standings matrix; exact date/venue not included in this data pack.","","","FIFA / UEFA standings matrix as mirrored in Wikipedia","https://en.wikipedia.org/wiki/2026_FIFA_World_Cup_qualification_(UEFA)","",""
"UEFA_R1_GH_CYP_AUT","UEFA_R1","UEFA","UEFA_GRP_H","","105","","CYP","Cyprus","CYP","CY","130","AUT","Austria","AUT","AT","22","0","2","","","AUT","Group-stage score from final standings matrix; exact date/venue not included in this data pack.","","","FIFA / UEFA standings matrix as mirrored in Wikipedia","https://en.wikipedia.org/wiki/2026_FIFA_World_Cup_qualification_(UEFA)","",""
"UEFA_R1_GH_CYP_BIH","UEFA_R1","UEFA","UEFA_GRP_H","","106","","CYP","Cyprus","CYP","CY","130","BIH","Bosnia and Herzegovina","BIH","BA","74","2","2","","","","Group-stage score from final standings matrix; exact date/venue not included in this data pack.","","","FIFA / UEFA standings matrix as mirrored in Wikipedia","https://en.wikipedia.org/wiki/2026_FIFA_World_Cup_qualification_(UEFA)","",""
"UEFA_R1_GH_CYP_ROU","UEFA_R1","UEFA","UEFA_GRP_H","","107","","CYP","Cyprus","CYP","CY","130","ROU","Romania","ROU","RO","38","2","2","","","","Group-stage score from final standings matrix; exact date/venue not included in this data pack.","","","FIFA / UEFA standings matrix as mirrored in Wikipedia","https://en.wikipedia.org/wiki/2026_FIFA_World_Cup_qualification_(UEFA)","",""
"UEFA_R1_GH_CYP_SMR","UEFA_R1","UEFA","UEFA_GRP_H","","108","","CYP","Cyprus","CYP","CY","130","SMR","San Marino","SMR","SM","210","2","0","","","CYP","Group-stage score from final standings matrix; exact date/venue not included in this data pack.","","","FIFA / UEFA standings matrix as mirrored in Wikipedia","https://en.wikipedia.org/wiki/2026_FIFA_World_Cup_qualification_(UEFA)","",""
"UEFA_R1_GH_SMR_AUT","UEFA_R1","UEFA","UEFA_GRP_H","","109","","SMR","San Marino","SMR","SM","210","AUT","Austria","AUT","AT","22","0","4","","","AUT","Group-stage score from final standings matrix; exact date/venue not included in this data pack.","","","FIFA / UEFA standings matrix as mirrored in Wikipedia","https://en.wikipedia.org/wiki/2026_FIFA_World_Cup_qualification_(UEFA)","",""
"UEFA_R1_GH_SMR_BIH","UEFA_R1","UEFA","UEFA_GRP_H","","110","","SMR","San Marino","SMR","SM","210","BIH","Bosnia and Herzegovina","BIH","BA","74","0","6","","","BIH","Group-stage score from final standings matrix; exact date/venue not included in this data pack.","","","FIFA / UEFA standings matrix as mirrored in Wikipedia","https://en.wikipedia.org/wiki/2026_FIFA_World_Cup_qualification_(UEFA)","",""
"UEFA_R1_GH_SMR_ROU","UEFA_R1","UEFA","UEFA_GRP_H","","111","","SMR","San Marino","SMR","SM","210","ROU","Romania","ROU","RO","38","1","5","","","ROU","Group-stage score from final standings matrix; exact date/venue not included in this data pack.","","","FIFA / UEFA standings matrix as mirrored in Wikipedia","https://en.wikipedia.org/wiki/2026_FIFA_World_Cup_qualification_(UEFA)","",""
"UEFA_R1_GH_SMR_CYP","UEFA_R1","UEFA","UEFA_GRP_H","","112","","SMR","San Marino","SMR","SM","210","CYP","Cyprus","CYP","CY","130","0","4","","","CYP","Group-stage score from final standings matrix; exact date/venue not included in this data pack.","","","FIFA / UEFA standings matrix as mirrored in Wikipedia","https://en.wikipedia.org/wiki/2026_FIFA_World_Cup_qualification_(UEFA)","",""
"UEFA_R1_GI_NOR_ITA","UEFA_R1","UEFA","UEFA_GRP_I","","113","","NOR","Norway","NOR","NO","43","ITA","Italy","ITA","IT","9","3","0","","","NOR","Group-stage score from final standings matrix; exact date/venue not included in this data pack.","","","FIFA / UEFA standings matrix as mirrored in Wikipedia","https://en.wikipedia.org/wiki/2026_FIFA_World_Cup_qualification_(UEFA)","",""
"UEFA_R1_GI_NOR_ISR","UEFA_R1","UEFA","UEFA_GRP_I","","114","","NOR","Norway","NOR","NO","43","ISR","Israel","ISR","IL","76","5","0","","","NOR","Group-stage score from final standings matrix; exact date/venue not included in this data pack.","","","FIFA / UEFA standings matrix as mirrored in Wikipedia","https://en.wikipedia.org/wiki/2026_FIFA_World_Cup_qualification_(UEFA)","",""
"UEFA_R1_GI_NOR_EST","UEFA_R1","UEFA","UEFA_GRP_I","","115","","NOR","Norway","NOR","NO","43","EST","Estonia","EST","EE","123","4","1","","","NOR","Group-stage score from final standings matrix; exact date/venue not included in this data pack.","","","FIFA / UEFA standings matrix as mirrored in Wikipedia","https://en.wikipedia.org/wiki/2026_FIFA_World_Cup_qualification_(UEFA)","",""
"UEFA_R1_GI_NOR_MDA","UEFA_R1","UEFA","UEFA_GRP_I","","116","","NOR","Norway","NOR","NO","43","MDA","Moldova","MDA","MD","151","11","1","","","NOR","Group-stage score from final standings matrix; exact date/venue not included in this data pack.","","","FIFA / UEFA standings matrix as mirrored in Wikipedia","https://en.wikipedia.org/wiki/2026_FIFA_World_Cup_qualification_(UEFA)","",""
"UEFA_R1_GI_ITA_NOR","UEFA_R1","UEFA","UEFA_GRP_I","","117","","ITA","Italy","ITA","IT","9","NOR","Norway","NOR","NO","43","1","4","","","NOR","Group-stage score from final standings matrix; exact date/venue not included in this data pack.","","","FIFA / UEFA standings matrix as mirrored in Wikipedia","https://en.wikipedia.org/wiki/2026_FIFA_World_Cup_qualification_(UEFA)","",""
"UEFA_R1_GI_ITA_ISR","UEFA_R1","UEFA","UEFA_GRP_I","","118","","ITA","Italy","ITA","IT","9","ISR","Israel","ISR","IL","76","3","0","","","ITA","Group-stage score from final standings matrix; exact date/venue not included in this data pack.","","","FIFA / UEFA standings matrix as mirrored in Wikipedia","https://en.wikipedia.org/wiki/2026_FIFA_World_Cup_qualification_(UEFA)","",""
"UEFA_R1_GI_ITA_EST","UEFA_R1","UEFA","UEFA_GRP_I","","119","","ITA","Italy","ITA","IT","9","EST","Estonia","EST","EE","123","5","0","","","ITA","Group-stage score from final standings matrix; exact date/venue not included in this data pack.","","","FIFA / UEFA standings matrix as mirrored in Wikipedia","https://en.wikipedia.org/wiki/2026_FIFA_World_Cup_qualification_(UEFA)","",""
"UEFA_R1_GI_ITA_MDA","UEFA_R1","UEFA","UEFA_GRP_I","","120","","ITA","Italy","ITA","IT","9","MDA","Moldova","MDA","MD","151","2","0","","","ITA","Group-stage score from final standings matrix; exact date/venue not included in this data pack.","","","FIFA / UEFA standings matrix as mirrored in Wikipedia","https://en.wikipedia.org/wiki/2026_FIFA_World_Cup_qualification_(UEFA)","",""
"UEFA_R1_GI_ISR_NOR","UEFA_R1","UEFA","UEFA_GRP_I","","121","","ISR","Israel","ISR","IL","76","NOR","Norway","NOR","NO","43","2","4","","","NOR","Group-stage score from final standings matrix; exact date/venue not included in this data pack.","","","FIFA / UEFA standings matrix as mirrored in Wikipedia","https://en.wikipedia.org/wiki/2026_FIFA_World_Cup_qualification_(UEFA)","",""
"UEFA_R1_GI_ISR_ITA","UEFA_R1","UEFA","UEFA_GRP_I","","122","","ISR","Israel","ISR","IL","76","ITA","Italy","ITA","IT","9","4","5","","","ITA","Group-stage score from final standings matrix; exact date/venue not included in this data pack.","","","FIFA / UEFA standings matrix as mirrored in Wikipedia","https://en.wikipedia.org/wiki/2026_FIFA_World_Cup_qualification_(UEFA)","",""
"UEFA_R1_GI_ISR_EST","UEFA_R1","UEFA","UEFA_GRP_I","","123","","ISR","Israel","ISR","IL","76","EST","Estonia","EST","EE","123","2","1","","","ISR","Group-stage score from final standings matrix; exact date/venue not included in this data pack.","","","FIFA / UEFA standings matrix as mirrored in Wikipedia","https://en.wikipedia.org/wiki/2026_FIFA_World_Cup_qualification_(UEFA)","",""
"UEFA_R1_GI_ISR_MDA","UEFA_R1","UEFA","UEFA_GRP_I","","124","","ISR","Israel","ISR","IL","76","MDA","Moldova","MDA","MD","151","4","1","","","ISR","Group-stage score from final standings matrix; exact date/venue not included in this data pack.","","","FIFA / UEFA standings matrix as mirrored in Wikipedia","https://en.wikipedia.org/wiki/2026_FIFA_World_Cup_qualification_(UEFA)","",""
"UEFA_R1_GI_EST_NOR","UEFA_R1","UEFA","UEFA_GRP_I","","125","","EST","Estonia","EST","EE","123","NOR","Norway","NOR","NO","43","0","1","","","NOR","Group-stage score from final standings matrix; exact date/venue not included in this data pack.","","","FIFA / UEFA standings matrix as mirrored in Wikipedia","https://en.wikipedia.org/wiki/2026_FIFA_World_Cup_qualification_(UEFA)","",""
"UEFA_R1_GI_EST_ITA","UEFA_R1","UEFA","UEFA_GRP_I","","126","","EST","Estonia","EST","EE","123","ITA","Italy","ITA","IT","9","1","3","","","ITA","Group-stage score from final standings matrix; exact date/venue not included in this data pack.","","","FIFA / UEFA standings matrix as mirrored in Wikipedia","https://en.wikipedia.org/wiki/2026_FIFA_World_Cup_qualification_(UEFA)","",""
"UEFA_R1_GI_EST_ISR","UEFA_R1","UEFA","UEFA_GRP_I","","127","","EST","Estonia","EST","EE","123","ISR","Israel","ISR","IL","76","1","3","","","ISR","Group-stage score from final standings matrix; exact date/venue not included in this data pack.","","","FIFA / UEFA standings matrix as mirrored in Wikipedia","https://en.wikipedia.org/wiki/2026_FIFA_World_Cup_qualification_(UEFA)","",""
"UEFA_R1_GI_EST_MDA","UEFA_R1","UEFA","UEFA_GRP_I","","128","","EST","Estonia","EST","EE","123","MDA","Moldova","MDA","MD","151","1","1","","","","Group-stage score from final standings matrix; exact date/venue not included in this data pack.","","","FIFA / UEFA standings matrix as mirrored in Wikipedia","https://en.wikipedia.org/wiki/2026_FIFA_World_Cup_qualification_(UEFA)","",""
"UEFA_R1_GI_MDA_NOR","UEFA_R1","UEFA","UEFA_GRP_I","","129","","MDA","Moldova","MDA","MD","151","NOR","Norway","NOR","NO","43","0","5","","","NOR","Group-stage score from final standings matrix; exact date/venue not included in this data pack.","","","FIFA / UEFA standings matrix as mirrored in Wikipedia","https://en.wikipedia.org/wiki/2026_FIFA_World_Cup_qualification_(UEFA)","",""
"UEFA_R1_GI_MDA_ITA","UEFA_R1","UEFA","UEFA_GRP_I","","130","","MDA","Moldova","MDA","MD","151","ITA","Italy","ITA","IT","9","0","2","","","ITA","Group-stage score from final standings matrix; exact date/venue not included in this data pack.","","","FIFA / UEFA standings matrix as mirrored in Wikipedia","https://en.wikipedia.org/wiki/2026_FIFA_World_Cup_qualification_(UEFA)","",""
"UEFA_R1_GI_MDA_ISR","UEFA_R1","UEFA","UEFA_GRP_I","","131","","MDA","Moldova","MDA","MD","151","ISR","Israel","ISR","IL","76","0","4","","","ISR","Group-stage score from final standings matrix; exact date/venue not included in this data pack.","","","FIFA / UEFA standings matrix as mirrored in Wikipedia","https://en.wikipedia.org/wiki/2026_FIFA_World_Cup_qualification_(UEFA)","",""
"UEFA_R1_GI_MDA_EST","UEFA_R1","UEFA","UEFA_GRP_I","","132","","MDA","Moldova","MDA","MD","151","EST","Estonia","EST","EE","123","2","3","","","EST","Group-stage score from final standings matrix; exact date/venue not included in this data pack.","","","FIFA / UEFA standings matrix as mirrored in Wikipedia","https://en.wikipedia.org/wiki/2026_FIFA_World_Cup_qualification_(UEFA)","",""
"UEFA_R1_GJ_BEL_WAL","UEFA_R1","UEFA","UEFA_GRP_J","","133","","BEL","Belgium","BEL","BE","8","WAL","Wales","WAL","GB-WLS","29","4","3","","","BEL","Group-stage score from final standings matrix; exact date/venue not included in this data pack.","","","FIFA / UEFA standings matrix as mirrored in Wikipedia","https://en.wikipedia.org/wiki/2026_FIFA_World_Cup_qualification_(UEFA)","",""
"UEFA_R1_GJ_BEL_MKD","UEFA_R1","UEFA","UEFA_GRP_J","","134","","BEL","Belgium","BEL","BE","8","MKD","North Macedonia","MKD","MK","67","0","0","","","","Group-stage score from final standings matrix; exact date/venue not included in this data pack.","","","FIFA / UEFA standings matrix as mirrored in Wikipedia","https://en.wikipedia.org/wiki/2026_FIFA_World_Cup_qualification_(UEFA)","",""
"UEFA_R1_GJ_BEL_KAZ","UEFA_R1","UEFA","UEFA_GRP_J","","135","","BEL","Belgium","BEL","BE","8","KAZ","Kazakhstan","KAZ","KZ","110","6","0","","","BEL","Group-stage score from final standings matrix; exact date/venue not included in this data pack.","","","FIFA / UEFA standings matrix as mirrored in Wikipedia","https://en.wikipedia.org/wiki/2026_FIFA_World_Cup_qualification_(UEFA)","",""
"UEFA_R1_GJ_BEL_LIE","UEFA_R1","UEFA","UEFA_GRP_J","","136","","BEL","Belgium","BEL","BE","8","LIE","Liechtenstein","LIE","LI","204","7","0","","","BEL","Group-stage score from final standings matrix; exact date/venue not included in this data pack.","","","FIFA / UEFA standings matrix as mirrored in Wikipedia","https://en.wikipedia.org/wiki/2026_FIFA_World_Cup_qualification_(UEFA)","",""
"UEFA_R1_GJ_WAL_BEL","UEFA_R1","UEFA","UEFA_GRP_J","","137","","WAL","Wales","WAL","GB-WLS","29","BEL","Belgium","BEL","BE","8","2","4","","","BEL","Group-stage score from final standings matrix; exact date/venue not included in this data pack.","","","FIFA / UEFA standings matrix as mirrored in Wikipedia","https://en.wikipedia.org/wiki/2026_FIFA_World_Cup_qualification_(UEFA)","",""
"UEFA_R1_GJ_WAL_MKD","UEFA_R1","UEFA","UEFA_GRP_J","","138","","WAL","Wales","WAL","GB-WLS","29","MKD","North Macedonia","MKD","MK","67","7","1","","","WAL","Group-stage score from final standings matrix; exact date/venue not included in this data pack.","","","FIFA / UEFA standings matrix as mirrored in Wikipedia","https://en.wikipedia.org/wiki/2026_FIFA_World_Cup_qualification_(UEFA)","",""
"UEFA_R1_GJ_WAL_KAZ","UEFA_R1","UEFA","UEFA_GRP_J","","139","","WAL","Wales","WAL","GB-WLS","29","KAZ","Kazakhstan","KAZ","KZ","110","3","1","","","WAL","Group-stage score from final standings matrix; exact date/venue not included in this data pack.","","","FIFA / UEFA standings matrix as mirrored in Wikipedia","https://en.wikipedia.org/wiki/2026_FIFA_World_Cup_qualification_(UEFA)","",""
"UEFA_R1_GJ_WAL_LIE","UEFA_R1","UEFA","UEFA_GRP_J","","140","","WAL","Wales","WAL","GB-WLS","29","LIE","Liechtenstein","LIE","LI","204","3","0","","","WAL","Group-stage score from final standings matrix; exact date/venue not included in this data pack.","","","FIFA / UEFA standings matrix as mirrored in Wikipedia","https://en.wikipedia.org/wiki/2026_FIFA_World_Cup_qualification_(UEFA)","",""
"UEFA_R1_GJ_MKD_BEL","UEFA_R1","UEFA","UEFA_GRP_J","","141","","MKD","North Macedonia","MKD","MK","67","BEL","Belgium","BEL","BE","8","1","1","","","","Group-stage score from final standings matrix; exact date/venue not included in this data pack.","","","FIFA / UEFA standings matrix as mirrored in Wikipedia","https://en.wikipedia.org/wiki/2026_FIFA_World_Cup_qualification_(UEFA)","",""
"UEFA_R1_GJ_MKD_WAL","UEFA_R1","UEFA","UEFA_GRP_J","","142","","MKD","North Macedonia","MKD","MK","67","WAL","Wales","WAL","GB-WLS","29","1","1","","","","Group-stage score from final standings matrix; exact date/venue not included in this data pack.","","","FIFA / UEFA standings matrix as mirrored in Wikipedia","https://en.wikipedia.org/wiki/2026_FIFA_World_Cup_qualification_(UEFA)","",""
"UEFA_R1_GJ_MKD_KAZ","UEFA_R1","UEFA","UEFA_GRP_J","","143","","MKD","North Macedonia","MKD","MK","67","KAZ","Kazakhstan","KAZ","KZ","110","1","1","","","","Group-stage score from final standings matrix; exact date/venue not included in this data pack.","","","FIFA / UEFA standings matrix as mirrored in Wikipedia","https://en.wikipedia.org/wiki/2026_FIFA_World_Cup_qualification_(UEFA)","",""
"UEFA_R1_GJ_MKD_LIE","UEFA_R1","UEFA","UEFA_GRP_J","","144","","MKD","North Macedonia","MKD","MK","67","LIE","Liechtenstein","LIE","LI","204","5","0","","","MKD","Group-stage score from final standings matrix; exact date/venue not included in this data pack.","","","FIFA / UEFA standings matrix as mirrored in Wikipedia","https://en.wikipedia.org/wiki/2026_FIFA_World_Cup_qualification_(UEFA)","",""
"UEFA_R1_GJ_KAZ_BEL","UEFA_R1","UEFA","UEFA_GRP_J","","145","","KAZ","Kazakhstan","KAZ","KZ","110","BEL","Belgium","BEL","BE","8","1","1","","","","Group-stage score from final standings matrix; exact date/venue not included in this data pack.","","","FIFA / UEFA standings matrix as mirrored in Wikipedia","https://en.wikipedia.org/wiki/2026_FIFA_World_Cup_qualification_(UEFA)","",""
"UEFA_R1_GJ_KAZ_WAL","UEFA_R1","UEFA","UEFA_GRP_J","","146","","KAZ","Kazakhstan","KAZ","KZ","110","WAL","Wales","WAL","GB-WLS","29","0","1","","","WAL","Group-stage score from final standings matrix; exact date/venue not included in this data pack.","","","FIFA / UEFA standings matrix as mirrored in Wikipedia","https://en.wikipedia.org/wiki/2026_FIFA_World_Cup_qualification_(UEFA)","",""
"UEFA_R1_GJ_KAZ_MKD","UEFA_R1","UEFA","UEFA_GRP_J","","147","","KAZ","Kazakhstan","KAZ","KZ","110","MKD","North Macedonia","MKD","MK","67","0","1","","","MKD","Group-stage score from final standings matrix; exact date/venue not included in this data pack.","","","FIFA / UEFA standings matrix as mirrored in Wikipedia","https://en.wikipedia.org/wiki/2026_FIFA_World_Cup_qualification_(UEFA)","",""
"UEFA_R1_GJ_KAZ_LIE","UEFA_R1","UEFA","UEFA_GRP_J","","148","","KAZ","Kazakhstan","KAZ","KZ","110","LIE","Liechtenstein","LIE","LI","204","4","0","","","KAZ","Group-stage score from final standings matrix; exact date/venue not included in this data pack.","","","FIFA / UEFA standings matrix as mirrored in Wikipedia","https://en.wikipedia.org/wiki/2026_FIFA_World_Cup_qualification_(UEFA)","",""
"UEFA_R1_GJ_LIE_BEL","UEFA_R1","UEFA","UEFA_GRP_J","","149","","LIE","Liechtenstein","LIE","LI","204","BEL","Belgium","BEL","BE","8","0","6","","","BEL","Group-stage score from final standings matrix; exact date/venue not included in this data pack.","","","FIFA / UEFA standings matrix as mirrored in Wikipedia","https://en.wikipedia.org/wiki/2026_FIFA_World_Cup_qualification_(UEFA)","",""
"UEFA_R1_GJ_LIE_WAL","UEFA_R1","UEFA","UEFA_GRP_J","","150","","LIE","Liechtenstein","LIE","LI","204","WAL","Wales","WAL","GB-WLS","29","0","1","","","WAL","Group-stage score from final standings matrix; exact date/venue not included in this data pack.","","","FIFA / UEFA standings matrix as mirrored in Wikipedia","https://en.wikipedia.org/wiki/2026_FIFA_World_Cup_qualification_(UEFA)","",""
"UEFA_R1_GJ_LIE_MKD","UEFA_R1","UEFA","UEFA_GRP_J","","151","","LIE","Liechtenstein","LIE","LI","204","MKD","North Macedonia","MKD","MK","67","0","3","","","MKD","Group-stage score from final standings matrix; exact date/venue not included in this data pack.","","","FIFA / UEFA standings matrix as mirrored in Wikipedia","https://en.wikipedia.org/wiki/2026_FIFA_World_Cup_qualification_(UEFA)","",""
"UEFA_R1_GJ_LIE_KAZ","UEFA_R1","UEFA","UEFA_GRP_J","","152","","LIE","Liechtenstein","LIE","LI","204","KAZ","Kazakhstan","KAZ","KZ","110","0","2","","","KAZ","Group-stage score from final standings matrix; exact date/venue not included in this data pack.","","","FIFA / UEFA standings matrix as mirrored in Wikipedia","https://en.wikipedia.org/wiki/2026_FIFA_World_Cup_qualification_(UEFA)","",""
"UEFA_R1_GK_ENG_ALB","UEFA_R1","UEFA","UEFA_GRP_K","","153","","ENG","England","ENG","GB-ENG","4","ALB","Albania","ALB","AL","65","2","0","","","ENG","Group-stage score from final standings matrix; exact date/venue not included in this data pack.","","","FIFA / UEFA standings matrix as mirrored in Wikipedia","https://en.wikipedia.org/wiki/2026_FIFA_World_Cup_qualification_(UEFA)","",""
"UEFA_R1_GK_ENG_SRB","UEFA_R1","UEFA","UEFA_GRP_K","","154","","ENG","England","ENG","GB-ENG","4","SRB","Serbia","SRB","RS","32","2","0","","","ENG","Group-stage score from final standings matrix; exact date/venue not included in this data pack.","","","FIFA / UEFA standings matrix as mirrored in Wikipedia","https://en.wikipedia.org/wiki/2026_FIFA_World_Cup_qualification_(UEFA)","",""
"UEFA_R1_GK_ENG_LVA","UEFA_R1","UEFA","UEFA_GRP_K","","155","","ENG","England","ENG","GB-ENG","4","LVA","Latvia","LVA","LV","140","3","0","","","ENG","Group-stage score from final standings matrix; exact date/venue not included in this data pack.","","","FIFA / UEFA standings matrix as mirrored in Wikipedia","https://en.wikipedia.org/wiki/2026_FIFA_World_Cup_qualification_(UEFA)","",""
"UEFA_R1_GK_ENG_AND","UEFA_R1","UEFA","UEFA_GRP_K","","156","","ENG","England","ENG","GB-ENG","4","AND","Andorra","AND","AD","171","2","0","","","ENG","Group-stage score from final standings matrix; exact date/venue not included in this data pack.","","","FIFA / UEFA standings matrix as mirrored in Wikipedia","https://en.wikipedia.org/wiki/2026_FIFA_World_Cup_qualification_(UEFA)","",""
"UEFA_R1_GK_ALB_ENG","UEFA_R1","UEFA","UEFA_GRP_K","","157","","ALB","Albania","ALB","AL","65","ENG","England","ENG","GB-ENG","4","0","2","","","ENG","Group-stage score from final standings matrix; exact date/venue not included in this data pack.","","","FIFA / UEFA standings matrix as mirrored in Wikipedia","https://en.wikipedia.org/wiki/2026_FIFA_World_Cup_qualification_(UEFA)","",""
"UEFA_R1_GK_ALB_SRB","UEFA_R1","UEFA","UEFA_GRP_K","","158","","ALB","Albania","ALB","AL","65","SRB","Serbia","SRB","RS","32","0","0","","","","Group-stage score from final standings matrix; exact date/venue not included in this data pack.","","","FIFA / UEFA standings matrix as mirrored in Wikipedia","https://en.wikipedia.org/wiki/2026_FIFA_World_Cup_qualification_(UEFA)","",""
"UEFA_R1_GK_ALB_LVA","UEFA_R1","UEFA","UEFA_GRP_K","","159","","ALB","Albania","ALB","AL","65","LVA","Latvia","LVA","LV","140","1","0","","","ALB","Group-stage score from final standings matrix; exact date/venue not included in this data pack.","","","FIFA / UEFA standings matrix as mirrored in Wikipedia","https://en.wikipedia.org/wiki/2026_FIFA_World_Cup_qualification_(UEFA)","",""
"UEFA_R1_GK_ALB_AND","UEFA_R1","UEFA","UEFA_GRP_K","","160","","ALB","Albania","ALB","AL","65","AND","Andorra","AND","AD","171","3","0","","","ALB","Group-stage score from final standings matrix; exact date/venue not included in this data pack.","","","FIFA / UEFA standings matrix as mirrored in Wikipedia","https://en.wikipedia.org/wiki/2026_FIFA_World_Cup_qualification_(UEFA)","",""
"UEFA_R1_GK_SRB_ENG","UEFA_R1","UEFA","UEFA_GRP_K","","161","","SRB","Serbia","SRB","RS","32","ENG","England","ENG","GB-ENG","4","0","5","","","ENG","Group-stage score from final standings matrix; exact date/venue not included in this data pack.","","","FIFA / UEFA standings matrix as mirrored in Wikipedia","https://en.wikipedia.org/wiki/2026_FIFA_World_Cup_qualification_(UEFA)","",""
"UEFA_R1_GK_SRB_ALB","UEFA_R1","UEFA","UEFA_GRP_K","","162","","SRB","Serbia","SRB","RS","32","ALB","Albania","ALB","AL","65","0","1","","","ALB","Group-stage score from final standings matrix; exact date/venue not included in this data pack.","","","FIFA / UEFA standings matrix as mirrored in Wikipedia","https://en.wikipedia.org/wiki/2026_FIFA_World_Cup_qualification_(UEFA)","",""
"UEFA_R1_GK_SRB_LVA","UEFA_R1","UEFA","UEFA_GRP_K","","163","","SRB","Serbia","SRB","RS","32","LVA","Latvia","LVA","LV","140","2","1","","","SRB","Group-stage score from final standings matrix; exact date/venue not included in this data pack.","","","FIFA / UEFA standings matrix as mirrored in Wikipedia","https://en.wikipedia.org/wiki/2026_FIFA_World_Cup_qualification_(UEFA)","",""
"UEFA_R1_GK_SRB_AND","UEFA_R1","UEFA","UEFA_GRP_K","","164","","SRB","Serbia","SRB","RS","32","AND","Andorra","AND","AD","171","3","0","","","SRB","Group-stage score from final standings matrix; exact date/venue not included in this data pack.","","","FIFA / UEFA standings matrix as mirrored in Wikipedia","https://en.wikipedia.org/wiki/2026_FIFA_World_Cup_qualification_(UEFA)","",""
"UEFA_R1_GK_LVA_ENG","UEFA_R1","UEFA","UEFA_GRP_K","","165","","LVA","Latvia","LVA","LV","140","ENG","England","ENG","GB-ENG","4","0","5","","","ENG","Group-stage score from final standings matrix; exact date/venue not included in this data pack.","","","FIFA / UEFA standings matrix as mirrored in Wikipedia","https://en.wikipedia.org/wiki/2026_FIFA_World_Cup_qualification_(UEFA)","",""
"UEFA_R1_GK_LVA_ALB","UEFA_R1","UEFA","UEFA_GRP_K","","166","","LVA","Latvia","LVA","LV","140","ALB","Albania","ALB","AL","65","1","1","","","","Group-stage score from final standings matrix; exact date/venue not included in this data pack.","","","FIFA / UEFA standings matrix as mirrored in Wikipedia","https://en.wikipedia.org/wiki/2026_FIFA_World_Cup_qualification_(UEFA)","",""
"UEFA_R1_GK_LVA_SRB","UEFA_R1","UEFA","UEFA_GRP_K","","167","","LVA","Latvia","LVA","LV","140","SRB","Serbia","SRB","RS","32","0","1","","","SRB","Group-stage score from final standings matrix; exact date/venue not included in this data pack.","","","FIFA / UEFA standings matrix as mirrored in Wikipedia","https://en.wikipedia.org/wiki/2026_FIFA_World_Cup_qualification_(UEFA)","",""
"UEFA_R1_GK_LVA_AND","UEFA_R1","UEFA","UEFA_GRP_K","","168","","LVA","Latvia","LVA","LV","140","AND","Andorra","AND","AD","171","2","2","","","","Group-stage score from final standings matrix; exact date/venue not included in this data pack.","","","FIFA / UEFA standings matrix as mirrored in Wikipedia","https://en.wikipedia.org/wiki/2026_FIFA_World_Cup_qualification_(UEFA)","",""
"UEFA_R1_GK_AND_ENG","UEFA_R1","UEFA","UEFA_GRP_K","","169","","AND","Andorra","AND","AD","171","ENG","England","ENG","GB-ENG","4","0","1","","","ENG","Group-stage score from final standings matrix; exact date/venue not included in this data pack.","","","FIFA / UEFA standings matrix as mirrored in Wikipedia","https://en.wikipedia.org/wiki/2026_FIFA_World_Cup_qualification_(UEFA)","",""
"UEFA_R1_GK_AND_ALB","UEFA_R1","UEFA","UEFA_GRP_K","","170","","AND","Andorra","AND","AD","171","ALB","Albania","ALB","AL","65","0","1","","","ALB","Group-stage score from final standings matrix; exact date/venue not included in this data pack.","","","FIFA / UEFA standings matrix as mirrored in Wikipedia","https://en.wikipedia.org/wiki/2026_FIFA_World_Cup_qualification_(UEFA)","",""
"UEFA_R1_GK_AND_SRB","UEFA_R1","UEFA","UEFA_GRP_K","","171","","AND","Andorra","AND","AD","171","SRB","Serbia","SRB","RS","32","1","3","","","SRB","Group-stage score from final standings matrix; exact date/venue not included in this data pack.","","","FIFA / UEFA standings matrix as mirrored in Wikipedia","https://en.wikipedia.org/wiki/2026_FIFA_World_Cup_qualification_(UEFA)","",""
"UEFA_R1_GK_AND_LVA","UEFA_R1","UEFA","UEFA_GRP_K","","172","","AND","Andorra","AND","AD","171","LVA","Latvia","LVA","LV","140","0","1","","","LVA","Group-stage score from final standings matrix; exact date/venue not included in this data pack.","","","FIFA / UEFA standings matrix as mirrored in Wikipedia","https://en.wikipedia.org/wiki/2026_FIFA_World_Cup_qualification_(UEFA)","",""
"UEFA_R1_GL_CRO_CZE","UEFA_R1","UEFA","UEFA_GRP_L","","173","","CRO","Croatia","CRO","HR","13","CZE","Czech Republic","CZE","CZ","42","5","1","","","CRO","Group-stage score from final standings matrix; exact date/venue not included in this data pack.","","","FIFA / UEFA standings matrix as mirrored in Wikipedia","https://en.wikipedia.org/wiki/2026_FIFA_World_Cup_qualification_(UEFA)","",""
"UEFA_R1_GL_CRO_FRO","UEFA_R1","UEFA","UEFA_GRP_L","","174","","CRO","Croatia","CRO","HR","13","FRO","Faroe Islands","FRO","FO","137","3","1","","","CRO","Group-stage score from final standings matrix; exact date/venue not included in this data pack.","","","FIFA / UEFA standings matrix as mirrored in Wikipedia","https://en.wikipedia.org/wiki/2026_FIFA_World_Cup_qualification_(UEFA)","",""
"UEFA_R1_GL_CRO_MNE","UEFA_R1","UEFA","UEFA_GRP_L","","175","","CRO","Croatia","CRO","HR","13","MNE","Montenegro","MNE","ME","73","4","0","","","CRO","Group-stage score from final standings matrix; exact date/venue not included in this data pack.","","","FIFA / UEFA standings matrix as mirrored in Wikipedia","https://en.wikipedia.org/wiki/2026_FIFA_World_Cup_qualification_(UEFA)","",""
"UEFA_R1_GL_CRO_GIB","UEFA_R1","UEFA","UEFA_GRP_L","","176","","CRO","Croatia","CRO","HR","13","GIB","Gibraltar","GIB","GI","197","3","0","","","CRO","Group-stage score from final standings matrix; exact date/venue not included in this data pack.","","","FIFA / UEFA standings matrix as mirrored in Wikipedia","https://en.wikipedia.org/wiki/2026_FIFA_World_Cup_qualification_(UEFA)","",""
"UEFA_R1_GL_CZE_CRO","UEFA_R1","UEFA","UEFA_GRP_L","","177","","CZE","Czech Republic","CZE","CZ","42","CRO","Croatia","CRO","HR","13","0","0","","","","Group-stage score from final standings matrix; exact date/venue not included in this data pack.","","","FIFA / UEFA standings matrix as mirrored in Wikipedia","https://en.wikipedia.org/wiki/2026_FIFA_World_Cup_qualification_(UEFA)","",""
"UEFA_R1_GL_CZE_FRO","UEFA_R1","UEFA","UEFA_GRP_L","","178","","CZE","Czech Republic","CZE","CZ","42","FRO","Faroe Islands","FRO","FO","137","2","1","","","CZE","Group-stage score from final standings matrix; exact date/venue not included in this data pack.","","","FIFA / UEFA standings matrix as mirrored in Wikipedia","https://en.wikipedia.org/wiki/2026_FIFA_World_Cup_qualification_(UEFA)","",""
"UEFA_R1_GL_CZE_MNE","UEFA_R1","UEFA","UEFA_GRP_L","","179","","CZE","Czech Republic","CZE","CZ","42","MNE","Montenegro","MNE","ME","73","2","0","","","CZE","Group-stage score from final standings matrix; exact date/venue not included in this data pack.","","","FIFA / UEFA standings matrix as mirrored in Wikipedia","https://en.wikipedia.org/wiki/2026_FIFA_World_Cup_qualification_(UEFA)","",""
"UEFA_R1_GL_CZE_GIB","UEFA_R1","UEFA","UEFA_GRP_L","","180","","CZE","Czech Republic","CZE","CZ","42","GIB","Gibraltar","GIB","GI","197","6","0","","","CZE","Group-stage score from final standings matrix; exact date/venue not included in this data pack.","","","FIFA / UEFA standings matrix as mirrored in Wikipedia","https://en.wikipedia.org/wiki/2026_FIFA_World_Cup_qualification_(UEFA)","",""
"UEFA_R1_GL_FRO_CRO","UEFA_R1","UEFA","UEFA_GRP_L","","181","","FRO","Faroe Islands","FRO","FO","137","CRO","Croatia","CRO","HR","13","0","1","","","CRO","Group-stage score from final standings matrix; exact date/venue not included in this data pack.","","","FIFA / UEFA standings matrix as mirrored in Wikipedia","https://en.wikipedia.org/wiki/2026_FIFA_World_Cup_qualification_(UEFA)","",""
"UEFA_R1_GL_FRO_CZE","UEFA_R1","UEFA","UEFA_GRP_L","","182","","FRO","Faroe Islands","FRO","FO","137","CZE","Czech Republic","CZE","CZ","42","2","1","","","FRO","Group-stage score from final standings matrix; exact date/venue not included in this data pack.","","","FIFA / UEFA standings matrix as mirrored in Wikipedia","https://en.wikipedia.org/wiki/2026_FIFA_World_Cup_qualification_(UEFA)","",""
"UEFA_R1_GL_FRO_MNE","UEFA_R1","UEFA","UEFA_GRP_L","","183","","FRO","Faroe Islands","FRO","FO","137","MNE","Montenegro","MNE","ME","73","4","0","","","FRO","Group-stage score from final standings matrix; exact date/venue not included in this data pack.","","","FIFA / UEFA standings matrix as mirrored in Wikipedia","https://en.wikipedia.org/wiki/2026_FIFA_World_Cup_qualification_(UEFA)","",""
"UEFA_R1_GL_FRO_GIB","UEFA_R1","UEFA","UEFA_GRP_L","","184","","FRO","Faroe Islands","FRO","FO","137","GIB","Gibraltar","GIB","GI","197","2","1","","","FRO","Group-stage score from final standings matrix; exact date/venue not included in this data pack.","","","FIFA / UEFA standings matrix as mirrored in Wikipedia","https://en.wikipedia.org/wiki/2026_FIFA_World_Cup_qualification_(UEFA)","",""
"UEFA_R1_GL_MNE_CRO","UEFA_R1","UEFA","UEFA_GRP_L","","185","","MNE","Montenegro","MNE","ME","73","CRO","Croatia","CRO","HR","13","2","3","","","CRO","Group-stage score from final standings matrix; exact date/venue not included in this data pack.","","","FIFA / UEFA standings matrix as mirrored in Wikipedia","https://en.wikipedia.org/wiki/2026_FIFA_World_Cup_qualification_(UEFA)","",""
"UEFA_R1_GL_MNE_CZE","UEFA_R1","UEFA","UEFA_GRP_L","","186","","MNE","Montenegro","MNE","ME","73","CZE","Czech Republic","CZE","CZ","42","0","2","","","CZE","Group-stage score from final standings matrix; exact date/venue not included in this data pack.","","","FIFA / UEFA standings matrix as mirrored in Wikipedia","https://en.wikipedia.org/wiki/2026_FIFA_World_Cup_qualification_(UEFA)","",""
"UEFA_R1_GL_MNE_FRO","UEFA_R1","UEFA","UEFA_GRP_L","","187","","MNE","Montenegro","MNE","ME","73","FRO","Faroe Islands","FRO","FO","137","1","0","","","MNE","Group-stage score from final standings matrix; exact date/venue not included in this data pack.","","","FIFA / UEFA standings matrix as mirrored in Wikipedia","https://en.wikipedia.org/wiki/2026_FIFA_World_Cup_qualification_(UEFA)","",""
"UEFA_R1_GL_MNE_GIB","UEFA_R1","UEFA","UEFA_GRP_L","","188","","MNE","Montenegro","MNE","ME","73","GIB","Gibraltar","GIB","GI","197","3","1","","","MNE","Group-stage score from final standings matrix; exact date/venue not included in this data pack.","","","FIFA / UEFA standings matrix as mirrored in Wikipedia","https://en.wikipedia.org/wiki/2026_FIFA_World_Cup_qualification_(UEFA)","",""
"UEFA_R1_GL_GIB_CRO","UEFA_R1","UEFA","UEFA_GRP_L","","189","","GIB","Gibraltar","GIB","GI","197","CRO","Croatia","CRO","HR","13","0","7","","","CRO","Group-stage score from final standings matrix; exact date/venue not included in this data pack.","","","FIFA / UEFA standings matrix as mirrored in Wikipedia","https://en.wikipedia.org/wiki/2026_FIFA_World_Cup_qualification_(UEFA)","",""
"UEFA_R1_GL_GIB_CZE","UEFA_R1","UEFA","UEFA_GRP_L","","190","","GIB","Gibraltar","GIB","GI","197","CZE","Czech Republic","CZE","CZ","42","0","4","","","CZE","Group-stage score from final standings matrix; exact date/venue not included in this data pack.","","","FIFA / UEFA standings matrix as mirrored in Wikipedia","https://en.wikipedia.org/wiki/2026_FIFA_World_Cup_qualification_(UEFA)","",""
"UEFA_R1_GL_GIB_FRO","UEFA_R1","UEFA","UEFA_GRP_L","","191","","GIB","Gibraltar","GIB","GI","197","FRO","Faroe Islands","FRO","FO","137","0","1","","","FRO","Group-stage score from final standings matrix; exact date/venue not included in this data pack.","","","FIFA / UEFA standings matrix as mirrored in Wikipedia","https://en.wikipedia.org/wiki/2026_FIFA_World_Cup_qualification_(UEFA)","",""
"UEFA_R1_GL_GIB_MNE","UEFA_R1","UEFA","UEFA_GRP_L","","192","","GIB","Gibraltar","GIB","GI","197","MNE","Montenegro","MNE","ME","73","1","2","","","MNE","Group-stage score from final standings matrix; exact date/venue not included in this data pack.","","","FIFA / UEFA standings matrix as mirrored in Wikipedia","https://en.wikipedia.org/wiki/2026_FIFA_World_Cup_qualification_(UEFA)","",""
"UEFA_R2_PATH_A_SF1","UEFA_R2","UEFA","","UEFA_PATH_A","193","2026-03-26","ITA","Italy","ITA","IT","9","NIR","Northern Ireland","NIR","GB-NIR","71","2","0","","","ITA","UEFA play-off semi-final","","","UEFA play-off results","https://en.wikipedia.org/wiki/2026_FIFA_World_Cup_qualification_%E2%80%93_UEFA_second_round","",""
"UEFA_R2_PATH_A_SF2","UEFA_R2","UEFA","","UEFA_PATH_A","194","2026-03-26","WAL","Wales","WAL","GB-WLS","29","BIH","Bosnia and Herzegovina","BIH","BA","74","1","1","true","2-4","BIH","UEFA play-off semi-final; decided on penalties (2-4).","","","UEFA play-off results","https://en.wikipedia.org/wiki/2026_FIFA_World_Cup_qualification_%E2%80%93_UEFA_second_round","",""
"UEFA_R2_PATH_A_FINAL","UEFA_R2","UEFA","","UEFA_PATH_A","195","2026-03-31","BIH","Bosnia and Herzegovina","BIH","BA","74","ITA","Italy","ITA","IT","9","1","1","true","4-1","BIH","UEFA play-off final; decided on penalties (4-1).","","","UEFA play-off results","https://en.wikipedia.org/wiki/2026_FIFA_World_Cup_qualification_%E2%80%93_UEFA_second_round","",""
"UEFA_R2_PATH_B_SF1","UEFA_R2","UEFA","","UEFA_PATH_B","196","2026-03-26","UKR","Ukraine","UKR","UA","25","SWE","Sweden","SWE","SE","27","1","3","","","SWE","UEFA play-off semi-final","","","UEFA play-off results","https://en.wikipedia.org/wiki/2026_FIFA_World_Cup_qualification_%E2%80%93_UEFA_second_round","",""
"UEFA_R2_PATH_B_SF2","UEFA_R2","UEFA","","UEFA_PATH_B","197","2026-03-26","POL","Poland","POL","PL","35","ALB","Albania","ALB","AL","65","2","1","","","POL","UEFA play-off semi-final","","","UEFA play-off results","https://en.wikipedia.org/wiki/2026_FIFA_World_Cup_qualification_%E2%80%93_UEFA_second_round","",""
"UEFA_R2_PATH_B_FINAL","UEFA_R2","UEFA","","UEFA_PATH_B","198","2026-03-31","SWE","Sweden","SWE","SE","27","POL","Poland","POL","PL","35","3","2","","","SWE","UEFA play-off final","","","UEFA play-off results","https://en.wikipedia.org/wiki/2026_FIFA_World_Cup_qualification_%E2%80%93_UEFA_second_round","",""
"UEFA_R2_PATH_C_SF1","UEFA_R2","UEFA","","UEFA_PATH_C","199","2026-03-26","TUR","Turkey","TUR","TR","28","ROU","Romania","ROU","RO","38","1","0","","","TUR","UEFA play-off semi-final","","","UEFA play-off results","https://en.wikipedia.org/wiki/2026_FIFA_World_Cup_qualification_%E2%80%93_UEFA_second_round","",""
"UEFA_R2_PATH_C_SF2","UEFA_R2","UEFA","","UEFA_PATH_C","200","2026-03-26","SVK","Slovakia","SVK","SK","41","KVX","Kosovo","KVX","XK","99","3","4","","","KVX","UEFA play-off semi-final","","","UEFA play-off results","https://en.wikipedia.org/wiki/2026_FIFA_World_Cup_qualification_%E2%80%93_UEFA_second_round","",""
"UEFA_R2_PATH_C_FINAL","UEFA_R2","UEFA","","UEFA_PATH_C","201","2026-03-31","KVX","Kosovo","KVX","XK","99","TUR","Turkey","TUR","TR","28","0","1","","","TUR","UEFA play-off final","","","UEFA play-off results","https://en.wikipedia.org/wiki/2026_FIFA_World_Cup_qualification_%E2%80%93_UEFA_second_round","",""
"UEFA_R2_PATH_D_SF1","UEFA_R2","UEFA","","UEFA_PATH_D","202","2026-03-26","DEN","Denmark","DEN","DK","21","MKD","North Macedonia","MKD","MK","67","4","0","","","DEN","UEFA play-off semi-final","","","UEFA play-off results","https://en.wikipedia.org/wiki/2026_FIFA_World_Cup_qualification_%E2%80%93_UEFA_second_round","",""
"UEFA_R2_PATH_D_SF2","UEFA_R2","UEFA","","UEFA_PATH_D","203","2026-03-26","CZE","Czech Republic","CZE","CZ","42","IRL","Republic of Ireland","IRL","IE","60","2","2","true","4-3","CZE","UEFA play-off semi-final; decided on penalties (4-3).","","","UEFA play-off results","https://en.wikipedia.org/wiki/2026_FIFA_World_Cup_qualification_%E2%80%93_UEFA_second_round","",""
"UEFA_R2_PATH_D_FINAL","UEFA_R2","UEFA","","UEFA_PATH_D","204","2026-03-31","CZE","Czech Republic","CZE","CZ","42","DEN","Denmark","DEN","DK","21","2","2","true","3-1","CZE","UEFA play-off final; decided on penalties (3-1).","","","UEFA play-off results","https://en.wikipedia.org/wiki/2026_FIFA_World_Cup_qualification_%E2%80%93_UEFA_second_round","",""
